"area_id","manzana_label","mza","sexo_hombre","sexo_mujer","tipoviv_casa_independiente","tipoviv_departamento_en_edificio","tipoviv_vivienda_en_casa_de_vecindad_callej_n_solar_o_corral_n_","tipoviv_vivienda_improvisada","tipoviv_viviendas_colectivas","tipoviv_vivienda_en_quinta","tipoviv_local_no_destinado_para_habitaci_n_humana","tipoviv_otro_tipo_de_vivienda_particular","ocup_ocupada_con_personas_presentes","ocup_ocupada_con_personas_ausentes","ocup_ocupada_de_uso_ocasional","ocup_desocupada_otra_causa","ocup_desocupada_abandonada_o_cerrada","ocup_desocupada_en_construcci_n_o_reparaci_n","ocup_desocupada_en_alquiler_o_venta","tenencia_alquilada","tenencia_propia_sin_t_tulo_de_propiedad","tenencia_propia_con_t_tulo_de_propiedad","tenencia_cedida","tenencia_otra_forma","habitaciones_promedio","viviendas_con_dato_habitaciones","personas_hogar_promedio","hogares_con_dato","poblacion_total","pct_hombres","viviendas_con_tenencia","pct_alquiler","hacinamiento_proxy"
"07010100010010000100","070101000100100001 , Callao,Callao,Callao,Centro Poblado: Callao,Mza: 001","001",221,171,114,2,2,2,4,0,0,0,112,2,5,1,0,0,0,42,27,40,3,0,3,112,3,119,392,56.4,112,37.5,1
"07010100010010000200","070101000100100002 , Callao,Callao,Callao,Centro Poblado: Callao,Mza: 002","002",61,44,27,0,0,0,0,0,0,0,27,0,0,0,0,0,0,2,24,1,0,0,3,27,4,27,105,58.1,27,7.4,1.33
"07010100010010000201","070101000100100002A, Callao,Callao,Callao,Centro Poblado: Callao,Mza: 002A","002A",53,47,24,0,0,0,0,0,0,0,23,1,0,0,0,0,0,0,23,0,0,0,3,23,4,23,100,53,23,0,1.33
"07010100010010000300","070101000100100003 , Callao,Callao,Callao,Centro Poblado: Callao,Mza: 003","003",27,24,17,0,0,0,0,0,0,0,16,1,0,0,0,0,0,0,6,9,1,0,2,16,3,16,51,52.9,16,0,1.5
"07010100010010000400","070101000100100004 , Callao,Callao,Callao,Centro Poblado: Callao,Mza: 004","004",21,26,9,0,0,0,0,0,0,0,9,0,0,0,0,0,0,0,1,8,0,0,2,9,4,11,47,44.7,9,0,2
"07010100010010000500","070101000100100005 , Callao,Callao,Callao,Centro Poblado: Callao,Mza: 005","005",60,60,28,2,0,0,0,0,0,0,29,0,0,0,1,0,0,3,1,24,1,0,3,29,4,31,120,50,29,10.3,1.33
"07010100010010000601","070101000100100006A, Callao,Callao,Callao,Centro Poblado: Callao,Mza: 006A","006A",21,15,8,0,0,0,0,0,0,0,8,0,0,0,0,0,0,0,0,8,0,0,3,8,4,8,36,58.3,8,0,1.33
"07010100010010000800","070101000100100008 , Callao,Callao,Callao,Centro Poblado: Callao,Mza: 008","008",44,50,20,0,0,0,0,0,0,0,18,1,1,0,0,0,0,0,3,15,0,0,2,18,4,21,94,46.8,18,0,2
"07010100010010000900","070101000100100009 , Callao,Callao,Callao,Centro Poblado: Callao,Mza: 009","009",32,34,15,0,0,0,0,0,0,0,14,0,1,0,0,0,0,0,3,11,0,0,2,14,4,16,66,48.5,14,0,2
"07010100010010001000","070101000100100010 , Callao,Callao,Callao,Centro Poblado: Callao,Mza: 010","010",32,37,14,0,0,0,0,0,0,0,14,0,0,0,0,0,0,0,0,14,0,0,3,14,5,15,69,46.4,14,0,1.67
"07010100010010001100","070101000100100011 , Callao,Callao,Callao,Centro Poblado: Callao,Mza: 011","011",14,27,12,0,0,0,0,0,0,0,9,0,0,0,2,1,0,0,1,5,3,0,2,9,4,10,41,34.1,9,0,2
"07010100010010001200","070101000100100012 , Callao,Callao,Callao,Centro Poblado: Callao,Mza: 012","012",16,17,8,0,0,0,0,0,0,0,6,1,0,0,1,0,0,0,1,5,0,0,4,6,5,7,33,48.5,6,0,1.25
"07010100010010001301","070101000100100013A, Callao,Callao,Callao,Centro Poblado: Callao,Mza: 013A","013A",35,28,14,0,0,0,0,0,0,0,14,0,0,0,0,0,0,0,14,0,0,0,2,14,4,14,63,55.6,14,0,2
"07010100010010001900","070101000100100019 , Callao,Callao,Callao,Centro Poblado: Callao,Mza: 019","019",43,42,26,0,0,0,0,0,0,0,20,3,0,0,3,0,0,5,1,13,1,0,3,20,4,21,85,50.6,20,25,1.33
"07010100010010002100","070101000100100021 , Callao,Callao,Callao,Centro Poblado: Callao,Mza: 021","021",25,22,10,0,0,0,0,0,0,0,9,0,1,0,0,0,0,0,0,9,0,0,4,9,5,10,47,53.2,9,0,1.25
"07010100010010002200","070101000100100022 , Callao,Callao,Callao,Centro Poblado: Callao,Mza: 022","022",46,40,26,0,0,0,0,0,0,0,22,2,1,0,1,0,0,4,0,17,1,0,3,22,3,27,86,53.5,22,18.2,1
"07010100010010002300","070101000100100023 , Callao,Callao,Callao,Centro Poblado: Callao,Mza: 023","023",53,45,25,0,0,0,0,0,0,0,22,2,0,0,1,0,0,1,3,15,3,0,2,22,4,25,98,54.1,22,4.5,2
"07010100010010002400","070101000100100024 , Callao,Callao,Callao,Centro Poblado: Callao,Mza: 024","024",108,95,60,0,0,0,0,0,0,0,51,8,1,0,0,0,0,6,1,37,7,0,3,51,4,56,203,53.2,51,11.8,1.33
"07010100010010002500","070101000100100025 , Callao,Callao,Callao,Centro Poblado: Callao,Mza: 025","025",51,55,32,0,0,0,0,0,0,0,25,2,4,0,1,0,0,4,2,15,4,0,3,25,4,30,106,48.1,25,16,1.33
"07010100010010002600","070101000100100026 , Callao,Callao,Callao,Centro Poblado: Callao,Mza: 026","026",60,60,34,0,0,0,0,0,0,0,26,3,1,0,4,0,0,4,1,20,1,0,4,26,4,29,120,50,26,15.4,1
"07010100010010002700","070101000100100027 , Callao,Callao,Callao,Centro Poblado: Callao,Mza: 027","027",48,51,38,0,0,0,0,0,0,0,26,2,9,0,1,0,0,3,9,13,1,0,3,26,4,26,99,48.5,26,11.5,1.33
"07010100010010002900","070101000100100029 , Callao,Callao,Callao,Centro Poblado: Callao,Mza: 029","029",21,17,12,3,0,0,0,0,0,0,14,1,0,0,0,0,0,3,1,6,4,0,2,14,3,15,38,55.3,14,21.4,1.5
"07010100010010003000","070101000100100030 , Callao,Callao,Callao,Centro Poblado: Callao,Mza: 030","030",73,81,33,9,0,0,0,0,0,0,34,2,5,0,1,0,0,5,2,27,0,0,4,34,4,40,154,47.4,34,14.7,1
"07010100010010003100","070101000100100031 , Callao,Callao,Callao,Centro Poblado: Callao,Mza: 031","031",68,60,34,1,0,0,0,0,0,0,30,0,2,0,2,1,0,11,0,17,1,1,3,30,4,36,128,53.1,30,36.7,1.33
"07010100010010003200","070101000100100032 , Callao,Callao,Callao,Centro Poblado: Callao,Mza: 032","032",60,49,26,3,0,0,0,0,0,0,25,1,1,0,0,0,2,6,10,4,5,0,3,25,4,29,109,55,25,24,1.33
"07010100010010003300","070101000100100033 , Callao,Callao,Callao,Centro Poblado: Callao,Mza: 033","033",66,77,37,0,0,0,0,0,0,0,35,0,0,0,2,0,0,10,8,15,2,0,3,35,4,40,143,46.2,35,28.6,1.33
"07010100010010003400","070101000100100034 , Callao,Callao,Callao,Centro Poblado: Callao,Mza: 034","034",59,62,25,8,0,0,0,0,0,0,32,0,0,0,1,0,0,9,0,17,6,0,4,32,3,38,121,48.8,32,28.1,0.75
"07010100010010003500","070101000100100035 , Callao,Callao,Callao,Centro Poblado: Callao,Mza: 035","035",69,59,47,7,0,0,0,0,0,0,44,4,0,0,0,0,6,20,2,21,1,0,2,44,3,46,128,53.9,44,45.5,1.5
"07010100010010003600","070101000100100036 , Callao,Callao,Callao,Centro Poblado: Callao,Mza: 036","036",67,59,33,0,0,0,0,0,0,0,27,1,1,0,1,0,3,3,0,18,6,0,3,27,4,31,126,53.2,27,11.1,1.33
"07010100010010003800","070101000100100038 , Callao,Callao,Callao,Centro Poblado: Callao,Mza: 038","038",67,52,41,0,0,0,0,0,0,0,37,1,2,0,0,0,1,11,1,23,2,0,3,37,3,38,119,56.3,37,29.7,1
"07010100010010003900","070101000100100039 , Callao,Callao,Callao,Centro Poblado: Callao,Mza: 039","039",91,77,30,8,0,0,0,0,0,0,34,1,0,1,1,0,1,7,0,23,4,0,4,34,4,42,168,54.2,34,20.6,1
"07010100010010004000","070101000100100040 , Callao,Callao,Callao,Centro Poblado: Callao,Mza: 040","040",29,31,14,0,0,0,0,0,0,0,14,0,0,0,0,0,0,0,1,13,0,0,3,14,4,14,60,48.3,14,0,1.33
"07010100010010004100","070101000100100041 , Callao,Callao,Callao,Centro Poblado: Callao,Mza: 041","041",88,98,50,2,0,0,1,0,0,0,50,2,0,0,0,0,0,8,6,35,1,0,3,50,4,51,186,47.3,50,16,1.33
"07010100010010004200","070101000100100042 , Callao,Callao,Callao,Centro Poblado: Callao,Mza: 042","042",72,73,30,2,0,0,0,0,0,0,29,2,1,0,0,0,0,9,0,20,0,0,4,29,4,33,145,49.7,29,31,1
"07010100010010004300","070101000100100043 , Callao,Callao,Callao,Centro Poblado: Callao,Mza: 043","043",96,93,31,6,0,0,0,0,0,0,35,0,0,0,1,0,1,5,6,22,2,0,3,35,4,42,189,50.8,35,14.3,1.33
"07010100010010004400","070101000100100044 , Callao,Callao,Callao,Centro Poblado: Callao,Mza: 044","044",82,81,30,0,0,0,0,0,0,0,29,1,0,0,0,0,0,2,1,26,0,0,4,29,5,36,163,50.3,29,6.9,1.25
"07010100010010004500","070101000100100045 , Callao,Callao,Callao,Centro Poblado: Callao,Mza: 045","045",79,85,28,2,0,0,0,0,0,0,30,0,0,0,0,0,0,7,0,22,1,0,4,30,4,39,164,48.2,30,23.3,1
"07010100010010004600","070101000100100046 , Callao,Callao,Callao,Centro Poblado: Callao,Mza: 046","046",65,60,26,0,0,0,0,0,0,0,26,0,0,0,0,0,0,2,0,20,4,0,4,26,4,32,125,52,26,7.7,1
"07010100010010004700","070101000100100047 , Callao,Callao,Callao,Centro Poblado: Callao,Mza: 047","047",41,52,22,0,0,0,0,0,0,0,21,1,0,0,0,0,0,4,2,14,1,0,3,21,4,24,93,44.1,21,19,1.33
"07010100010010004800","070101000100100048 , Callao,Callao,Callao,Centro Poblado: Callao,Mza: 048","048",18,13,7,0,0,0,0,0,0,0,7,0,0,0,0,0,0,0,0,7,0,0,4,7,4,7,31,58.1,7,0,1
"07010100010010004900","070101000100100049 , Callao,Callao,Callao,Centro Poblado: Callao,Mza: 049","049",39,43,14,0,0,0,0,0,0,0,14,0,0,0,0,0,0,0,0,14,0,0,4,14,6,14,82,47.6,14,0,1.5
"07010100010010005000","070101000100100050 , Callao,Callao,Callao,Centro Poblado: Callao,Mza: 050","050",108,79,36,13,0,0,0,0,0,0,45,4,0,0,0,0,0,9,1,29,6,0,4,45,4,50,187,57.8,45,20,1
"07010100010010005100","070101000100100051 , Callao,Callao,Callao,Centro Poblado: Callao,Mza: 051","051",65,57,33,0,0,0,0,0,0,0,29,2,2,0,0,0,0,3,2,24,0,0,4,29,4,31,122,53.3,29,10.3,1
"07010100010010005200","070101000100100052 , Callao,Callao,Callao,Centro Poblado: Callao,Mza: 052","052",27,36,15,0,0,0,0,0,0,0,11,0,2,2,0,0,0,1,0,10,0,0,4,11,5,13,63,42.9,11,9.1,1.25
"07010100010010005401","070101000100100054A, Callao,Callao,Callao,Centro Poblado: Callao,Mza: 054A","054A",79,68,31,2,0,0,1,0,0,0,31,1,1,0,0,0,0,1,2,26,2,0,3,31,3,41,147,53.7,31,3.2,1
"07010100010010005500","070101000100100055 , Callao,Callao,Callao,Centro Poblado: Callao,Mza: 055","055",62,58,29,0,0,0,0,0,0,0,29,0,0,0,0,0,0,2,0,26,1,0,4,29,4,31,120,51.7,29,6.9,1
"07010100010010005600","070101000100100056 , Callao,Callao,Callao,Centro Poblado: Callao,Mza: 056","056",55,66,26,0,0,0,0,0,0,0,24,0,2,0,0,0,0,1,1,22,0,0,4,24,4,33,121,45.5,24,4.2,1
"07010100010010005700","070101000100100057 , Callao,Callao,Callao,Centro Poblado: Callao,Mza: 057","057",71,72,32,0,0,0,0,0,0,0,30,1,1,0,0,0,0,4,3,22,1,0,4,30,4,35,143,49.7,30,13.3,1
"07010100010010005900","070101000100100059 , Callao,Callao,Callao,Centro Poblado: Callao,Mza: 059","059",31,32,17,0,0,0,0,0,0,0,15,2,0,0,0,0,0,0,14,1,0,0,2,15,4,16,63,49.2,15,0,2
"07010100010010006000","070101000100100060 , Callao,Callao,Callao,Centro Poblado: Callao,Mza: 060","060",23,28,11,0,0,0,0,0,0,0,9,1,1,0,0,0,0,0,2,6,1,0,4,9,5,11,51,45.1,9,0,1.25
"07010100010010088888","0701010001001008888, Callao,Callao,Callao,Centro Poblado: Callao,Mza: 8888","8888",33,26,24,0,0,0,0,0,0,0,20,1,0,0,1,0,2,6,0,14,0,0,2,20,3,23,59,55.9,20,30,1.5
"07010100010020000100","070101000100200001 , Callao,Callao,Callao,Centro Poblado: Callao,Mza: 001","001",27,17,14,0,0,0,0,0,0,0,14,0,0,0,0,0,0,0,5,0,9,0,3,14,3,14,44,61.4,14,0,1
"07010100010020000200","070101000100200002 , Callao,Callao,Callao,Centro Poblado: Callao,Mza: 002","002",14,16,9,0,0,0,0,0,0,0,9,0,0,0,0,0,0,0,2,7,0,0,3,9,3,9,30,46.7,9,0,1
"07010100010020000201","070101000100200002A, Callao,Callao,Callao,Centro Poblado: Callao,Mza: 002A","002A",17,15,9,0,0,0,0,0,0,0,9,0,0,0,0,0,0,2,2,4,1,0,3,9,4,9,32,53.1,9,22.2,1.33
"07010100010020000301","070101000100200003A, Callao,Callao,Callao,Centro Poblado: Callao,Mza: 003A","003A",24,22,14,0,0,0,0,0,0,0,14,0,0,0,0,0,0,2,1,10,1,0,3,14,3,14,46,52.2,14,14.3,1
"07010100010020000700","070101000100200007 , Callao,Callao,Callao,Centro Poblado: Callao,Mza: 007","007",73,78,30,0,0,0,0,0,0,0,29,0,0,0,0,1,0,5,2,18,4,0,3,29,4,34,151,48.3,29,17.2,1.33
"07010100010020000800","070101000100200008 , Callao,Callao,Callao,Centro Poblado: Callao,Mza: 008","008",55,63,34,0,0,0,0,0,0,0,32,1,0,0,0,1,0,8,0,19,5,0,3,32,4,32,118,46.6,32,25,1.33
"07010100010020000900","070101000100200009 , Callao,Callao,Callao,Centro Poblado: Callao,Mza: 009","009",42,46,30,0,0,0,1,2,0,0,23,1,5,1,2,0,0,7,4,12,0,0,3,23,3,24,88,47.7,23,30.4,1
"07010100010020001000","070101000100200010 , Callao,Callao,Callao,Centro Poblado: Callao,Mza: 010","010",63,70,45,0,0,0,0,0,0,0,36,2,6,0,1,0,0,11,1,16,8,0,3,36,4,37,133,47.4,36,30.6,1.33
"07010100010020001100","070101000100200011 , Callao,Callao,Callao,Centro Poblado: Callao,Mza: 011","011",101,116,33,0,0,0,0,0,0,0,33,0,0,0,0,0,0,9,0,19,5,0,4,33,4,50,217,46.5,33,27.3,1
"07010100010020001200","070101000100200012 , Callao,Callao,Callao,Centro Poblado: Callao,Mza: 012","012",107,113,43,0,0,0,0,0,0,0,39,1,3,0,0,0,0,2,2,33,2,0,4,39,4,53,220,48.6,39,5.1,1
"07010100010020001800","070101000100200018 , Callao,Callao,Callao,Centro Poblado: Callao,Mza: 018","018",89,88,37,0,0,0,0,0,0,0,36,0,0,0,1,0,0,14,0,21,1,0,4,36,4,44,177,50.3,36,38.9,1
"07010100010020001900","070101000100200019 , Callao,Callao,Callao,Centro Poblado: Callao,Mza: 019","019",58,65,28,4,0,0,0,0,0,0,31,0,0,0,0,1,0,12,1,17,1,0,4,31,3,36,123,47.2,31,38.7,0.75
"07010100010020002000","070101000100200020 , Callao,Callao,Callao,Centro Poblado: Callao,Mza: 020","020",59,73,31,0,0,0,0,0,0,0,31,0,0,0,0,0,0,4,1,20,6,0,4,31,4,34,132,44.7,31,12.9,1
"07010100010020002100","070101000100200021 , Callao,Callao,Callao,Centro Poblado: Callao,Mza: 021","021",72,53,23,0,0,0,0,0,0,0,22,0,0,0,0,1,0,4,0,18,0,0,4,22,5,24,125,57.6,22,18.2,1.25
"07010100010020002400","070101000100200024 , Callao,Callao,Callao,Centro Poblado: Callao,Mza: 024","024",60,66,22,0,2,0,0,0,0,0,24,0,0,0,0,0,0,6,0,17,1,0,3,24,5,25,126,47.6,24,25,1.67
"07010100010020002500","070101000100200025 , Callao,Callao,Callao,Centro Poblado: Callao,Mza: 025","025",64,75,30,0,0,0,0,0,0,0,28,2,0,0,0,0,0,10,3,15,0,0,4,28,5,29,139,46,28,35.7,1.25
"07010100010020002600","070101000100200026 , Callao,Callao,Callao,Centro Poblado: Callao,Mza: 026","026",65,64,28,0,0,0,0,0,0,0,25,1,2,0,0,0,0,4,0,19,2,0,4,25,5,27,129,50.4,25,16,1.25
"07010100010020002700","070101000100200027 , Callao,Callao,Callao,Centro Poblado: Callao,Mza: 027","027",47,85,33,0,0,0,0,0,0,0,32,0,0,0,1,0,0,0,2,29,1,0,4,32,4,33,132,35.6,32,0,1
"07010100010020002800","070101000100200028 , Callao,Callao,Callao,Centro Poblado: Callao,Mza: 028","028",63,69,31,2,0,0,0,0,0,0,29,1,2,0,1,0,0,5,1,21,2,0,4,29,4,33,132,47.7,29,17.2,1
"07010100010020002900","070101000100200029 , Callao,Callao,Callao,Centro Poblado: Callao,Mza: 029","029",74,79,30,0,0,0,0,0,0,0,29,1,0,0,0,0,0,0,5,19,5,0,3,29,4,36,153,48.4,29,0,1.33
"07010100010020003200","070101000100200032 , Callao,Callao,Callao,Centro Poblado: Callao,Mza: 032","032",69,70,29,0,0,0,0,0,0,0,27,1,0,0,1,0,0,2,2,22,1,0,4,27,4,33,139,49.6,27,7.4,1
"07010100010020003300","070101000100200033 , Callao,Callao,Callao,Centro Poblado: Callao,Mza: 033","033",56,71,30,0,0,0,0,0,0,0,29,1,0,0,0,0,0,1,3,17,8,0,4,29,4,32,127,44.1,29,3.4,1
"07010100010020003400","070101000100200034 , Callao,Callao,Callao,Centro Poblado: Callao,Mza: 034","034",74,66,25,3,0,0,0,0,0,0,28,0,0,0,0,0,0,2,1,24,1,0,5,28,4,40,140,52.9,28,7.1,0.8
"07010100010020003600","070101000100200036 , Callao,Callao,Callao,Centro Poblado: Callao,Mza: 036","036",26,22,10,0,0,0,0,0,0,0,9,0,0,0,1,0,0,0,0,7,2,0,3,9,4,11,48,54.2,9,0,1.33
"07010100010020003700","070101000100200037 , Callao,Callao,Callao,Centro Poblado: Callao,Mza: 037","037",23,23,10,0,0,0,0,0,0,0,10,0,0,0,0,0,0,1,0,9,0,0,3,10,5,10,46,50,10,10,1.67
"07010100010020003800","070101000100200038 , Callao,Callao,Callao,Centro Poblado: Callao,Mza: 038","038",81,54,30,0,0,0,0,0,0,0,28,2,0,0,0,0,0,3,2,20,3,0,3,28,4,37,135,60,28,10.7,1.33
"07010100010020003900","070101000100200039 , Callao,Callao,Callao,Centro Poblado: Callao,Mza: 039","039",82,90,32,0,0,0,0,0,0,0,31,1,0,0,0,0,0,9,0,22,0,0,3,31,5,36,172,47.7,31,29,1.67
"07010100010020004000","070101000100200040 , Callao,Callao,Callao,Centro Poblado: Callao,Mza: 040","040",66,74,34,0,0,0,0,0,0,0,32,2,0,0,0,0,0,4,2,25,1,0,4,32,4,33,140,47.1,32,12.5,1
"07010100010020004100","070101000100200041 , Callao,Callao,Callao,Centro Poblado: Callao,Mza: 041","041",91,74,32,3,0,0,0,0,0,0,33,0,0,1,1,0,0,3,0,26,4,0,3,33,4,37,165,55.2,33,9.1,1.33
"07010100010020004200","070101000100200042 , Callao,Callao,Callao,Centro Poblado: Callao,Mza: 042","042",47,70,15,11,0,0,0,0,0,0,25,1,0,0,0,0,0,1,2,21,1,0,4,25,4,28,117,40.2,25,4,1
"07010100010020004300","070101000100200043 , Callao,Callao,Callao,Centro Poblado: Callao,Mza: 043","043",84,82,21,0,0,0,0,0,0,0,20,1,0,0,0,0,0,5,2,13,0,0,5,20,5,36,166,50.6,20,25,1
"07010100010020004400","070101000100200044 , Callao,Callao,Callao,Centro Poblado: Callao,Mza: 044","044",59,57,28,0,0,0,0,0,0,0,24,2,2,0,0,0,0,13,0,8,3,0,4,24,4,32,116,50.9,24,54.2,1
"07010100010020004500","070101000100200045 , Callao,Callao,Callao,Centro Poblado: Callao,Mza: 045","045",111,93,31,12,0,0,0,0,0,0,39,2,2,0,0,0,0,6,8,22,3,0,4,39,4,55,204,54.4,39,15.4,1
"07010100010020004600","070101000100200046 , Callao,Callao,Callao,Centro Poblado: Callao,Mza: 046","046",71,80,24,6,0,0,0,0,0,0,30,0,0,0,0,0,0,5,3,18,3,1,3,30,4,34,151,47,30,16.7,1.33
"07010100010020004700","070101000100200047 , Callao,Callao,Callao,Centro Poblado: Callao,Mza: 047","047",82,81,25,0,0,0,0,0,0,0,25,0,0,0,0,0,0,6,0,19,0,0,3,25,4,39,163,50.3,25,24,1.33
"07010100010020004800","070101000100200048 , Callao,Callao,Callao,Centro Poblado: Callao,Mza: 048","048",52,62,22,2,0,0,0,0,0,0,21,1,0,1,0,1,0,3,1,15,2,0,4,21,5,24,114,45.6,21,14.3,1.25
"07010100010020004900","070101000100200049 , Callao,Callao,Callao,Centro Poblado: Callao,Mza: 049","049",68,78,35,0,0,0,0,0,0,0,32,1,0,0,0,2,0,2,2,19,9,0,3,32,4,38,146,46.6,32,6.2,1.33
"07010100010020005000","070101000100200050 , Callao,Callao,Callao,Centro Poblado: Callao,Mza: 050","050",79,73,33,0,0,0,0,0,0,0,33,0,0,0,0,0,0,0,1,26,6,0,4,33,4,39,152,52,33,0,1
"07010100010020005101","070101000100200051A, Callao,Callao,Callao,Centro Poblado: Callao,Mza: 051A","051A",97,84,31,6,0,0,0,0,0,0,34,3,0,0,0,0,0,4,4,24,2,0,4,34,4,44,181,53.6,34,11.8,1
"07010100010020005200","070101000100200052 , Callao,Callao,Callao,Centro Poblado: Callao,Mza: 052","052",45,43,18,0,0,0,0,0,0,0,17,0,0,0,1,0,0,2,1,14,0,0,4,17,5,19,88,51.1,17,11.8,1.25
"07010100010020005300","070101000100200053 , Callao,Callao,Callao,Centro Poblado: Callao,Mza: 053","053",74,69,39,0,0,0,0,0,0,0,39,0,0,0,0,0,0,1,37,1,0,0,2,39,4,40,143,51.7,39,2.6,2
"07010100010020005400","070101000100200054 , Callao,Callao,Callao,Centro Poblado: Callao,Mza: 054","054",28,26,10,0,0,0,0,0,1,0,11,0,0,0,0,0,0,1,4,6,0,0,3,11,5,11,54,51.9,11,9.1,1.67
"07010100010020088888","0701010001002008888, Callao,Callao,Callao,Centro Poblado: Callao,Mza: 8888","8888",37,44,26,0,0,0,0,0,0,0,23,1,2,0,0,0,0,3,3,15,2,0,3,23,4,23,81,45.7,23,13,1.33
"07010100010030000100","070101000100300001 , Callao,Callao,Callao,Centro Poblado: Callao,Mza: 001","001",21,21,12,0,0,0,0,0,0,0,12,0,0,0,0,0,0,0,12,0,0,0,2,12,4,12,42,50,12,0,2
"07010100010030000200","070101000100300002 , Callao,Callao,Callao,Centro Poblado: Callao,Mza: 002","002",15,16,6,0,0,0,0,0,0,0,6,0,0,0,0,0,0,0,6,0,0,0,3,6,5,6,31,48.4,6,0,1.67
"07010100010030000300","070101000100300003 , Callao,Callao,Callao,Centro Poblado: Callao,Mza: 003","003",58,52,19,0,0,0,0,0,0,0,19,0,0,0,0,0,0,1,2,14,2,0,3,19,4,26,110,52.7,19,5.3,1.33
"07010100010030000400","070101000100300004 , Callao,Callao,Callao,Centro Poblado: Callao,Mza: 004","004",38,51,20,0,0,0,0,0,0,0,20,0,0,0,0,0,0,5,2,13,0,0,4,20,4,24,89,42.7,20,25,1
"07010100010030000500","070101000100300005 , Callao,Callao,Callao,Centro Poblado: Callao,Mza: 005","005",48,38,17,0,0,0,1,0,0,0,17,0,0,0,0,0,0,1,3,11,2,0,4,17,3,24,86,55.8,17,5.9,0.75
"07010100010030000600","070101000100300006 , Callao,Callao,Callao,Centro Poblado: Callao,Mza: 006","006",49,46,17,0,0,0,0,0,0,0,17,0,0,0,0,0,0,0,1,15,1,0,3,17,5,19,95,51.6,17,0,1.67
"07010100010030000700","070101000100300007 , Callao,Callao,Callao,Centro Poblado: Callao,Mza: 007","007",30,36,18,0,0,0,0,0,0,0,15,0,3,0,0,0,0,0,3,12,0,0,3,15,4,16,66,45.5,15,0,1.33
"07010100010030000800","070101000100300008 , Callao,Callao,Callao,Centro Poblado: Callao,Mza: 008","008",60,71,33,0,0,0,0,0,0,0,33,0,0,0,0,0,0,0,6,24,3,0,3,33,4,34,131,45.8,33,0,1.33
"07010100010030000900","070101000100300009 , Callao,Callao,Callao,Centro Poblado: Callao,Mza: 009","009",63,71,28,0,0,0,0,0,0,0,27,1,0,0,0,0,0,2,7,16,1,1,3,27,4,30,134,47,27,7.4,1.33
"07010100010030001000","070101000100300010 , Callao,Callao,Callao,Centro Poblado: Callao,Mza: 010","010",43,26,11,0,0,0,0,0,0,0,11,0,0,0,0,0,0,0,0,11,0,0,3,11,5,14,69,62.3,11,0,1.67
"07010100010030001100","070101000100300011 , Callao,Callao,Callao,Centro Poblado: Callao,Mza: 011","011",65,50,22,0,0,0,0,0,0,0,22,0,0,0,0,0,0,2,0,19,1,0,4,22,4,26,115,56.5,22,9.1,1
"07010100010030001200","070101000100300012 , Callao,Callao,Callao,Centro Poblado: Callao,Mza: 012","012",40,57,23,0,0,0,0,0,0,0,21,0,0,0,2,0,0,1,1,19,0,0,4,21,4,23,97,41.2,21,4.8,1
"07010100010030001300","070101000100300013 , Callao,Callao,Callao,Centro Poblado: Callao,Mza: 013","013",42,38,20,0,0,0,0,0,0,0,18,0,0,0,2,0,0,1,1,16,0,0,4,18,4,19,80,52.5,18,5.6,1
"07010100010030001400","070101000100300014 , Callao,Callao,Callao,Centro Poblado: Callao,Mza: 014","014",54,47,18,0,0,0,0,0,0,0,18,0,0,0,0,0,0,0,4,14,0,0,5,18,5,21,101,53.5,18,0,1
"07010100010030001500","070101000100300015 , Callao,Callao,Callao,Centro Poblado: Callao,Mza: 015","015",19,26,12,0,0,0,0,0,0,0,10,0,0,2,0,0,0,0,1,9,0,0,4,10,4,12,45,42.2,10,0,1
"07010100010030001600","070101000100300016 , Callao,Callao,Callao,Centro Poblado: Callao,Mza: 016","016",34,26,12,0,0,0,0,0,0,0,10,0,0,2,0,0,0,1,0,9,0,0,5,10,4,16,60,56.7,10,10,0.8
"07010100010030001700","070101000100300017 , Callao,Callao,Callao,Centro Poblado: Callao,Mza: 017","017",52,63,22,0,0,0,0,0,0,0,21,1,0,0,0,0,0,3,0,18,0,0,4,21,4,29,115,45.2,21,14.3,1
"07010100010030001800","070101000100300018 , Callao,Callao,Callao,Centro Poblado: Callao,Mza: 018","018",66,70,22,0,0,0,1,0,0,0,22,0,0,0,0,0,0,4,1,16,1,0,4,22,4,36,136,48.5,22,18.2,1
"07010100010030001900","070101000100300019 , Callao,Callao,Callao,Centro Poblado: Callao,Mza: 019","019",62,42,23,0,0,0,0,0,0,0,22,1,0,0,0,0,0,0,1,18,3,0,4,22,4,29,104,59.6,22,0,1
"07010100010030002000","070101000100300020 , Callao,Callao,Callao,Centro Poblado: Callao,Mza: 020","020",80,83,23,0,0,0,0,0,0,0,22,0,0,0,1,0,0,4,0,18,0,0,5,22,4,37,163,49.1,22,18.2,0.8
"07010100010030002100","070101000100300021 , Callao,Callao,Callao,Centro Poblado: Callao,Mza: 021","021",68,61,19,0,2,0,0,0,0,0,21,0,0,0,0,0,0,0,1,19,1,0,4,21,4,30,129,52.7,21,0,1
"07010100010030002200","070101000100300022 , Callao,Callao,Callao,Centro Poblado: Callao,Mza: 022","022",88,78,31,0,0,0,0,0,0,0,29,2,0,0,0,0,0,3,0,26,0,0,4,29,4,37,166,53,29,10.3,1
"07010100010030002300","070101000100300023 , Callao,Callao,Callao,Centro Poblado: Callao,Mza: 023","023",76,74,32,0,0,0,0,0,0,0,30,2,0,0,0,0,0,3,3,24,0,0,4,30,3,47,150,50.7,30,10,0.75
"07010100010030002400","070101000100300024 , Callao,Callao,Callao,Centro Poblado: Callao,Mza: 024","024",39,32,13,0,0,0,0,0,0,0,13,0,0,0,0,0,0,1,0,10,2,0,5,13,4,16,71,54.9,13,7.7,0.8
"07010100010030002500","070101000100300025 , Callao,Callao,Callao,Centro Poblado: Callao,Mza: 025","025",42,36,16,0,0,0,0,0,0,0,14,1,0,0,1,0,0,0,1,13,0,0,6,14,4,19,78,53.8,14,0,0.67
"07010100010030002600","070101000100300026 , Callao,Callao,Callao,Centro Poblado: Callao,Mza: 026","026",41,40,21,0,0,0,0,0,0,0,20,0,0,0,1,0,0,2,2,15,1,0,3,20,4,23,81,50.6,20,10,1.33
"07010100010030002700","070101000100300027 , Callao,Callao,Callao,Centro Poblado: Callao,Mza: 027","027",59,71,22,0,0,0,0,0,0,0,21,0,0,0,1,0,0,0,0,21,0,0,5,21,5,26,130,45.4,21,0,1
"07010100010030002800","070101000100300028 , Callao,Callao,Callao,Centro Poblado: Callao,Mza: 028","028",45,63,20,2,0,0,1,0,0,0,20,1,1,0,0,0,0,1,0,18,1,0,4,20,5,21,108,41.7,20,5,1.25
"07010100010030002900","070101000100300029 , Callao,Callao,Callao,Centro Poblado: Callao,Mza: 029","029",59,71,27,6,0,0,0,0,0,0,29,0,0,0,1,1,2,7,0,20,2,0,3,29,4,31,130,45.4,29,24.1,1.33
"07010100010030003000","070101000100300030 , Callao,Callao,Callao,Centro Poblado: Callao,Mza: 030","030",97,91,30,4,0,0,0,0,0,0,34,0,0,0,0,0,0,2,3,28,1,0,4,34,4,47,188,51.6,34,5.9,1
"07010100010030003100","070101000100300031 , Callao,Callao,Callao,Centro Poblado: Callao,Mza: 031","031",44,45,14,0,0,0,0,0,0,0,14,0,0,0,0,0,0,0,7,4,3,0,7,14,4,23,89,49.4,14,0,0.57
"07010100010030003200","070101000100300032 , Callao,Callao,Callao,Centro Poblado: Callao,Mza: 032","032",40,34,15,0,0,0,0,0,0,0,15,0,0,0,0,0,0,1,1,13,0,0,3,15,4,18,74,54.1,15,6.7,1.33
"07010100010030003300","070101000100300033 , Callao,Callao,Callao,Centro Poblado: Callao,Mza: 033","033",40,53,13,0,0,0,0,0,0,0,12,0,0,0,1,0,0,2,1,6,3,0,6,12,4,21,93,43,12,16.7,0.67
"07010100010030003400","070101000100300034 , Callao,Callao,Callao,Centro Poblado: Callao,Mza: 034","034",79,86,33,0,0,0,0,0,0,0,32,0,0,0,0,0,1,9,1,21,1,0,4,32,4,38,165,47.9,32,28.1,1
"07010100010030003500","070101000100300035 , Callao,Callao,Callao,Centro Poblado: Callao,Mza: 035","035",53,64,30,0,0,0,0,0,0,0,30,0,0,0,0,0,0,4,3,23,0,0,4,30,4,31,117,45.3,30,13.3,1
"07010100010030003600","070101000100300036 , Callao,Callao,Callao,Centro Poblado: Callao,Mza: 036","036",44,49,23,0,0,0,1,0,0,0,23,0,0,0,0,0,0,2,2,18,1,0,4,23,3,25,93,47.3,23,8.7,0.75
"07010100010030003700","070101000100300037 , Callao,Callao,Callao,Centro Poblado: Callao,Mza: 037","037",53,62,24,0,0,0,0,0,0,0,20,2,1,0,1,0,0,2,0,18,0,0,3,20,5,24,115,46.1,20,10,1.67
"07010100010030003900","070101000100300039 , Callao,Callao,Callao,Centro Poblado: Callao,Mza: 039","039",53,65,30,0,0,0,0,0,0,0,29,1,0,0,0,0,0,5,1,18,5,0,3,29,4,31,118,44.9,29,17.2,1.33
"07010100010030004000","070101000100300040 , Callao,Callao,Callao,Centro Poblado: Callao,Mza: 040","040",70,51,20,6,0,0,0,0,0,0,26,0,0,0,0,0,0,1,1,17,7,0,4,26,4,27,121,57.9,26,3.8,1
"07010100010030004100","070101000100300041 , Callao,Callao,Callao,Centro Poblado: Callao,Mza: 041","041",49,61,21,0,0,0,0,0,0,0,18,2,1,0,0,0,0,2,0,14,2,0,4,18,4,30,110,44.5,18,11.1,1
"07010100010030088888","0701010001003008888, Callao,Callao,Callao,Centro Poblado: Callao,Mza: 8888","8888",47,37,16,0,0,0,4,0,0,0,10,4,1,0,1,0,0,0,1,6,2,1,3,10,2,16,84,56,10,0,0.67
"07010100010040000403","070101000100400004C, Callao,Callao,Callao,Centro Poblado: Callao,Mza: 004C","004C",22,37,28,0,0,0,0,0,0,0,17,1,0,0,10,0,0,3,14,0,0,0,2,17,3,17,59,37.3,17,17.6,1.5
"07010100010040000500","070101000100400005 , Callao,Callao,Callao,Centro Poblado: Callao,Mza: 005","005",31,34,20,0,0,0,0,0,0,0,16,0,0,0,4,0,0,5,9,1,1,0,3,16,3,23,65,47.7,16,31.2,1
"07010100010040000501","070101000100400005A, Callao,Callao,Callao,Centro Poblado: Callao,Mza: 005A","005A",44,37,31,0,0,0,0,0,0,0,18,2,0,2,9,0,0,4,13,1,0,0,3,18,4,23,81,54.3,18,22.2,1.33
"07010100010040000600","070101000100400006 , Callao,Callao,Callao,Centro Poblado: Callao,Mza: 006","006",41,29,30,0,0,0,0,0,0,0,18,0,0,0,12,0,0,8,10,0,0,0,3,18,4,20,70,58.6,18,44.4,1.33
"07010100010040000601","070101000100400006A, Callao,Callao,Callao,Centro Poblado: Callao,Mza: 006A","006A",19,13,7,0,0,0,0,0,0,0,5,0,0,0,2,0,0,0,4,0,1,0,4,5,5,6,32,59.4,5,0,1.25
"07010100010040000801","070101000100400008A, Callao,Callao,Callao,Centro Poblado: Callao,Mza: 008A","008A",54,49,36,0,0,0,0,0,0,0,29,0,0,0,3,1,3,13,2,14,0,0,3,29,4,29,103,52.4,29,44.8,1.33
"07010100010040000900","070101000100400009 , Callao,Callao,Callao,Centro Poblado: Callao,Mza: 009","009",48,58,53,0,0,0,0,0,0,0,24,1,0,0,27,1,0,2,1,21,0,0,4,24,4,29,106,45.3,24,8.3,1
"07010100010040000901","070101000100400009A, Callao,Callao,Callao,Centro Poblado: Callao,Mza: 009A","009A",61,45,44,3,0,0,0,0,0,0,27,3,1,6,10,0,0,11,2,12,2,0,3,27,3,31,106,57.5,27,40.7,1
"07010100010040001000","070101000100400010 , Callao,Callao,Callao,Centro Poblado: Callao,Mza: 010","010",65,85,50,0,0,0,0,0,0,0,26,0,0,0,22,2,0,5,3,18,0,0,5,26,4,36,150,43.3,26,19.2,0.8
"07010100010040001101","070101000100400011A, Callao,Callao,Callao,Centro Poblado: Callao,Mza: 011A","011A",28,36,34,0,0,0,0,0,1,0,16,0,15,1,2,0,1,3,1,10,2,0,4,16,4,17,64,43.8,16,18.8,1
"07010100010040001102","070101000100400011B, Callao,Callao,Callao,Centro Poblado: Callao,Mza: 011B","011B",59,56,31,0,0,0,0,0,0,0,28,1,0,0,1,1,0,4,1,22,1,0,4,28,3,35,115,51.3,28,14.3,0.75
"07010100010040001103","070101000100400011C, Callao,Callao,Callao,Centro Poblado: Callao,Mza: 011C","011C",81,70,36,13,0,0,0,0,0,0,38,3,0,2,6,0,0,17,1,18,2,0,4,38,4,39,151,53.6,38,44.7,1
"07010100010040001202","070101000100400012B, Callao,Callao,Callao,Centro Poblado: Callao,Mza: 012B","012B",68,58,48,12,0,0,0,0,2,0,42,4,16,0,0,0,0,23,8,8,3,0,2,42,3,42,126,54,42,54.8,1.5
"07010100010040001203","070101000100400012C, Callao,Callao,Callao,Centro Poblado: Callao,Mza: 012C","012C",93,86,45,10,1,0,0,0,1,0,40,0,1,2,7,0,7,8,26,1,5,0,3,40,4,41,179,52,40,20,1.33
"07010100010040001208","070101000100400012H, Callao,Callao,Callao,Centro Poblado: Callao,Mza: 012H","012H",153,156,82,0,0,0,16,0,0,0,49,3,2,0,26,2,0,13,25,3,8,0,3,49,3,73,309,49.5,49,26.5,1
"07010100010040001300","070101000100400013 , Callao,Callao,Callao,Centro Poblado: Callao,Mza: 013","013",35,31,18,0,0,0,0,0,0,0,12,1,2,0,1,1,1,1,1,9,1,0,4,12,4,15,66,53,12,8.3,1
"07010100010040001401","070101000100400014A, Callao,Callao,Callao,Centro Poblado: Callao,Mza: 014A","014A",27,23,20,0,0,0,0,0,0,0,12,0,0,0,8,0,0,1,11,0,0,0,2,12,4,13,50,54,12,8.3,2
"07010100010040001406","070101000100400014F, Callao,Callao,Callao,Centro Poblado: Callao,Mza: 014F","014F",14,17,12,0,0,0,0,0,0,0,6,0,0,0,6,0,0,0,6,0,0,0,4,6,4,8,31,45.2,6,0,1
"07010100010040001412","070101000100400014L, Callao,Callao,Callao,Centro Poblado: Callao,Mza: 014L","014L",19,19,14,0,0,0,0,0,0,0,10,0,0,0,4,0,0,0,9,1,0,0,4,10,3,12,38,50,10,0,0.75
"07010100010040001604","070101000100400016D, Callao,Callao,Callao,Centro Poblado: Callao,Mza: 016D","016D",97,95,60,0,0,0,0,0,0,0,46,3,0,1,9,1,0,8,31,2,5,0,3,46,4,52,192,50.5,46,17.4,1.33
"07010100010040001605","070101000100400016E, Callao,Callao,Callao,Centro Poblado: Callao,Mza: 016E","016E",49,60,22,0,0,0,0,0,0,0,18,1,0,0,3,0,0,1,15,1,1,0,3,18,4,25,109,45,18,5.6,1.33
"07010100010040001606","070101000100400016F, Callao,Callao,Callao,Centro Poblado: Callao,Mza: 016F","016F",49,60,30,0,0,0,0,0,0,0,25,0,0,0,4,0,1,3,22,0,0,0,3,25,4,28,109,45,25,12,1.33
"07010100010040001609","070101000100400016I, Callao,Callao,Callao,Centro Poblado: Callao,Mza: 016I","016I",26,24,9,4,0,0,0,0,0,0,12,1,0,0,0,0,0,5,6,1,0,0,2,12,4,12,50,52,12,41.7,2
"07010100010040001610","070101000100400016J, Callao,Callao,Callao,Centro Poblado: Callao,Mza: 016J","016J",26,27,23,0,3,0,0,0,0,0,13,1,0,2,9,1,0,2,11,0,0,0,3,13,4,13,53,49.1,13,15.4,1.33
"07010100010040001611","070101000100400016K, Callao,Callao,Callao,Centro Poblado: Callao,Mza: 016K","016K",21,23,11,0,4,0,0,0,0,0,11,0,0,0,2,0,2,2,8,1,0,0,3,11,4,11,44,47.7,11,18.2,1.33
"07010100010040001612","070101000100400016L, Callao,Callao,Callao,Centro Poblado: Callao,Mza: 016L","016L",47,49,29,0,0,0,0,0,0,0,22,3,1,0,3,0,0,3,17,2,0,0,3,22,4,24,96,49,22,13.6,1.33
"07010100010040001613","070101000100400016M, Callao,Callao,Callao,Centro Poblado: Callao,Mza: 016M","016M",47,49,25,0,0,0,0,0,0,0,21,0,0,0,3,1,0,1,17,2,1,0,3,21,5,21,96,49,21,4.8,1.67
"07010100010040001615","070101000100400016O, Callao,Callao,Callao,Centro Poblado: Callao,Mza: 016O","016O",44,45,24,2,0,0,0,0,0,0,22,1,0,0,3,0,0,3,18,0,1,0,3,22,4,23,89,49.4,22,13.6,1.33
"07010100010040001701","070101000100400017A, Callao,Callao,Callao,Centro Poblado: Callao,Mza: 017A","017A",67,55,17,0,0,0,1,0,0,0,11,0,1,0,5,0,0,7,1,0,3,0,3,11,3,20,122,54.9,11,63.6,1
"07010100010040001702","070101000100400017B, Callao,Callao,Callao,Centro Poblado: Callao,Mza: 017B","017B",59,62,44,0,0,0,1,0,0,0,24,2,0,0,17,0,1,3,20,1,0,0,4,24,4,30,121,48.8,24,12.5,1
"07010100010040001704","070101000100400017D, Callao,Callao,Callao,Centro Poblado: Callao,Mza: 017D","017D",40,42,33,0,0,0,0,0,0,0,24,0,0,0,9,0,0,7,11,2,4,0,2,24,3,24,82,48.8,24,29.2,1.5
"07010100010040001705","070101000100400017E, Callao,Callao,Callao,Centro Poblado: Callao,Mza: 017E","017E",105,100,50,9,0,0,0,0,0,0,47,3,0,0,9,0,0,8,34,3,1,1,3,47,4,48,205,51.2,47,17,1.33
"07010100010040001710","070101000100400017J, Callao,Callao,Callao,Centro Poblado: Callao,Mza: 017J","017J",27,30,22,0,0,0,0,0,0,0,18,1,0,0,2,1,0,1,17,0,0,0,2,18,3,19,57,47.4,18,5.6,1.5
"07010100010040001724","070101000100400017X, Callao,Callao,Callao,Centro Poblado: Callao,Mza: 017X","017X",22,16,9,0,0,0,0,0,0,0,8,0,0,0,1,0,0,3,5,0,0,0,3,8,4,10,38,57.9,8,37.5,1.33
"07010100010040001725","070101000100400017Y, Callao,Callao,Callao,Centro Poblado: Callao,Mza: 017Y","017Y",21,29,9,8,0,0,0,0,0,0,14,1,2,0,0,0,0,9,4,1,0,0,2,14,4,14,50,42,14,64.3,2
"07010100010040001726","070101000100400017Z, Callao,Callao,Callao,Centro Poblado: Callao,Mza: 017Z","017Z",29,30,12,0,0,0,0,0,0,0,12,0,0,0,0,0,0,3,6,3,0,0,4,12,4,16,59,49.2,12,25,1
"07010100010040002500","070101000100400025 , Callao,Callao,Callao,Centro Poblado: Callao,Mza: 025","025",118,120,58,31,0,0,0,0,0,0,65,1,7,1,12,0,3,33,21,2,9,0,3,65,3,69,238,49.6,65,50.8,1
"07010100010040002600","070101000100400026 , Callao,Callao,Callao,Centro Poblado: Callao,Mza: 026","026",67,64,35,7,0,0,0,0,0,0,28,2,0,0,9,2,1,4,18,6,0,0,5,28,4,32,131,51.1,28,14.3,0.8
"07010100010040002700","070101000100400027 , Callao,Callao,Callao,Centro Poblado: Callao,Mza: 027","027",77,67,31,4,0,0,1,0,0,0,27,3,2,0,3,0,0,6,19,1,1,0,4,27,4,37,144,53.5,27,22.2,1
"07010100010040002800","070101000100400028 , Callao,Callao,Callao,Centro Poblado: Callao,Mza: 028","028",89,99,38,3,0,0,0,0,0,0,37,2,0,0,2,0,0,13,23,1,0,0,3,37,4,50,188,47.3,37,35.1,1.33
"07010100010040002802","070101000100400028B, Callao,Callao,Callao,Centro Poblado: Callao,Mza: 028B","028B",22,24,13,0,0,0,0,0,0,0,11,0,2,0,0,0,0,3,7,1,0,0,3,11,4,11,46,47.8,11,27.3,1.33
"07010100010040002806","070101000100400028F, Callao,Callao,Callao,Centro Poblado: Callao,Mza: 028F","028F",27,32,19,0,0,0,0,0,0,0,15,1,0,0,3,0,0,0,13,2,0,0,3,15,3,19,59,45.8,15,0,1
"07010100010040002807","070101000100400028G, Callao,Callao,Callao,Centro Poblado: Callao,Mza: 028G","028G",25,26,18,0,0,0,0,0,0,0,12,0,0,0,6,0,0,0,11,0,1,0,3,12,4,12,51,49,12,0,1.33
"07010100010040002808","070101000100400028H, Callao,Callao,Callao,Centro Poblado: Callao,Mza: 028H","028H",53,50,23,0,0,0,0,0,0,0,19,1,1,0,1,1,0,3,8,3,5,0,4,19,5,21,103,51.5,19,15.8,1.25
"07010100010040002809","070101000100400028I, Callao,Callao,Callao,Centro Poblado: Callao,Mza: 028I","028I",154,141,51,17,0,0,0,0,0,0,64,1,0,0,3,0,0,12,43,3,6,0,3,64,4,82,295,52.2,64,18.8,1.33
"07010100010040002811","070101000100400028K, Callao,Callao,Callao,Centro Poblado: Callao,Mza: 028K","028K",44,40,22,0,0,0,0,0,0,0,15,2,0,3,1,1,0,1,14,0,0,0,3,15,5,16,84,52.4,15,6.7,1.67
"07010100010040002813","070101000100400028M, Callao,Callao,Callao,Centro Poblado: Callao,Mza: 028M","028M",57,51,20,0,0,0,0,0,0,0,18,1,0,0,1,0,0,5,13,0,0,0,4,18,4,29,108,52.8,18,27.8,1
"07010100010040002900","070101000100400029 , Callao,Callao,Callao,Centro Poblado: Callao,Mza: 029","029",97,99,54,0,0,0,0,0,1,0,39,4,2,0,6,2,2,14,17,4,4,0,4,39,4,47,196,49.5,39,35.9,1
"07010100010040003000","070101000100400030 , Callao,Callao,Callao,Centro Poblado: Callao,Mza: 030","030",43,45,24,0,0,0,0,0,0,0,16,1,0,0,6,0,1,2,10,4,0,0,5,16,6,16,88,48.9,16,12.5,1.2
"07010100010040003100","070101000100400031 , Callao,Callao,Callao,Centro Poblado: Callao,Mza: 031","031",81,85,40,7,0,0,0,0,0,0,34,0,1,0,12,0,0,19,9,3,3,0,4,34,4,43,166,48.8,34,55.9,1
"07010100010040003201","070101000100400032A, Callao,Callao,Callao,Centro Poblado: Callao,Mza: 032A","032A",172,168,103,0,3,0,1,0,0,0,69,8,0,2,19,6,2,14,49,2,4,0,4,69,4,88,340,50.6,69,20.3,1
"07010100010040003400","070101000100400034 , Callao,Callao,Callao,Centro Poblado: Callao,Mza: 034","034",94,103,56,0,0,0,0,0,0,0,43,1,1,3,7,0,1,4,33,5,1,0,4,43,4,50,197,47.7,43,9.3,1
"07010100010040003701","070101000100400037A, Callao,Callao,Callao,Centro Poblado: Callao,Mza: 037A","037A",78,67,31,5,6,0,0,0,0,0,34,3,2,0,3,0,0,10,21,2,1,0,3,34,4,36,145,53.8,34,29.4,1.33
"07010100010040003901","070101000100400039A, Callao,Callao,Callao,Centro Poblado: Callao,Mza: 039A","039A",127,140,71,2,0,0,0,0,0,0,60,4,4,0,2,1,2,24,33,3,0,0,3,60,4,75,267,47.6,60,40,1.33
"07010100010040004102","070101000100400041B, Callao,Callao,Callao,Centro Poblado: Callao,Mza: 041B","041B",84,78,39,3,0,0,1,0,0,0,38,3,0,0,1,0,0,16,17,0,5,0,3,38,4,42,162,51.9,38,42.1,1.33
"07010100010040004310","070101000100400043J, Callao,Callao,Callao,Centro Poblado: Callao,Mza: 043J","043J",37,39,26,0,0,0,0,0,0,0,17,2,0,0,7,0,0,2,12,1,2,0,4,17,4,19,76,48.7,17,11.8,1
"07010100010040004313","070101000100400043M, Callao,Callao,Callao,Centro Poblado: Callao,Mza: 043M","043M",19,30,15,0,0,0,0,0,0,0,14,1,0,0,0,0,0,0,13,1,0,0,4,14,3,15,49,38.8,14,0,0.75
"07010100010040004314","070101000100400043N, Callao,Callao,Callao,Centro Poblado: Callao,Mza: 043N","043N",49,36,17,0,0,0,0,0,0,0,17,0,0,0,0,0,0,5,12,0,0,0,5,17,4,20,85,57.6,17,29.4,0.8
"07010100010040004317","070101000100400043Q, Callao,Callao,Callao,Centro Poblado: Callao,Mza: 043Q","043Q",46,37,17,0,0,0,0,0,0,0,16,1,0,0,0,0,0,2,8,6,0,0,3,16,4,22,83,55.4,16,12.5,1.33
"07010100010040004319","070101000100400043S, Callao,Callao,Callao,Centro Poblado: Callao,Mza: 043S","043S",23,22,12,0,0,0,0,0,0,0,10,1,0,0,1,0,0,1,9,0,0,0,2,10,4,10,45,51.1,10,10,2
"07010100010040004320","070101000100400043T, Callao,Callao,Callao,Centro Poblado: Callao,Mza: 043T","043T",75,73,32,0,0,0,0,0,0,0,27,1,2,0,1,1,0,5,22,0,0,0,4,27,4,33,148,50.7,27,18.5,1
"07010100010040004321","070101000100400043U, Callao,Callao,Callao,Centro Poblado: Callao,Mza: 043U","043U",76,70,30,6,0,0,0,0,0,0,33,0,0,0,3,0,0,6,27,0,0,0,3,33,4,38,146,52.1,33,18.2,1.33
"07010100010040004402","070101000100400044B, Callao,Callao,Callao,Centro Poblado: Callao,Mza: 044B","044B",44,43,31,0,0,0,0,0,0,0,21,2,4,0,1,2,1,6,12,2,1,0,4,21,4,21,87,50.6,21,28.6,1
"07010100010040004403","070101000100400044C, Callao,Callao,Callao,Centro Poblado: Callao,Mza: 044C","044C",63,53,28,5,0,0,0,0,0,0,28,1,0,1,2,0,1,6,20,1,0,1,4,28,4,30,116,54.3,28,21.4,1
"07010100010040004404","070101000100400044D, Callao,Callao,Callao,Centro Poblado: Callao,Mza: 044D","044D",34,33,35,0,0,0,0,0,0,0,23,1,2,0,7,2,0,5,13,2,3,0,3,23,3,25,67,50.7,23,21.7,1
"07010100010040005500","070101000100400055 , Callao,Callao,Callao,Centro Poblado: Callao,Mza: 055","055",79,76,40,0,0,0,0,0,0,0,34,1,0,2,3,0,0,3,26,1,4,0,3,34,4,36,155,51,34,8.8,1.33
"07010100010040005501","070101000100400055A, Callao,Callao,Callao,Centro Poblado: Callao,Mza: 055A","055A",65,53,26,0,0,0,0,0,0,0,25,0,0,0,1,0,0,3,19,0,3,0,3,25,5,25,118,55.1,25,12,1.67
"07010100010040005502","070101000100400055B, Callao,Callao,Callao,Centro Poblado: Callao,Mza: 055B","055B",29,38,20,0,0,0,0,0,0,0,15,0,0,0,3,2,0,2,10,2,1,0,3,15,4,17,67,43.3,15,13.3,1.33
"07010100010040005503","070101000100400055C, Callao,Callao,Callao,Centro Poblado: Callao,Mza: 055C","055C",38,31,18,0,0,0,0,0,0,0,13,1,1,0,1,2,0,4,9,0,0,0,3,13,5,15,69,55.1,13,30.8,1.67
"07010100010040005505","070101000100400055E, Callao,Callao,Callao,Centro Poblado: Callao,Mza: 055E","055E",23,23,13,0,0,0,0,0,0,0,9,1,0,0,0,3,0,2,7,0,0,0,3,9,4,13,46,50,9,22.2,1.33
"07010100010040005609","070101000100400056I, Callao,Callao,Callao,Centro Poblado: Callao,Mza: 056I","056I",42,39,23,0,0,1,0,0,0,0,23,1,0,0,0,0,0,0,16,1,6,0,2,23,4,23,81,51.9,23,0,2
"07010100010040005801","070101000100400058A, Callao,Callao,Callao,Centro Poblado: Callao,Mza: 058A","058A",33,43,15,0,0,0,0,0,0,0,12,0,0,1,0,2,0,1,9,1,1,0,4,12,4,17,76,43.4,12,8.3,1
"07010100010040006202","070101000100400062B, Callao,Callao,Callao,Centro Poblado: Callao,Mza: 062B","062B",54,75,35,0,0,2,0,0,0,0,29,2,1,0,2,2,1,1,22,4,2,0,3,29,4,31,129,41.9,29,3.4,1.33
"07010100010040006203","070101000100400062C, Callao,Callao,Callao,Centro Poblado: Callao,Mza: 062C","062C",21,21,8,0,0,7,0,0,0,0,9,0,0,0,6,0,0,0,9,0,0,0,4,9,4,10,42,50,9,0,1
"07010100010040006206","070101000100400062F, Callao,Callao,Callao,Centro Poblado: Callao,Mza: 062F","062F",49,49,25,0,0,0,0,0,0,0,20,0,0,0,5,0,0,3,17,0,0,0,4,20,4,26,98,50,20,15,1
"07010100010040006400","070101000100400064 , Callao,Callao,Callao,Centro Poblado: Callao,Mza: 064","064",19,14,8,0,0,0,0,0,0,0,7,1,0,0,0,0,0,0,7,0,0,0,3,7,4,8,33,57.6,7,0,1.33
"07010100010040006501","070101000100400065A, Callao,Callao,Callao,Centro Poblado: Callao,Mza: 065A","065A",49,56,26,0,0,2,0,0,0,0,24,2,1,0,1,0,0,1,23,0,0,0,3,24,4,26,105,46.7,24,4.2,1.33
"07010100010040006502","070101000100400065B, Callao,Callao,Callao,Centro Poblado: Callao,Mza: 065B","065B",64,50,38,0,0,0,0,0,0,0,29,3,4,0,2,0,0,6,20,1,2,0,4,29,4,32,114,56.1,29,20.7,1
"07010100010040006503","070101000100400065C, Callao,Callao,Callao,Centro Poblado: Callao,Mza: 065C","065C",66,69,30,0,0,1,0,0,0,0,29,0,0,0,2,0,0,4,24,1,0,0,3,29,4,33,135,48.9,29,13.8,1.33
"07010100010040006504","070101000100400065D, Callao,Callao,Callao,Centro Poblado: Callao,Mza: 065D","065D",54,61,22,0,0,1,1,0,0,0,16,1,3,0,2,1,0,1,7,5,3,0,3,16,4,25,115,47,16,6.2,1.33
"07010100010040006600","070101000100400066 , Callao,Callao,Callao,Centro Poblado: Callao,Mza: 066","066",93,110,57,0,0,2,0,0,0,0,41,2,3,0,11,1,1,11,27,2,1,0,4,41,4,53,203,45.8,41,26.8,1
"07010100010040006700","070101000100400067 , Callao,Callao,Callao,Centro Poblado: Callao,Mza: 067","067",37,34,12,0,0,0,1,0,0,0,10,1,0,0,1,0,0,1,6,2,1,0,4,10,5,14,71,52.1,10,10,1.25
"07010100010040006800","070101000100400068 , Callao,Callao,Callao,Centro Poblado: Callao,Mza: 068","068",75,60,34,0,0,0,0,0,0,0,25,1,1,0,7,0,0,3,20,2,0,0,4,25,5,29,135,55.6,25,12,1.25
"07010100010040006900","070101000100400069 , Callao,Callao,Callao,Centro Poblado: Callao,Mza: 069","069",21,14,9,4,0,0,0,0,0,0,10,1,0,0,2,0,0,4,6,0,0,0,4,10,3,12,35,60,10,40,0.75
"07010100010040007000","070101000100400070 , Callao,Callao,Callao,Centro Poblado: Callao,Mza: 070","070",38,35,15,2,0,0,0,0,0,0,14,0,0,0,2,1,0,1,13,0,0,0,3,14,4,17,73,52.1,14,7.1,1.33
"07010100010040088888","0701010001004008888, Callao,Callao,Callao,Centro Poblado: Callao,Mza: 8888","8888",202,199,151,3,0,0,1,0,1,0,98,1,4,1,43,8,0,15,57,11,15,0,3,98,4,102,401,50.4,98,15.3,1.33
"07010100010040100100","070101000100401001 , Callao,Callao,Callao,Centro Poblado: Callao,Mza: 001","001",13,21,8,0,0,0,0,0,0,0,7,0,0,0,1,0,0,0,6,1,0,0,2,7,3,10,34,38.2,7,0,1.5
"07010100010040100201","070101000100401002A, Callao,Callao,Callao,Centro Poblado: Callao,Mza: 002A","002A",19,19,12,0,0,0,0,0,0,0,8,0,0,0,3,1,0,2,6,0,0,0,4,8,5,8,38,50,8,25,1.25
"07010100010040100300","070101000100401003 , Callao,Callao,Callao,Centro Poblado: Callao,Mza: 003","003",27,39,23,0,0,0,0,0,0,0,16,1,1,0,4,0,1,2,14,0,0,0,3,16,4,16,66,40.9,16,12.5,1.33
"07010100010040100500","070101000100401005 , Callao,Callao,Callao,Centro Poblado: Callao,Mza: 005","005",41,44,21,0,3,0,0,0,0,0,21,2,1,0,0,0,0,3,17,1,0,0,3,21,4,21,85,48.2,21,14.3,1.33
"07010100010040100603","070101000100401006C, Callao,Callao,Callao,Centro Poblado: Callao,Mza: 006C","006C",17,18,10,0,0,0,0,0,0,0,7,0,0,0,2,0,1,1,4,0,2,0,3,7,4,9,35,48.6,7,14.3,1.33
"07010100010040100700","070101000100401007 , Callao,Callao,Callao,Centro Poblado: Callao,Mza: 007","007",21,13,10,0,0,0,0,0,0,0,7,1,2,0,0,0,0,0,6,0,1,0,5,7,4,8,34,61.8,7,0,0.8
"07010100010040100800","070101000100401008 , Callao,Callao,Callao,Centro Poblado: Callao,Mza: 008","008",20,34,19,0,0,0,0,0,0,0,15,1,1,0,1,1,0,1,13,0,1,0,3,15,3,17,54,37,15,6.7,1
"07010100010040100900","070101000100401009 , Callao,Callao,Callao,Centro Poblado: Callao,Mza: 009","009",48,44,27,0,0,0,0,0,0,0,20,1,0,0,6,0,0,2,18,0,0,0,4,20,4,22,92,52.2,20,10,1
"07010100010040101000","070101000100401010 , Callao,Callao,Callao,Centro Poblado: Callao,Mza: 010","010",21,11,6,0,0,0,0,0,0,0,6,0,0,0,0,0,0,0,5,1,0,0,4,6,5,7,32,65.6,6,0,1.25
"07010100010040101001","070101000100401010A, Callao,Callao,Callao,Centro Poblado: Callao,Mza: 010A","010A",18,25,11,0,0,0,0,0,0,0,10,1,0,0,0,0,0,0,9,0,1,0,3,10,4,11,43,41.9,10,0,1.33
"07010100010040101002","070101000100401010B, Callao,Callao,Callao,Centro Poblado: Callao,Mza: 010B","010B",21,16,8,0,0,0,0,0,0,0,8,0,0,0,0,0,0,1,1,0,0,6,3,8,5,8,37,56.8,8,12.5,1.67
"07010100010040101004","070101000100401010D, Callao,Callao,Callao,Centro Poblado: Callao,Mza: 010D","010D",16,17,7,0,0,0,0,0,0,0,7,0,0,0,0,0,0,0,7,0,0,0,2,7,5,7,33,48.5,7,0,2.5
"07010100010040101101","070101000100401011A, Callao,Callao,Callao,Centro Poblado: Callao,Mza: 011A","011A",49,39,26,0,0,0,0,0,0,0,18,1,0,0,7,0,0,1,17,0,0,0,3,18,4,20,88,55.7,18,5.6,1.33
"07010100010040101103","070101000100401011C, Callao,Callao,Callao,Centro Poblado: Callao,Mza: 011C","011C",23,14,10,0,0,0,0,0,0,0,6,1,0,0,2,0,1,0,6,0,0,0,4,6,6,6,37,62.2,6,0,1.5
"07010100010040101105","070101000100401011E, Callao,Callao,Callao,Centro Poblado: Callao,Mza: 011E","011E",14,19,12,0,0,0,0,0,0,0,8,0,0,0,3,1,0,3,4,0,1,0,2,8,4,8,33,42.4,8,37.5,2
"07010100010040101106","070101000100401011F, Callao,Callao,Callao,Centro Poblado: Callao,Mza: 011F","011F",39,50,20,0,0,0,0,0,0,0,18,1,0,0,1,0,0,3,13,0,2,0,3,18,4,24,89,43.8,18,16.7,1.33
"07010100010040101201","070101000100401012A, Callao,Callao,Callao,Centro Poblado: Callao,Mza: 012A","012A",27,22,21,0,0,0,0,0,0,0,14,0,1,0,6,0,0,1,12,1,0,0,3,14,4,14,49,55.1,14,7.1,1.33
"07010100010040101202","070101000100401012B, Callao,Callao,Callao,Centro Poblado: Callao,Mza: 012B","012B",72,70,26,0,0,0,0,0,0,0,24,2,0,0,0,0,0,7,13,1,3,0,4,24,5,31,142,50.7,24,29.2,1.25
"07010100010040101300","070101000100401013 , Callao,Callao,Callao,Centro Poblado: Callao,Mza: 013","013",24,22,10,0,0,0,0,0,0,0,9,0,0,0,1,0,0,1,7,1,0,0,4,9,5,10,46,52.2,9,11.1,1.25
"07010100010040101401","070101000100401014A, Callao,Callao,Callao,Centro Poblado: Callao,Mza: 014A","014A",49,56,24,2,0,0,0,0,0,0,25,1,0,0,0,0,0,0,24,0,1,0,3,25,4,26,105,46.7,25,0,1.33
"07010100010040101501","070101000100401015A, Callao,Callao,Callao,Centro Poblado: Callao,Mza: 015A","015A",25,21,15,0,0,0,0,0,0,0,12,0,2,0,1,0,0,0,11,1,0,0,3,12,4,12,46,54.3,12,0,1.33
"07010100010040101603","070101000100401016C, Callao,Callao,Callao,Centro Poblado: Callao,Mza: 016C","016C",21,22,6,0,0,0,0,0,0,0,6,0,0,0,0,0,0,0,6,0,0,0,4,6,7,6,43,48.8,6,0,1.75
"07010100010040101604","070101000100401016D, Callao,Callao,Callao,Centro Poblado: Callao,Mza: 016D","016D",25,22,12,0,0,2,0,0,0,0,8,1,0,0,4,1,0,0,7,1,0,0,3,8,6,8,47,53.2,8,0,2
"07010100010040101701","070101000100401017A, Callao,Callao,Callao,Centro Poblado: Callao,Mza: 017A","017A",20,18,12,0,0,0,0,0,0,0,9,0,0,0,2,1,0,0,8,1,0,0,3,9,4,9,38,52.6,9,0,1.33
"07010100010040101803","070101000100401018C, Callao,Callao,Callao,Centro Poblado: Callao,Mza: 018C","018C",25,26,15,0,0,0,0,0,0,0,10,0,0,0,4,1,0,1,6,2,1,0,5,10,4,13,51,49,10,10,0.8
"07010100010040101900","070101000100401019 , Callao,Callao,Callao,Centro Poblado: Callao,Mza: 019","019",38,42,20,0,0,0,0,0,0,0,15,0,0,0,4,0,1,1,13,1,0,0,4,15,5,16,80,47.5,15,6.7,1.25
"07010100010040102000","070101000100401020 , Callao,Callao,Callao,Centro Poblado: Callao,Mza: 020","020",34,35,15,0,0,0,0,0,0,0,13,0,0,0,2,0,0,0,12,0,1,0,4,13,4,19,69,49.3,13,0,1
"07010100010040102200","070101000100401022 , Callao,Callao,Callao,Centro Poblado: Callao,Mza: 022","022",23,25,10,7,0,0,0,0,0,0,11,1,1,0,4,0,0,6,5,0,0,0,3,11,4,11,48,47.9,11,54.5,1.33
"07010100010040102303","070101000100401023C, Callao,Callao,Callao,Centro Poblado: Callao,Mza: 023C","023C",36,49,22,0,0,0,0,0,0,0,14,0,0,0,7,1,0,2,12,0,0,0,4,14,6,15,85,42.4,14,14.3,1.5
"07010100010040102401","070101000100401024A, Callao,Callao,Callao,Centro Poblado: Callao,Mza: 024A","024A",49,42,25,0,0,0,0,0,0,0,19,1,3,0,2,0,0,3,16,0,0,0,3,19,4,22,91,53.8,19,15.8,1.33
"07010100010040102601","070101000100401026A, Callao,Callao,Callao,Centro Poblado: Callao,Mza: 026A","026A",66,60,27,0,0,0,0,0,0,0,21,2,4,0,0,0,0,0,19,1,1,0,3,21,5,25,126,52.4,21,0,1.67
"07010100010040102702","070101000100401027B, Callao,Callao,Callao,Centro Poblado: Callao,Mza: 027B","027B",29,31,17,0,0,0,0,0,0,0,13,1,3,0,0,0,0,1,10,1,1,0,3,13,5,13,60,48.3,13,7.7,1.67
"07010100010040102803","070101000100401028C, Callao,Callao,Callao,Centro Poblado: Callao,Mza: 028C","028C",25,33,25,0,0,0,0,0,0,0,22,1,2,0,0,0,0,15,7,0,0,0,2,22,3,23,58,43.1,22,68.2,1.5
"07010100010040188888","0701010001004018888, Callao,Callao,Callao,Centro Poblado: Callao,Mza: 8888","8888",95,89,76,0,0,2,0,0,0,0,53,4,6,0,13,2,0,5,46,0,2,0,3,53,3,54,184,51.6,53,9.4,1
"07010100010050001500","070101000100500015 , Callao,Callao,Callao,Centro Poblado: Callao,Mza: 015","015",77,81,40,0,0,0,1,2,0,0,40,1,0,0,0,1,0,9,28,1,2,0,3,40,3,47,158,48.7,40,22.5,1
"07010100010050001600","070101000100500016 , Callao,Callao,Callao,Centro Poblado: Callao,Mza: 016","016",58,55,28,0,0,0,0,0,0,0,24,2,1,1,0,0,0,0,23,0,1,0,4,24,4,29,113,51.3,24,0,1
"07010100010050001700","070101000100500017 , Callao,Callao,Callao,Centro Poblado: Callao,Mza: 017","017",52,41,24,0,0,0,0,0,0,0,21,1,1,0,0,0,1,9,12,0,0,0,3,21,4,21,93,55.9,21,42.9,1.33
"07010100010050001900","070101000100500019 , Callao,Callao,Callao,Centro Poblado: Callao,Mza: 019","019",139,114,61,0,0,0,2,0,0,0,56,4,0,0,0,1,0,20,34,0,2,0,3,56,4,60,253,54.9,56,35.7,1.33
"07010100010050002000","070101000100500020 , Callao,Callao,Callao,Centro Poblado: Callao,Mza: 020","020",72,65,35,0,0,0,0,0,0,0,35,0,0,0,0,0,0,8,27,0,0,0,4,35,4,37,137,52.6,35,22.9,1
"07010100010050002100","070101000100500021 , Callao,Callao,Callao,Centro Poblado: Callao,Mza: 021","021",74,94,33,11,0,0,0,0,0,0,39,1,3,0,0,1,0,18,17,1,3,0,3,39,4,46,168,44,39,46.2,1.33
"07010100010050002200","070101000100500022 , Callao,Callao,Callao,Centro Poblado: Callao,Mza: 022","022",60,56,39,0,0,0,0,0,0,0,32,1,3,1,0,1,1,11,20,1,0,0,3,32,3,35,116,51.7,32,34.4,1
"07010100010050002301","070101000100500023A, Callao,Callao,Callao,Centro Poblado: Callao,Mza: 023A","023A",68,51,28,0,0,0,0,0,0,0,28,0,0,0,0,0,0,10,14,0,4,0,3,28,4,33,119,57.1,28,35.7,1.33
"07010100010050002302","070101000100500023B, Callao,Callao,Callao,Centro Poblado: Callao,Mza: 023B","023B",70,83,37,0,0,0,0,0,0,0,29,2,0,0,6,0,0,3,24,0,2,0,4,29,4,35,153,45.8,29,10.3,1
"07010100010050002403","070101000100500024C, Callao,Callao,Callao,Centro Poblado: Callao,Mza: 024C","024C",62,52,26,5,0,0,0,0,0,0,30,0,0,0,1,0,0,7,22,0,1,0,3,30,3,34,114,54.4,30,23.3,1
"07010100010050002404","070101000100500024D, Callao,Callao,Callao,Centro Poblado: Callao,Mza: 024D","024D",97,100,46,0,0,0,1,0,0,0,44,2,0,0,0,0,0,12,27,1,4,0,3,44,4,47,197,49.2,44,27.3,1.33
"07010100010050002500","070101000100500025 , Callao,Callao,Callao,Centro Poblado: Callao,Mza: 025","025",27,24,14,0,0,0,0,0,0,0,11,1,2,0,0,0,0,3,5,2,1,0,4,11,4,12,51,52.9,11,27.3,1
"07010100010050002600","070101000100500026 , Callao,Callao,Callao,Centro Poblado: Callao,Mza: 026","026",70,85,41,0,0,0,0,0,1,0,42,0,0,0,0,0,0,7,33,0,2,0,3,42,4,42,155,45.2,42,16.7,1.33
"07010100010050003000","070101000100500030 , Callao,Callao,Callao,Centro Poblado: Callao,Mza: 030","030",37,52,30,0,0,0,0,0,0,0,23,2,3,0,0,2,0,6,15,0,2,0,3,23,3,26,89,41.6,23,26.1,1
"07010100010050003100","070101000100500031 , Callao,Callao,Callao,Centro Poblado: Callao,Mza: 031","031",64,75,32,0,0,0,0,0,0,0,29,2,0,0,1,0,0,4,23,0,2,0,4,29,5,29,139,46,29,13.8,1.25
"07010100010050003200","070101000100500032 , Callao,Callao,Callao,Centro Poblado: Callao,Mza: 032","032",51,47,25,0,0,0,0,0,0,0,23,1,0,0,1,0,0,5,18,0,0,0,4,23,4,27,98,52,23,21.7,1
"07010100010050003300","070101000100500033 , Callao,Callao,Callao,Centro Poblado: Callao,Mza: 033","033",67,69,29,3,0,0,0,0,0,0,26,1,2,0,3,0,0,7,17,0,2,0,4,26,5,27,136,49.3,26,26.9,1.25
"07010100010050003400","070101000100500034 , Callao,Callao,Callao,Centro Poblado: Callao,Mza: 034","034",41,39,25,0,0,0,0,0,0,0,20,2,1,0,1,1,0,2,17,1,0,0,4,20,4,22,80,51.2,20,10,1
"07010100010050003500","070101000100500035 , Callao,Callao,Callao,Centro Poblado: Callao,Mza: 035","035",58,61,26,0,0,0,0,0,0,0,26,0,0,0,0,0,0,0,22,1,3,0,4,26,4,28,119,48.7,26,0,1
"07010100010050003601","070101000100500036A, Callao,Callao,Callao,Centro Poblado: Callao,Mza: 036A","036A",50,55,27,0,0,0,0,0,0,0,25,1,0,1,0,0,0,2,22,0,1,0,3,25,4,25,105,47.6,25,8,1.33
"07010100010050003901","070101000100500039A, Callao,Callao,Callao,Centro Poblado: Callao,Mza: 039A","039A",32,31,20,3,0,2,0,0,0,0,18,2,2,0,3,0,0,6,2,8,2,0,3,18,3,21,63,50.8,18,33.3,1
"07010100010050004000","070101000100500040 , Callao,Callao,Callao,Centro Poblado: Callao,Mza: 040","040",47,51,21,0,0,2,0,0,0,0,16,2,4,0,0,1,0,1,5,10,0,0,4,16,4,23,98,48,16,6.2,1
"07010100010050004100","070101000100500041 , Callao,Callao,Callao,Centro Poblado: Callao,Mza: 041","041",26,31,27,0,0,0,0,0,0,0,19,1,0,0,4,3,0,6,3,10,0,0,3,19,3,20,57,45.6,19,31.6,1
"07010100010050004200","070101000100500042 , Callao,Callao,Callao,Centro Poblado: Callao,Mza: 042","042",38,38,26,4,0,1,0,0,0,0,22,2,1,0,5,1,0,4,6,10,2,0,3,22,3,24,76,50,22,18.2,1
"07010100010050004500","070101000100500045 , Callao,Callao,Callao,Centro Poblado: Callao,Mza: 045","045",40,47,37,0,0,0,0,0,0,0,24,2,3,0,6,2,0,1,8,14,1,0,3,24,3,25,87,46,24,4.2,1
"07010100010050004501","070101000100500045A, Callao,Callao,Callao,Centro Poblado: Callao,Mza: 045A","045A",44,50,41,0,0,0,0,0,0,0,23,2,2,0,12,2,0,6,14,3,0,0,3,23,4,25,94,46.8,23,26.1,1.33
"07010100010050004601","070101000100500046A, Callao,Callao,Callao,Centro Poblado: Callao,Mza: 046A","046A",17,14,14,0,0,0,0,0,0,0,11,0,0,0,3,0,0,8,1,1,1,0,3,11,3,11,31,54.8,11,72.7,1
"07010100010050004602","070101000100500046B, Callao,Callao,Callao,Centro Poblado: Callao,Mza: 046B","046B",22,17,17,0,0,0,0,0,0,0,14,0,1,0,2,0,0,5,1,8,0,0,2,14,3,14,39,56.4,14,35.7,1.5
"07010100010050004700","070101000100500047 , Callao,Callao,Callao,Centro Poblado: Callao,Mza: 047","047",38,30,23,0,0,0,1,0,0,0,15,2,1,0,5,0,0,3,6,6,0,0,3,15,3,18,68,55.9,15,20,1
"07010100010050004800","070101000100500048 , Callao,Callao,Callao,Centro Poblado: Callao,Mza: 048","048",47,43,26,5,0,0,0,0,0,0,24,0,1,0,4,0,2,9,4,11,0,0,3,24,3,27,90,52.2,24,37.5,1
"07010100010050005301","070101000100500053A, Callao,Callao,Callao,Centro Poblado: Callao,Mza: 053A","053A",18,14,17,0,0,1,0,0,0,0,11,0,0,0,4,0,3,1,5,5,0,0,3,11,3,11,32,56.2,11,9.1,1
"07010100010050088888","0701010001005008888, Callao,Callao,Callao,Centro Poblado: Callao,Mza: 8888","8888",96,80,61,4,0,2,4,0,2,0,46,6,4,1,9,1,2,10,10,16,10,0,2,46,3,50,176,54.5,46,21.7,1.5
"07010100010060100100","070101000100601001 , Callao,Callao,Callao,Centro Poblado: Callao,Mza: 001","001",27,33,22,0,0,0,0,0,0,0,15,2,3,0,1,1,0,0,14,1,0,0,4,15,4,16,60,45,15,0,1
"07010100010060100200","070101000100601002 , Callao,Callao,Callao,Centro Poblado: Callao,Mza: 002","002",64,60,37,0,0,0,0,0,0,0,30,2,2,0,3,0,0,3,25,1,1,0,3,30,4,31,124,51.6,30,10,1.33
"07010100010060100300","070101000100601003 , Callao,Callao,Callao,Centro Poblado: Callao,Mza: 003","003",32,30,16,0,0,0,0,0,0,0,14,1,1,0,0,0,0,6,8,0,0,0,3,14,4,14,62,51.6,14,42.9,1.33
"07010100010060100401","070101000100601004A, Callao,Callao,Callao,Centro Poblado: Callao,Mza: 004A","004A",31,34,17,0,0,0,0,0,0,0,13,0,0,0,4,0,0,1,11,1,0,0,4,13,5,14,65,47.7,13,7.7,1.25
"07010100010060100402","070101000100601004B, Callao,Callao,Callao,Centro Poblado: Callao,Mza: 004B","004B",25,22,11,0,0,0,0,0,0,0,11,0,0,0,0,0,0,3,6,0,2,0,3,11,4,11,47,53.2,11,27.3,1.33
"07010100010060100500","070101000100601005 , Callao,Callao,Callao,Centro Poblado: Callao,Mza: 005","005",52,56,27,0,0,0,0,0,0,0,25,0,0,0,0,1,1,6,16,1,2,0,3,25,4,25,108,48.1,25,24,1.33
"07010100010060100600","070101000100601006 , Callao,Callao,Callao,Centro Poblado: Callao,Mza: 006","006",105,110,49,0,0,0,0,0,0,0,43,1,3,1,1,0,0,8,33,2,0,0,4,43,4,49,215,48.8,43,18.6,1
"07010100010060100700","070101000100601007 , Callao,Callao,Callao,Centro Poblado: Callao,Mza: 007","007",90,104,49,3,0,0,0,0,0,0,44,4,0,0,2,1,1,11,30,2,1,0,3,44,4,47,194,46.4,44,25,1.33
"07010100010060100802","070101000100601008B, Callao,Callao,Callao,Centro Poblado: Callao,Mza: 008B","008B",50,60,31,0,0,0,0,0,0,0,21,1,9,0,0,0,0,3,16,2,0,0,4,21,5,24,110,45.5,21,14.3,1.25
"07010100010060100803","070101000100601008C, Callao,Callao,Callao,Centro Poblado: Callao,Mza: 008C","008C",79,65,34,0,0,0,0,0,0,0,30,3,1,0,0,0,0,3,25,1,1,0,4,30,4,32,144,54.9,30,10,1
"07010100010060101003","070101000100601010C, Callao,Callao,Callao,Centro Poblado: Callao,Mza: 010C","010C",74,84,46,0,0,0,0,0,0,0,38,2,0,0,5,0,1,8,24,1,5,0,3,38,4,38,158,46.8,38,21.1,1.33
"07010100010060101101","070101000100601011A, Callao,Callao,Callao,Centro Poblado: Callao,Mza: 011A","011A",18,23,13,0,0,0,0,0,0,0,9,1,3,0,0,0,0,3,4,2,0,0,3,9,5,9,41,43.9,9,33.3,1.67
"07010100010060101300","070101000100601013 , Callao,Callao,Callao,Centro Poblado: Callao,Mza: 013","013",36,25,19,0,0,0,0,0,0,0,15,0,0,0,2,1,1,4,8,1,2,0,4,15,4,15,61,59,15,26.7,1
"07010100010060101400","070101000100601014 , Callao,Callao,Callao,Centro Poblado: Callao,Mza: 014","014",39,36,18,0,0,0,0,0,0,0,15,1,1,0,0,0,1,6,9,0,0,0,3,15,4,19,75,52,15,40,1.33
"07010100010060101500","070101000100601015 , Callao,Callao,Callao,Centro Poblado: Callao,Mza: 015","015",56,46,19,0,0,0,0,0,0,0,19,0,0,0,0,0,0,1,8,9,1,0,3,19,4,24,102,54.9,19,5.3,1.33
"07010100010060101600","070101000100601016 , Callao,Callao,Callao,Centro Poblado: Callao,Mza: 016","016",20,12,6,0,0,0,0,0,0,0,5,0,1,0,0,0,0,1,4,0,0,0,3,5,5,7,32,62.5,5,20,1.67
"07010100010060101700","070101000100601017 , Callao,Callao,Callao,Centro Poblado: Callao,Mza: 017","017",48,42,24,0,0,0,0,0,0,0,20,1,1,0,2,0,0,0,18,2,0,0,3,20,4,21,90,53.3,20,0,1.33
"07010100010060101800","070101000100601018 , Callao,Callao,Callao,Centro Poblado: Callao,Mza: 018","018",48,54,31,0,0,0,0,0,0,0,28,1,0,0,2,0,0,3,17,6,2,0,3,28,4,29,102,47.1,28,10.7,1.33
"07010100010060101900","070101000100601019 , Callao,Callao,Callao,Centro Poblado: Callao,Mza: 019","019",63,51,32,0,0,0,0,0,0,0,27,1,4,0,0,0,0,4,22,1,0,0,4,27,4,29,114,55.3,27,14.8,1
"07010100010060102000","070101000100601020 , Callao,Callao,Callao,Centro Poblado: Callao,Mza: 020","020",51,45,25,0,0,0,0,0,0,0,21,2,2,0,0,0,0,1,18,1,1,0,3,21,5,21,96,53.1,21,4.8,1.67
"07010100010060102101","070101000100601021A, Callao,Callao,Callao,Centro Poblado: Callao,Mza: 021A","021A",52,53,19,0,0,0,0,0,0,0,17,1,1,0,0,0,0,4,12,1,0,0,4,17,6,17,105,49.5,17,23.5,1.5
"07010100010060102200","070101000100601022 , Callao,Callao,Callao,Centro Poblado: Callao,Mza: 022","022",21,26,14,0,0,0,0,0,0,0,10,1,3,0,0,0,0,0,8,2,0,0,3,10,5,10,47,44.7,10,0,1.67
"07010100010060102300","070101000100601023 , Callao,Callao,Callao,Centro Poblado: Callao,Mza: 023","023",48,47,20,3,0,0,0,0,0,0,20,1,1,0,1,0,0,5,13,2,0,0,4,20,5,20,95,50.5,20,25,1.25
"07010100010060102400","070101000100601024 , Callao,Callao,Callao,Centro Poblado: Callao,Mza: 024","024",28,31,14,0,0,0,0,0,0,0,13,0,0,0,1,0,0,2,8,3,0,0,2,13,5,13,59,47.5,13,15.4,2.5
"07010100010060102600","070101000100601026 , Callao,Callao,Callao,Centro Poblado: Callao,Mza: 026","026",40,29,20,0,0,0,0,0,0,0,17,2,1,0,0,0,0,5,9,3,0,0,3,17,4,18,69,58,17,29.4,1.33
"07010100010060102800","070101000100601028 , Callao,Callao,Callao,Centro Poblado: Callao,Mza: 028","028",55,44,24,0,0,0,0,0,0,0,20,1,0,0,2,1,0,1,15,3,1,0,3,20,4,22,99,55.6,20,5,1.33
"07010100010060102900","070101000100601029 , Callao,Callao,Callao,Centro Poblado: Callao,Mza: 029","029",15,23,7,0,4,0,0,0,0,0,10,1,0,0,0,0,0,1,5,0,4,0,2,10,3,11,38,39.5,10,10,1.5
"07010100010060103000","070101000100601030 , Callao,Callao,Callao,Centro Poblado: Callao,Mza: 030","030",97,101,42,0,2,0,0,0,0,0,35,2,0,0,7,0,0,2,29,1,3,0,4,35,4,56,198,49,35,5.7,1
"07010100010060103100","070101000100601031 , Callao,Callao,Callao,Centro Poblado: Callao,Mza: 031","031",58,62,24,6,0,0,0,0,0,0,27,2,0,0,0,1,0,3,24,0,0,0,3,27,4,30,120,48.3,27,11.1,1.33
"07010100010060103200","070101000100601032 , Callao,Callao,Callao,Centro Poblado: Callao,Mza: 032","032",14,18,9,0,0,0,0,0,0,0,7,1,0,0,1,0,0,0,3,3,1,0,3,7,5,7,32,43.8,7,0,1.67
"07010100010060103300","070101000100601033 , Callao,Callao,Callao,Centro Poblado: Callao,Mza: 033","033",26,20,16,0,0,0,0,0,0,0,11,1,0,0,4,0,0,0,10,1,0,0,3,11,4,11,46,56.5,11,0,1.33
"07010100010060103400","070101000100601034 , Callao,Callao,Callao,Centro Poblado: Callao,Mza: 034","034",67,71,37,0,0,0,0,0,0,0,30,2,1,0,3,0,1,5,18,6,1,0,3,30,4,32,138,48.6,30,16.7,1.33
"07010100010060103500","070101000100601035 , Callao,Callao,Callao,Centro Poblado: Callao,Mza: 035","035",79,69,29,0,0,1,0,0,0,0,28,2,0,0,0,0,0,2,15,10,1,0,4,28,4,34,148,53.4,28,7.1,1
"07010100010060103603","070101000100601036C, Callao,Callao,Callao,Centro Poblado: Callao,Mza: 036C","036C",37,37,24,0,0,1,0,0,0,0,15,2,8,0,0,0,0,2,3,8,2,0,4,15,4,17,74,50,15,13.3,1
"07010100010060103702","070101000100601037B, Callao,Callao,Callao,Centro Poblado: Callao,Mza: 037B","037B",44,39,22,0,0,0,0,0,0,0,20,0,2,0,0,0,0,4,0,15,1,0,3,20,4,21,83,53,20,20,1.33
"07010100010060103704","070101000100601037D, Callao,Callao,Callao,Centro Poblado: Callao,Mza: 037D","037D",84,56,41,0,0,0,0,2,0,0,36,3,2,0,2,0,0,11,12,11,2,0,2,36,4,36,140,60,36,30.6,2
"07010100010060103800","070101000100601038 , Callao,Callao,Callao,Centro Poblado: Callao,Mza: 038","038",39,32,14,0,0,0,0,0,0,0,14,0,0,0,0,0,0,4,0,9,1,0,4,14,5,15,71,54.9,14,28.6,1.25
"07010100010060104000","070101000100601040 , Callao,Callao,Callao,Centro Poblado: Callao,Mza: 040","040",55,61,12,24,0,0,0,0,0,0,36,0,0,0,0,0,0,27,6,3,0,0,2,36,3,38,116,47.4,36,75,1.5
"07010100010060104100","070101000100601041 , Callao,Callao,Callao,Centro Poblado: Callao,Mza: 041","041",48,68,23,0,0,0,0,0,0,0,20,1,2,0,0,0,0,4,11,3,2,0,2,20,5,25,116,41.4,20,20,2.5
"07010100010060104200","070101000100601042 , Callao,Callao,Callao,Centro Poblado: Callao,Mza: 042","042",30,33,15,3,0,0,0,0,0,0,13,1,2,1,1,0,0,0,13,0,0,0,3,13,4,16,63,47.6,13,0,1.33
"07010100010060104400","070101000100601044 , Callao,Callao,Callao,Centro Poblado: Callao,Mza: 044","044",53,56,24,0,0,0,0,0,0,0,20,1,0,0,3,0,0,2,9,9,0,0,4,20,5,23,109,48.6,20,10,1.25
"07010100010060104500","070101000100601045 , Callao,Callao,Callao,Centro Poblado: Callao,Mza: 045","045",43,30,16,0,0,2,0,0,0,0,14,1,3,0,0,0,0,3,11,0,0,0,3,14,4,17,73,58.9,14,21.4,1.33
"07010100010060104600","070101000100601046 , Callao,Callao,Callao,Centro Poblado: Callao,Mza: 046","046",37,33,24,0,0,0,0,0,0,0,18,0,0,0,6,0,0,6,11,0,1,0,2,18,4,18,70,52.9,18,33.3,2
"07010100010060104700","070101000100601047 , Callao,Callao,Callao,Centro Poblado: Callao,Mza: 047","047",39,30,18,0,0,1,0,0,0,0,14,1,1,1,2,0,0,0,11,2,1,0,3,14,5,14,69,56.5,14,0,1.67
"07010100010060104800","070101000100601048 , Callao,Callao,Callao,Centro Poblado: Callao,Mza: 048","048",32,37,21,0,0,0,0,0,0,0,11,1,0,0,8,0,1,1,7,2,1,0,3,11,3,21,69,46.4,11,9.1,1
"07010100010060104900","070101000100601049 , Callao,Callao,Callao,Centro Poblado: Callao,Mza: 049","049",21,24,17,0,0,0,0,0,0,0,11,0,0,0,6,0,0,2,7,1,1,0,2,11,4,11,45,46.7,11,18.2,2
"07010100010060105000","070101000100601050 , Callao,Callao,Callao,Centro Poblado: Callao,Mza: 050","050",65,60,30,0,0,0,0,0,0,0,21,1,0,0,8,0,0,1,19,0,1,0,4,21,5,27,125,52,21,4.8,1.25
"07010100010060105100","070101000100601051 , Callao,Callao,Callao,Centro Poblado: Callao,Mza: 051","051",38,41,18,0,0,0,0,0,0,0,16,0,2,0,0,0,0,3,12,0,1,0,3,16,4,18,79,48.1,16,18.8,1.33
"07010100010060105200","070101000100601052 , Callao,Callao,Callao,Centro Poblado: Callao,Mza: 052","052",46,46,24,0,0,0,0,0,0,0,20,1,0,0,1,2,0,2,17,0,1,0,4,20,3,28,92,50,20,10,0.75
"07010100010060105300","070101000100601053 , Callao,Callao,Callao,Centro Poblado: Callao,Mza: 053","053",45,43,26,0,0,0,0,0,0,0,24,1,0,0,1,0,0,6,16,1,1,0,3,24,4,24,88,51.1,24,25,1.33
"07010100010060105400","070101000100601054 , Callao,Callao,Callao,Centro Poblado: Callao,Mza: 054","054",35,29,20,0,0,0,0,0,1,0,15,2,4,0,0,0,0,4,10,0,1,0,3,15,4,17,64,54.7,15,26.7,1.33
"07010100010060105500","070101000100601055 , Callao,Callao,Callao,Centro Poblado: Callao,Mza: 055","055",51,44,26,3,0,0,0,0,0,0,23,2,1,0,2,1,0,4,18,1,0,0,3,23,4,25,95,53.7,23,17.4,1.33
"07010100010060105600","070101000100601056 , Callao,Callao,Callao,Centro Poblado: Callao,Mza: 056","056",28,30,9,0,1,0,0,0,0,0,10,0,0,0,0,0,0,1,8,0,1,0,3,10,6,10,58,48.3,10,10,2
"07010100010060105801","070101000100601058A, Callao,Callao,Callao,Centro Poblado: Callao,Mza: 058A","058A",34,48,18,0,0,0,0,0,0,0,14,0,0,0,4,0,0,1,8,2,3,0,3,14,5,16,82,41.5,14,7.1,1.67
"07010100010060106002","070101000100601060B, Callao,Callao,Callao,Centro Poblado: Callao,Mza: 060B","060B",29,27,11,0,0,0,0,0,0,0,11,0,0,0,0,0,0,5,0,6,0,0,2,11,4,13,56,51.8,11,45.5,2
"07010100010060106100","070101000100601061 , Callao,Callao,Callao,Centro Poblado: Callao,Mza: 061","061",40,35,16,0,0,0,0,0,0,0,16,0,0,0,0,0,0,4,9,0,3,0,3,16,4,18,75,53.3,16,25,1.33
"07010100010060106200","070101000100601062 , Callao,Callao,Callao,Centro Poblado: Callao,Mza: 062","062",55,50,29,8,0,2,0,0,0,0,26,4,2,1,5,0,1,8,11,3,4,0,4,26,4,28,105,52.4,26,30.8,1
"07010100010060106300","070101000100601063 , Callao,Callao,Callao,Centro Poblado: Callao,Mza: 063","063",31,32,21,6,0,0,0,0,0,0,21,0,0,0,5,0,1,1,18,1,1,0,3,21,3,22,63,49.2,21,4.8,1
"07010100010060106403","070101000100601064C, Callao,Callao,Callao,Centro Poblado: Callao,Mza: 064C","064C",25,21,9,0,0,0,0,0,0,0,9,0,0,0,0,0,0,1,6,2,0,0,4,9,5,9,46,54.3,9,11.1,1.25
"07010100010060188888","0701010001006018888, Callao,Callao,Callao,Centro Poblado: Callao,Mza: 8888","8888",52,47,35,0,0,0,1,0,0,0,24,4,2,0,4,0,1,2,14,6,2,0,3,24,3,27,99,52.5,24,8.3,1
"07010100010060200800","070101000100602008 , Callao,Callao,Callao,Centro Poblado: Callao,Mza: 008","008",74,73,33,2,0,0,0,0,0,0,28,1,3,0,3,0,0,5,22,1,0,0,3,28,5,31,147,50.3,28,17.9,1.67
"07010100010060200901","070101000100602009A, Callao,Callao,Callao,Centro Poblado: Callao,Mza: 009A","009A",24,26,16,0,0,0,0,0,0,0,12,1,1,0,2,0,0,0,12,0,0,0,3,12,4,12,50,48,12,0,1.33
"07010100010060200905","070101000100602009E, Callao,Callao,Callao,Centro Poblado: Callao,Mza: 009E","009E",13,18,8,0,0,0,0,0,0,0,7,0,1,0,0,0,0,0,7,0,0,0,4,7,4,7,31,41.9,7,0,1
"07010100010060200906","070101000100602009F, Callao,Callao,Callao,Centro Poblado: Callao,Mza: 009F","009F",65,55,30,0,0,0,0,0,0,0,28,2,0,0,0,0,0,5,21,2,0,0,3,28,4,34,120,54.2,28,17.9,1.33
"07010100010060201101","070101000100602011A, Callao,Callao,Callao,Centro Poblado: Callao,Mza: 011A","011A",48,45,30,2,0,0,0,0,0,0,26,1,1,0,4,0,0,11,11,3,1,0,3,26,4,26,93,51.6,26,42.3,1.33
"07010100010060201102","070101000100602011B, Callao,Callao,Callao,Centro Poblado: Callao,Mza: 011B","011B",57,61,32,0,0,1,0,0,0,0,25,0,4,0,4,0,0,7,17,0,1,0,3,25,4,29,118,48.3,25,28,1.33
"07010100010060201200","070101000100602012 , Callao,Callao,Callao,Centro Poblado: Callao,Mza: 012","012",35,42,16,0,0,2,0,0,0,0,15,1,0,0,1,0,1,2,12,0,1,0,3,15,5,16,77,45.5,15,13.3,1.67
"07010100010060201301","070101000100602013A, Callao,Callao,Callao,Centro Poblado: Callao,Mza: 013A","013A",26,30,21,2,2,0,0,0,0,0,15,0,0,3,7,0,0,3,10,2,0,0,3,15,4,16,56,46.4,15,20,1.33
"07010100010060201302","070101000100602013B, Callao,Callao,Callao,Centro Poblado: Callao,Mza: 013B","013B",37,38,29,0,0,0,0,0,0,0,15,1,0,0,9,4,0,3,9,1,2,0,3,15,4,17,75,49.3,15,20,1.33
"07010100010060201401","070101000100602014A, Callao,Callao,Callao,Centro Poblado: Callao,Mza: 014A","014A",41,53,25,0,0,1,0,0,0,0,21,2,0,1,1,1,0,4,17,0,0,0,3,21,4,22,94,43.6,21,19,1.33
"07010100010060201402","070101000100602014B, Callao,Callao,Callao,Centro Poblado: Callao,Mza: 014B","014B",42,58,18,0,0,0,0,0,0,0,18,0,0,0,0,0,0,2,16,0,0,0,3,18,5,21,100,42,18,11.1,1.67
"07010100010060201500","070101000100602015 , Callao,Callao,Callao,Centro Poblado: Callao,Mza: 015","015",42,50,22,0,0,1,0,0,0,0,18,0,0,0,5,0,0,2,16,0,0,0,4,18,4,21,92,45.7,18,11.1,1
"07010100010060202002","070101000100602020B, Callao,Callao,Callao,Centro Poblado: Callao,Mza: 020B","020B",83,86,39,0,0,0,0,0,0,0,34,2,0,0,2,0,1,8,13,13,0,0,4,34,4,39,169,49.1,34,23.5,1
"07010100010060202006","070101000100602020F, Callao,Callao,Callao,Centro Poblado: Callao,Mza: 020F","020F",44,56,22,0,0,1,0,0,0,0,21,0,0,0,1,1,0,2,17,2,0,0,3,21,4,25,100,44,21,9.5,1.33
"07010100010060202301","070101000100602023A, Callao,Callao,Callao,Centro Poblado: Callao,Mza: 023A","023A",64,59,36,0,0,6,0,0,0,0,33,3,0,0,5,1,0,14,19,0,0,0,3,33,4,33,123,52,33,42.4,1.33
"07010100010060202303","070101000100602023C, Callao,Callao,Callao,Centro Poblado: Callao,Mza: 023C","023C",135,134,64,0,0,0,0,0,0,0,53,2,1,0,4,4,0,11,35,3,4,0,3,53,4,67,269,50.2,53,20.8,1.33
"07010100010060203000","070101000100602030 , Callao,Callao,Callao,Centro Poblado: Callao,Mza: 030","030",65,73,38,1,0,0,5,0,0,0,27,2,0,0,7,2,1,5,11,10,1,0,3,27,3,32,138,47.1,27,18.5,1
"07010100010060203101","070101000100602031A, Callao,Callao,Callao,Centro Poblado: Callao,Mza: 031A","031A",48,42,23,0,0,0,0,0,0,0,17,2,1,0,2,1,0,3,7,6,1,0,4,17,4,22,90,53.3,17,17.6,1
"07010100010060203102","070101000100602031B, Callao,Callao,Callao,Centro Poblado: Callao,Mza: 031B","031B",28,32,16,0,0,0,0,0,0,0,14,0,0,0,0,2,0,11,0,3,0,0,2,14,4,15,60,46.7,14,78.6,2
"07010100010060203400","070101000100602034 , Callao,Callao,Callao,Centro Poblado: Callao,Mza: 034","034",49,37,34,0,0,0,0,0,0,0,23,1,1,2,6,1,0,4,13,6,0,0,4,23,4,24,86,57,23,17.4,1
"07010100010060203500","070101000100602035 , Callao,Callao,Callao,Centro Poblado: Callao,Mza: 035","035",44,69,22,0,6,0,0,0,0,0,23,2,0,0,2,1,0,5,10,7,1,0,4,23,4,26,113,38.9,23,21.7,1
"07010100010060203601","070101000100602036A, Callao,Callao,Callao,Centro Poblado: Callao,Mza: 036A","036A",19,20,13,0,0,0,0,0,0,0,9,0,0,0,2,1,1,1,7,1,0,0,4,9,3,12,39,48.7,9,11.1,0.75
"07010100010060203602","070101000100602036B, Callao,Callao,Callao,Centro Poblado: Callao,Mza: 036B","036B",32,33,23,0,0,0,0,0,0,0,16,0,0,0,5,1,1,6,8,1,1,0,3,16,3,21,65,49.2,16,37.5,1
"07010100010060203702","070101000100602037B, Callao,Callao,Callao,Centro Poblado: Callao,Mza: 037B","037B",45,46,24,0,0,1,0,0,0,0,21,1,2,0,1,0,0,7,7,7,0,0,3,21,4,22,91,49.5,21,33.3,1.33
"07010100010060203800","070101000100602038 , Callao,Callao,Callao,Centro Poblado: Callao,Mza: 038","038",67,76,42,0,0,2,0,0,0,0,33,1,0,1,9,0,0,11,18,1,3,0,3,33,4,33,143,46.9,33,33.3,1.33
"07010100010060203900","070101000100602039 , Callao,Callao,Callao,Centro Poblado: Callao,Mza: 039","039",38,37,21,0,0,0,0,0,0,0,17,1,3,0,0,0,0,6,10,1,0,0,3,17,4,18,75,50.7,17,35.3,1.33
"07010100010060204100","070101000100602041 , Callao,Callao,Callao,Centro Poblado: Callao,Mza: 041","041",58,66,43,0,0,0,0,0,0,0,35,2,0,0,3,3,0,5,26,0,4,0,2,35,4,35,124,46.8,35,14.3,2
"07010100010060204201","070101000100602042A, Callao,Callao,Callao,Centro Poblado: Callao,Mza: 042A","042A",21,23,12,0,0,0,0,0,0,0,9,0,0,0,2,1,0,2,7,0,0,0,3,9,5,9,44,47.7,9,22.2,1.67
"07010100010060204202","070101000100602042B, Callao,Callao,Callao,Centro Poblado: Callao,Mza: 042B","042B",45,48,22,0,0,0,0,0,0,0,18,0,1,0,3,0,0,2,12,2,2,0,3,18,5,19,93,48.4,18,11.1,1.67
"07010100010060204300","070101000100602043 , Callao,Callao,Callao,Centro Poblado: Callao,Mza: 043","043",52,64,26,4,0,0,0,0,0,0,25,1,0,0,2,2,0,5,16,0,4,0,3,25,4,28,116,44.8,25,20,1.33
"07010100010060204302","070101000100602043B, Callao,Callao,Callao,Centro Poblado: Callao,Mza: 043B","043B",42,32,22,0,0,0,0,0,0,0,13,1,1,0,7,0,0,2,11,0,0,0,4,13,5,16,74,56.8,13,15.4,1.25
"07010100010060204600","070101000100602046 , Callao,Callao,Callao,Centro Poblado: Callao,Mza: 046","046",32,41,27,0,0,0,0,0,0,0,18,1,3,0,5,0,0,2,15,1,0,0,3,18,4,18,73,43.8,18,11.1,1.33
"07010100010060204601","070101000100602046A, Callao,Callao,Callao,Centro Poblado: Callao,Mza: 046A","046A",41,32,20,0,0,0,0,0,0,0,18,0,0,0,1,1,0,3,12,1,2,0,2,18,4,18,73,56.2,18,16.7,2
"07010100010060204602","070101000100602046B, Callao,Callao,Callao,Centro Poblado: Callao,Mza: 046B","046B",40,41,29,0,0,0,0,0,1,0,26,1,3,0,0,0,0,6,19,0,1,0,2,26,3,26,81,49.4,26,23.1,1.5
"07010100010060204700","070101000100602047 , Callao,Callao,Callao,Centro Poblado: Callao,Mza: 047","047",22,20,17,0,0,1,0,0,0,0,10,1,1,0,3,3,0,2,5,2,1,0,3,10,4,11,42,52.4,10,20,1.33
"07010100010060204801","070101000100602048A, Callao,Callao,Callao,Centro Poblado: Callao,Mza: 048A","048A",72,68,33,2,0,1,0,0,0,0,28,2,3,0,2,1,0,9,17,1,1,0,3,28,4,34,140,51.4,28,32.1,1.33
"07010100010060204903","070101000100602049C, Callao,Callao,Callao,Centro Poblado: Callao,Mza: 049C","049C",33,32,23,0,0,0,0,0,0,0,19,1,2,0,1,0,0,2,16,1,0,0,2,19,3,19,65,50.8,19,10.5,1.5
"07010100010060205103","070101000100602051C, Callao,Callao,Callao,Centro Poblado: Callao,Mza: 051C","051C",59,62,33,0,0,0,0,0,0,0,24,3,1,0,4,1,0,7,16,1,0,0,3,24,5,24,121,48.8,24,29.2,1.67
"07010100010060205106","070101000100602051F, Callao,Callao,Callao,Centro Poblado: Callao,Mza: 051F","051F",30,30,23,0,0,0,0,0,0,0,15,2,1,0,5,0,0,3,11,0,1,0,3,15,4,16,60,50,15,20,1.33
"07010100010060205107","070101000100602051G, Callao,Callao,Callao,Centro Poblado: Callao,Mza: 051G","051G",39,37,25,4,0,0,0,0,0,0,19,0,0,1,6,1,2,7,7,5,0,0,3,19,4,19,76,51.3,19,36.8,1.33
"07010100010060205108","070101000100602051H, Callao,Callao,Callao,Centro Poblado: Callao,Mza: 051H","051H",58,55,34,0,0,3,0,0,0,0,30,1,2,0,4,0,0,6,19,3,2,0,3,30,4,30,113,51.3,30,20,1.33
"07010100010060205201","070101000100602052A, Callao,Callao,Callao,Centro Poblado: Callao,Mza: 052A","052A",20,21,20,0,0,0,0,0,0,0,14,1,1,1,3,0,0,8,6,0,0,0,2,14,3,14,41,48.8,14,57.1,1.5
"07010100010060205202","070101000100602052B, Callao,Callao,Callao,Centro Poblado: Callao,Mza: 052B","052B",31,39,16,0,0,0,0,0,0,0,12,1,0,0,3,0,0,3,7,1,1,0,4,12,4,18,70,44.3,12,25,1
"07010100010060205400","070101000100602054 , Callao,Callao,Callao,Centro Poblado: Callao,Mza: 054","054",33,25,14,4,0,0,0,0,0,0,14,1,3,0,0,0,0,6,2,2,4,0,2,14,4,14,58,56.9,14,42.9,2
"07010100010060205500","070101000100602055 , Callao,Callao,Callao,Centro Poblado: Callao,Mza: 055","055",60,58,35,0,0,0,0,0,0,0,33,2,0,0,0,0,0,13,16,1,3,0,2,33,4,33,118,50.8,33,39.4,2
"07010100010060205501","070101000100602055A, Callao,Callao,Callao,Centro Poblado: Callao,Mza: 055A","055A",37,36,20,3,0,1,0,0,1,0,19,1,2,0,2,1,0,5,11,3,0,0,3,19,3,22,73,50.7,19,26.3,1
"07010100010060205600","070101000100602056 , Callao,Callao,Callao,Centro Poblado: Callao,Mza: 056","056",20,16,8,7,0,0,0,0,0,0,9,0,0,0,6,0,0,3,4,0,2,0,3,9,4,9,36,55.6,9,33.3,1.33
"07010100010060205702","070101000100602057B, Callao,Callao,Callao,Centro Poblado: Callao,Mza: 057B","057B",46,44,25,0,0,0,0,0,0,0,21,0,0,0,4,0,0,2,17,1,1,0,3,21,4,22,90,51.1,21,9.5,1.33
"07010100010060205800","070101000100602058 , Callao,Callao,Callao,Centro Poblado: Callao,Mza: 058","058",42,37,16,4,0,0,0,0,0,0,16,0,0,0,3,0,1,6,10,0,0,0,3,16,5,16,79,53.2,16,37.5,1.67
"07010100010060205900","070101000100602059 , Callao,Callao,Callao,Centro Poblado: Callao,Mza: 059","059",19,41,26,0,0,0,0,0,0,0,17,2,2,0,4,1,0,4,7,6,0,0,3,17,3,18,60,31.7,17,23.5,1
"07010100010060206001","070101000100602060A, Callao,Callao,Callao,Centro Poblado: Callao,Mza: 060A","060A",46,42,23,6,0,0,0,0,0,0,25,1,2,0,1,0,0,7,16,2,0,0,3,25,4,25,88,52.3,25,28,1.33
"07010100010060206002","070101000100602060B, Callao,Callao,Callao,Centro Poblado: Callao,Mza: 060B","060B",40,40,27,0,0,0,0,0,0,0,22,2,1,0,2,0,0,5,15,0,2,0,3,22,4,22,80,50,22,22.7,1.33
"07010100010060206100","070101000100602061 , Callao,Callao,Callao,Centro Poblado: Callao,Mza: 061","061",41,46,25,4,0,1,0,0,0,0,24,1,3,0,1,1,0,3,21,0,0,0,3,24,4,24,87,47.1,24,12.5,1.33
"07010100010060206200","070101000100602062 , Callao,Callao,Callao,Centro Poblado: Callao,Mza: 062","062",49,45,34,0,0,0,0,0,0,0,26,1,7,0,0,0,0,6,18,1,1,0,2,26,4,26,94,52.1,26,23.1,2
"07010100010060206300","070101000100602063 , Callao,Callao,Callao,Centro Poblado: Callao,Mza: 063","063",53,66,20,14,0,0,0,0,1,0,28,3,1,0,1,0,2,14,10,4,0,0,3,28,4,28,119,44.5,28,50,1.33
"07010100010060206404","070101000100602064D, Callao,Callao,Callao,Centro Poblado: Callao,Mza: 064D","064D",25,30,21,0,0,0,0,0,0,0,14,2,3,0,2,0,0,1,12,0,1,0,3,14,4,14,55,45.5,14,7.1,1.33
"07010100010060206405","070101000100602064E, Callao,Callao,Callao,Centro Poblado: Callao,Mza: 064E","064E",41,45,22,0,0,0,0,0,0,0,18,1,0,0,3,0,0,0,16,1,1,0,2,18,4,20,86,47.7,18,0,2
"07010100010060206406","070101000100602064F, Callao,Callao,Callao,Centro Poblado: Callao,Mza: 064F","064F",39,28,18,0,0,0,0,0,0,0,15,0,0,0,1,2,0,5,4,1,5,0,2,15,4,19,67,58.2,15,33.3,2
"07010100010060206413","070101000100602064M, Callao,Callao,Callao,Centro Poblado: Callao,Mza: 064M","064M",18,19,8,2,0,0,0,0,0,0,8,0,0,0,2,0,0,3,4,1,0,0,4,8,5,8,37,48.6,8,37.5,1.25
"07010100010060206415","070101000100602064O, Callao,Callao,Callao,Centro Poblado: Callao,Mza: 064O","064O",20,16,21,0,0,1,0,0,0,0,11,0,3,0,7,1,0,0,10,0,1,0,2,11,3,11,36,55.6,11,0,1.5
"07010100010060206423","070101000100602064W, Callao,Callao,Callao,Centro Poblado: Callao,Mza: 064W","064W",60,56,37,0,0,2,0,0,0,0,30,2,0,0,7,0,0,8,20,1,1,0,3,30,4,30,116,51.7,30,26.7,1.33
"07010100010060206424","070101000100602064X, Callao,Callao,Callao,Centro Poblado: Callao,Mza: 064X","064X",67,65,41,0,0,0,0,0,0,0,32,4,3,0,2,0,0,7,22,1,2,0,3,32,4,33,132,50.8,32,21.9,1.33
"07010100010060206425","070101000100602064Y, Callao,Callao,Callao,Centro Poblado: Callao,Mza: 064Y","064Y",34,39,16,6,0,0,0,0,0,0,19,1,1,0,0,1,0,4,15,0,0,0,3,19,4,20,73,46.6,19,21.1,1.33
"07010100010060206600","070101000100602066 , Callao,Callao,Callao,Centro Poblado: Callao,Mza: 066","066",64,75,39,2,0,0,0,0,0,0,33,1,0,0,3,1,3,7,22,0,4,0,3,33,4,38,139,46,33,21.2,1.33
"07010100010060206700","070101000100602067 , Callao,Callao,Callao,Centro Poblado: Callao,Mza: 067","067",68,67,29,10,0,2,0,2,0,0,30,3,2,0,6,1,1,11,16,3,0,0,3,30,4,30,135,50.4,30,36.7,1.33
"07010100010060206904","070101000100602069D, Callao,Callao,Callao,Centro Poblado: Callao,Mza: 069D","069D",51,44,20,0,0,4,0,0,0,0,20,1,1,0,2,0,0,4,14,2,0,0,3,20,5,20,95,53.7,20,20,1.67
"07010100010060206905","070101000100602069E, Callao,Callao,Callao,Centro Poblado: Callao,Mza: 069E","069E",53,75,32,0,0,4,0,0,0,0,30,0,0,0,6,0,0,7,23,0,0,0,3,30,4,30,128,41.4,30,23.3,1.33
"07010100010060206906","070101000100602069F, Callao,Callao,Callao,Centro Poblado: Callao,Mza: 069F","069F",100,81,50,0,0,0,0,0,0,0,42,5,1,0,0,2,0,6,35,1,0,0,3,42,4,43,181,55.2,42,14.3,1.33
"07010100010060206907","070101000100602069G, Callao,Callao,Callao,Centro Poblado: Callao,Mza: 069G","069G",41,39,31,0,0,1,0,0,0,0,19,2,5,1,4,1,0,5,11,2,1,0,3,19,3,23,80,51.2,19,26.3,1
"07010100010060206908","070101000100602069H, Callao,Callao,Callao,Centro Poblado: Callao,Mza: 069H","069H",57,62,27,0,0,8,0,0,0,0,27,2,0,0,6,0,0,5,21,1,0,0,3,27,4,28,119,47.9,27,18.5,1.33
"07010100010060206909","070101000100602069I, Callao,Callao,Callao,Centro Poblado: Callao,Mza: 069I","069I",52,64,37,4,0,0,0,0,0,0,32,3,3,0,2,1,0,10,19,2,1,0,2,32,4,32,116,44.8,32,31.2,2
"07010100010060206910","070101000100602069J, Callao,Callao,Callao,Centro Poblado: Callao,Mza: 069J","069J",55,40,28,2,0,3,0,0,0,0,23,0,1,0,7,1,1,2,18,1,1,1,4,23,4,25,95,57.9,23,8.7,1
"07010100010060207000","070101000100602070 , Callao,Callao,Callao,Centro Poblado: Callao,Mza: 070","070",78,94,41,0,0,1,0,0,0,0,38,3,0,0,1,0,0,10,13,14,1,0,3,38,4,43,172,45.3,38,26.3,1.33
"07010100010060207100","070101000100602071 , Callao,Callao,Callao,Centro Poblado: Callao,Mza: 071","071",39,32,30,0,0,0,0,0,0,0,16,2,11,0,1,0,0,2,11,0,3,0,3,16,4,16,71,54.9,16,12.5,1.33
"07010100010060207300","070101000100602073 , Callao,Callao,Callao,Centro Poblado: Callao,Mza: 073","073",27,22,14,0,0,0,0,0,0,0,10,1,0,0,3,0,0,1,4,5,0,0,2,10,5,10,49,55.1,10,10,2.5
"07010100010060288888","0701010001006028888, Callao,Callao,Callao,Centro Poblado: Callao,Mza: 8888","8888",167,135,86,2,1,1,1,0,6,0,72,3,9,0,10,1,1,15,48,7,2,0,3,72,4,77,302,55.3,72,20.8,1.33
"07010100010060300213","070101000100603002M, Callao,Callao,Callao,Centro Poblado: Callao,Mza: 002M","002M",13,19,13,0,0,0,0,0,0,0,8,2,3,0,0,0,0,0,7,1,0,0,5,8,3,11,32,40.6,8,0,0.6
"07010100010060300214","070101000100603002N, Callao,Callao,Callao,Centro Poblado: Callao,Mza: 002N","002N",36,29,13,0,0,0,0,0,0,0,13,0,0,0,0,0,0,2,10,1,0,0,4,13,3,20,65,55.4,13,15.4,0.75
"07010100010060300217","070101000100603002Q, Callao,Callao,Callao,Centro Poblado: Callao,Mza: 002Q","002Q",25,27,11,0,0,0,0,0,0,0,11,0,0,0,0,0,0,1,10,0,0,0,3,11,4,13,52,48.1,11,9.1,1.33
"07010100010060300218","070101000100603002R, Callao,Callao,Callao,Centro Poblado: Callao,Mza: 002R","002R",19,22,9,0,0,0,0,0,0,0,8,1,0,0,0,0,0,1,7,0,0,0,3,8,5,9,41,46.3,8,12.5,1.67
"07010100010060300219","070101000100603002S, Callao,Callao,Callao,Centro Poblado: Callao,Mza: 002S","002S",38,34,24,0,0,0,0,0,0,0,15,0,0,0,7,2,0,0,13,2,0,0,3,15,4,17,72,52.8,15,0,1.33
"07010100010060300220","070101000100603002T, Callao,Callao,Callao,Centro Poblado: Callao,Mza: 002T","002T",15,18,8,0,1,1,0,0,0,0,9,1,0,0,0,0,0,2,5,2,0,0,4,9,3,10,33,45.5,9,22.2,0.75
"07010100010060300313","070101000100603003M, Callao,Callao,Callao,Centro Poblado: Callao,Mza: 003M","003M",24,34,15,0,0,0,0,0,0,0,12,1,0,0,2,0,0,5,6,0,1,0,3,12,4,15,58,41.4,12,41.7,1.33
"07010100010060300315","070101000100603003O, Callao,Callao,Callao,Centro Poblado: Callao,Mza: 003O","003O",44,34,12,0,0,0,0,0,0,0,10,0,0,0,2,0,0,4,3,2,1,0,5,10,4,21,78,56.4,10,40,0.8
"07010100010060300317","070101000100603003Q, Callao,Callao,Callao,Centro Poblado: Callao,Mza: 003Q","003Q",17,16,11,0,0,0,0,0,0,0,6,1,2,0,2,0,0,1,5,0,0,0,5,6,4,8,33,51.5,6,16.7,0.8
"07010100010060300500","070101000100603005 , Callao,Callao,Callao,Centro Poblado: Callao,Mza: 005","005",14,16,8,0,0,0,0,0,0,0,5,0,0,0,2,1,0,1,4,0,0,0,4,5,4,8,30,46.7,5,20,1
"07010100010060300707","070101000100603007G, Callao,Callao,Callao,Centro Poblado: Callao,Mza: 007G","007G",21,21,18,0,0,0,0,0,0,0,9,2,5,0,2,0,0,2,7,0,0,0,3,9,4,11,42,50,9,22.2,1.33
"07010100010060300801","070101000100603008A, Callao,Callao,Callao,Centro Poblado: Callao,Mza: 008A","008A",23,21,10,0,0,0,0,0,2,0,7,1,0,0,4,0,0,1,5,0,1,0,4,7,4,11,44,52.3,7,14.3,1
"07010100010060301009","070101000100603010I, Callao,Callao,Callao,Centro Poblado: Callao,Mza: 010I","010I",27,33,15,0,0,0,0,0,0,0,15,0,0,0,0,0,0,5,9,1,0,0,3,15,4,15,60,45,15,33.3,1.33
"07010100010060301011","070101000100603010K, Callao,Callao,Callao,Centro Poblado: Callao,Mza: 010K","010K",30,35,28,0,0,0,0,0,0,0,20,4,3,0,1,0,0,9,9,1,1,0,3,20,3,20,65,46.2,20,45,1
"07010100010060301012","070101000100603010L, Callao,Callao,Callao,Centro Poblado: Callao,Mza: 010L","010L",37,40,20,0,0,1,0,0,0,0,18,2,1,0,0,0,0,4,12,0,2,0,4,18,4,18,77,48.1,18,22.2,1
"07010100010060301014","070101000100603010N, Callao,Callao,Callao,Centro Poblado: Callao,Mza: 010N","010N",41,41,18,0,0,0,0,0,0,0,18,0,0,0,0,0,0,4,13,1,0,0,3,18,5,18,82,50,18,22.2,1.67
"07010100010060301015","070101000100603010O, Callao,Callao,Callao,Centro Poblado: Callao,Mza: 010O","010O",33,25,25,0,0,0,0,0,0,0,19,1,1,0,4,0,0,4,9,5,1,0,3,19,3,23,58,56.9,19,21.1,1
"07010100010060301301","070101000100603013A, Callao,Callao,Callao,Centro Poblado: Callao,Mza: 013A","013A",75,78,41,3,0,0,0,0,0,0,44,0,0,0,0,0,0,15,22,4,3,0,3,44,3,44,153,49,44,34.1,1
"07010100010060301401","070101000100603014A, Callao,Callao,Callao,Centro Poblado: Callao,Mza: 014A","014A",18,13,11,0,0,0,0,0,0,0,7,0,1,1,2,0,0,0,7,0,0,0,4,7,4,8,31,58.1,7,0,1
"07010100010060301403","070101000100603014C, Callao,Callao,Callao,Centro Poblado: Callao,Mza: 014C","014C",22,26,16,0,0,0,0,0,0,0,12,0,1,0,2,1,0,3,8,0,1,0,3,12,3,14,48,45.8,12,25,1
"07010100010060301500","070101000100603015 , Callao,Callao,Callao,Centro Poblado: Callao,Mza: 015","015",27,29,15,0,0,0,0,0,0,0,12,0,0,0,3,0,0,1,10,1,0,0,3,12,4,13,56,48.2,12,8.3,1.33
"07010100010060302305","070101000100603023E, Callao,Callao,Callao,Centro Poblado: Callao,Mza: 023E","023E",27,25,9,0,0,0,0,0,1,0,8,0,0,0,2,0,0,1,4,1,2,0,4,8,5,10,52,51.9,8,12.5,1.25
"07010100010060302306","070101000100603023F, Callao,Callao,Callao,Centro Poblado: Callao,Mza: 023F","023F",29,31,19,0,0,0,0,0,0,0,19,0,0,0,0,0,0,3,13,0,3,0,3,19,3,22,60,48.3,19,15.8,1
"07010100010060302500","070101000100603025 , Callao,Callao,Callao,Centro Poblado: Callao,Mza: 025","025",24,17,18,0,0,0,0,0,0,0,8,0,0,0,9,1,0,1,6,1,0,0,2,8,5,8,41,58.5,8,12.5,2.5
"07010100010060302700","070101000100603027 , Callao,Callao,Callao,Centro Poblado: Callao,Mza: 027","027",86,104,34,9,0,0,1,0,0,0,42,1,0,0,0,0,0,18,21,2,1,0,4,42,4,45,190,45.3,42,42.9,1
"07010100010060302800","070101000100603028 , Callao,Callao,Callao,Centro Poblado: Callao,Mza: 028","028",18,16,9,0,0,0,0,0,0,0,9,0,0,0,0,0,0,1,5,3,0,0,3,9,3,12,34,52.9,9,11.1,1
"07010100010060302900","070101000100603029 , Callao,Callao,Callao,Centro Poblado: Callao,Mza: 029","029",41,42,17,6,0,0,0,0,0,0,18,1,1,0,3,0,0,6,6,6,0,0,3,18,3,27,83,49.4,18,33.3,1
"07010100010060303000","070101000100603030 , Callao,Callao,Callao,Centro Poblado: Callao,Mza: 030","030",42,33,16,5,0,0,0,0,0,0,21,0,0,0,0,0,0,7,8,2,4,0,3,21,4,21,75,56,21,33.3,1.33
"07010100010060303100","070101000100603031 , Callao,Callao,Callao,Centro Poblado: Callao,Mza: 031","031",22,20,18,1,0,0,0,0,0,0,10,1,4,0,4,0,0,1,7,2,0,0,3,10,4,10,42,52.4,10,10,1.33
"07010100010060303200","070101000100603032 , Callao,Callao,Callao,Centro Poblado: Callao,Mza: 032","032",50,45,39,0,0,0,0,0,0,0,21,0,0,0,17,1,0,3,9,8,1,0,3,21,4,27,95,52.6,21,14.3,1.33
"07010100010060303301","070101000100603033A, Callao,Callao,Callao,Centro Poblado: Callao,Mza: 033A","033A",43,54,14,0,0,0,0,0,0,0,11,0,0,0,3,0,0,2,2,7,0,0,5,11,4,25,97,44.3,11,18.2,0.8
"07010100010060303302","070101000100603033B, Callao,Callao,Callao,Centro Poblado: Callao,Mza: 033B","033B",26,21,16,0,0,0,0,0,0,0,11,0,5,0,0,0,0,1,9,1,0,0,3,11,4,11,47,55.3,11,9.1,1.33
"07010100010060303306","070101000100603033F, Callao,Callao,Callao,Centro Poblado: Callao,Mza: 033F","033F",27,24,17,0,0,0,0,0,0,0,9,1,4,0,3,0,0,1,6,1,1,0,4,9,6,9,51,52.9,9,11.1,1.5
"07010100010060303401","070101000100603034A, Callao,Callao,Callao,Centro Poblado: Callao,Mza: 034A","034A",60,49,26,0,0,0,0,0,0,0,22,0,0,0,4,0,0,5,8,8,1,0,3,22,4,29,109,55,22,22.7,1.33
"07010100010060303402","070101000100603034B, Callao,Callao,Callao,Centro Poblado: Callao,Mza: 034B","034B",37,36,27,0,0,0,0,0,1,0,20,1,0,1,4,2,0,6,8,4,2,0,3,20,3,22,73,50.7,20,30,1
"07010100010060303404","070101000100603034D, Callao,Callao,Callao,Centro Poblado: Callao,Mza: 034D","034D",19,23,12,0,0,0,0,0,0,0,8,0,0,0,2,2,0,4,3,1,0,0,3,8,5,9,42,45.2,8,50,1.67
"07010100010060303405","070101000100603034E, Callao,Callao,Callao,Centro Poblado: Callao,Mza: 034E","034E",45,43,19,0,0,0,0,0,0,0,14,0,0,0,5,0,0,2,8,3,1,0,3,14,4,21,88,51.1,14,14.3,1.33
"07010100010060303500","070101000100603035 , Callao,Callao,Callao,Centro Poblado: Callao,Mza: 035","035",28,28,23,0,0,0,0,0,0,0,13,1,2,0,5,2,0,3,7,3,0,0,3,13,4,14,56,50,13,23.1,1.33
"07010100010060303501","070101000100603035A, Callao,Callao,Callao,Centro Poblado: Callao,Mza: 035A","035A",39,25,19,0,0,2,0,0,0,0,16,1,3,0,0,0,1,2,10,4,0,0,3,16,3,22,64,60.9,16,12.5,1
"07010100010060303600","070101000100603036 , Callao,Callao,Callao,Centro Poblado: Callao,Mza: 036","036",57,55,24,2,0,0,0,0,0,0,21,2,3,0,0,0,0,4,11,6,0,0,4,21,4,28,112,50.9,21,19,1
"07010100010060303601","070101000100603036A, Callao,Callao,Callao,Centro Poblado: Callao,Mza: 036A","036A",71,67,32,1,0,0,0,0,1,0,30,1,0,0,3,0,0,8,19,1,2,0,3,30,5,30,138,51.4,30,26.7,1.67
"07010100010060303602","070101000100603036B, Callao,Callao,Callao,Centro Poblado: Callao,Mza: 036B","036B",29,24,16,0,0,0,0,0,0,0,14,1,0,0,0,1,0,4,6,1,3,0,2,14,4,14,53,54.7,14,28.6,2
"07010100010060303607","070101000100603036G, Callao,Callao,Callao,Centro Poblado: Callao,Mza: 036G","036G",41,49,20,5,0,0,0,0,0,0,21,1,0,0,0,2,1,5,13,2,1,0,3,21,4,22,90,45.6,21,23.8,1.33
"07010100010060303700","070101000100603037 , Callao,Callao,Callao,Centro Poblado: Callao,Mza: 037","037",29,31,22,2,0,0,0,0,2,0,15,3,0,0,4,1,3,5,6,3,1,0,3,15,4,17,60,48.3,15,33.3,1.33
"07010100010060303701","070101000100603037A, Callao,Callao,Callao,Centro Poblado: Callao,Mza: 037A","037A",29,23,10,0,0,0,0,0,2,0,10,0,0,0,2,0,0,1,4,2,3,0,4,10,3,15,52,55.8,10,10,0.75
"07010100010060303702","070101000100603037B, Callao,Callao,Callao,Centro Poblado: Callao,Mza: 037B","037B",14,16,8,0,0,0,0,0,0,0,7,1,0,0,0,0,0,1,6,0,0,0,2,7,4,7,30,46.7,7,14.3,2
"07010100010060303703","070101000100603037C, Callao,Callao,Callao,Centro Poblado: Callao,Mza: 037C","037C",23,17,10,0,1,1,0,0,0,0,11,1,0,0,0,0,0,1,8,0,2,0,3,11,4,11,40,57.5,11,9.1,1.33
"07010100010060303802","070101000100603038B, Callao,Callao,Callao,Centro Poblado: Callao,Mza: 038B","038B",30,29,16,0,0,0,0,0,0,0,12,1,2,0,0,1,0,0,6,5,1,0,5,12,5,12,59,50.8,12,0,1
"07010100010060303803","070101000100603038C, Callao,Callao,Callao,Centro Poblado: Callao,Mza: 038C","038C",16,15,7,0,0,0,0,0,2,0,8,1,0,0,0,0,0,1,3,0,4,0,3,8,4,8,31,51.6,8,12.5,1.33
"07010100010060303805","070101000100603038E, Callao,Callao,Callao,Centro Poblado: Callao,Mza: 038E","038E",36,25,14,0,0,0,0,0,0,0,14,0,0,0,0,0,0,2,12,0,0,0,2,14,3,19,61,59,14,14.3,1.5
"07010100010060304000","070101000100603040 , Callao,Callao,Callao,Centro Poblado: Callao,Mza: 040","040",30,36,25,0,0,0,0,0,0,0,19,1,1,0,4,0,0,4,14,1,0,0,4,19,3,24,66,45.5,19,21.1,0.75
"07010100010060304400","070101000100603044 , Callao,Callao,Callao,Centro Poblado: Callao,Mza: 044","044",67,76,37,0,0,1,0,0,0,0,36,2,0,0,0,0,0,4,6,21,5,0,3,36,3,42,143,46.9,36,11.1,1
"07010100010060304500","070101000100603045 , Callao,Callao,Callao,Centro Poblado: Callao,Mza: 045","045",60,59,29,0,0,0,0,0,0,0,28,0,0,0,1,0,0,7,0,17,4,0,5,28,4,31,119,50.4,28,25,0.8
"07010100010060304600","070101000100603046 , Callao,Callao,Callao,Centro Poblado: Callao,Mza: 046","046",80,69,33,0,0,0,0,0,0,0,32,0,1,0,0,0,0,8,2,22,0,0,4,32,4,38,149,53.7,32,25,1
"07010100010060304700","070101000100603047 , Callao,Callao,Callao,Centro Poblado: Callao,Mza: 047","047",129,140,63,0,0,0,0,0,0,0,59,2,1,0,1,0,0,11,10,37,1,0,4,59,4,68,269,48,59,18.6,1
"07010100010060304900","070101000100603049 , Callao,Callao,Callao,Centro Poblado: Callao,Mza: 049","049",19,20,24,0,0,1,0,0,0,0,20,2,1,0,1,0,1,0,4,16,0,0,3,20,2,20,39,48.7,20,0,0.67
"07010100010060305000","070101000100603050 , Callao,Callao,Callao,Centro Poblado: Callao,Mza: 050","050",35,42,20,0,0,0,0,0,0,0,20,0,0,0,0,0,0,0,1,19,0,0,3,20,4,20,77,45.5,20,0,1.33
"07010100010060305100","070101000100603051 , Callao,Callao,Callao,Centro Poblado: Callao,Mza: 051","051",33,49,21,5,0,0,0,0,0,0,26,0,0,0,0,0,0,11,4,9,2,0,3,26,3,27,82,40.2,26,42.3,1
"07010100010060305200","070101000100603052 , Callao,Callao,Callao,Centro Poblado: Callao,Mza: 052","052",79,85,31,0,0,0,0,0,0,0,27,2,1,0,0,1,0,11,14,1,1,0,3,27,5,35,164,48.2,27,40.7,1.67
"07010100010060305400","070101000100603054 , Callao,Callao,Callao,Centro Poblado: Callao,Mza: 054","054",60,47,24,0,0,0,0,0,0,0,21,1,0,0,1,1,0,3,17,1,0,0,4,21,3,31,107,56.1,21,14.3,0.75
"07010100010060305500","070101000100603055 , Callao,Callao,Callao,Centro Poblado: Callao,Mza: 055","055",49,49,21,0,0,0,0,0,0,0,21,0,0,0,0,0,0,8,11,0,2,0,3,21,4,24,98,50,21,38.1,1.33
"07010100010060305600","070101000100603056 , Callao,Callao,Callao,Centro Poblado: Callao,Mza: 056","056",68,65,20,0,0,0,0,0,0,0,19,1,0,0,0,0,0,10,9,0,0,0,3,19,5,28,133,51.1,19,52.6,1.67
"07010100010060305701","070101000100603057A, Callao,Callao,Callao,Centro Poblado: Callao,Mza: 057A","057A",29,35,13,0,0,0,0,0,0,0,11,0,0,0,2,0,0,1,9,0,1,0,4,11,4,15,64,45.3,11,9.1,1
"07010100010060305900","070101000100603059 , Callao,Callao,Callao,Centro Poblado: Callao,Mza: 059","059",36,29,18,0,0,0,0,0,0,0,15,0,0,0,2,1,0,1,14,0,0,0,3,15,3,19,65,55.4,15,6.7,1
"07010100010060306000","070101000100603060 , Callao,Callao,Callao,Centro Poblado: Callao,Mza: 060","060",70,58,25,0,0,0,0,0,0,0,21,0,0,0,4,0,0,3,16,0,2,0,3,21,6,22,128,54.7,21,14.3,2
"07010100010060306103","070101000100603061C, Callao,Callao,Callao,Centro Poblado: Callao,Mza: 061C","061C",17,20,7,0,0,0,0,0,0,0,6,0,1,0,0,0,0,2,4,0,0,0,3,6,5,8,37,45.9,6,33.3,1.67
"07010100010060306200","070101000100603062 , Callao,Callao,Callao,Centro Poblado: Callao,Mza: 062","062",31,34,12,0,0,0,0,0,0,0,12,0,0,0,0,0,0,1,10,0,1,0,4,12,4,15,65,47.7,12,8.3,1
"07010100010060306300","070101000100603063 , Callao,Callao,Callao,Centro Poblado: Callao,Mza: 063","063",42,71,20,0,0,0,0,0,0,0,17,1,2,0,0,0,0,1,15,0,1,0,4,17,6,20,113,37.2,17,5.9,1.5
"07010100010060306500","070101000100603065 , Callao,Callao,Callao,Centro Poblado: Callao,Mza: 065","065",76,78,32,0,0,0,0,0,0,0,26,2,0,0,3,1,0,1,24,0,1,0,3,26,4,36,154,49.4,26,3.8,1.33
"07010100010060388888","0701010001006038888, Callao,Callao,Callao,Centro Poblado: Callao,Mza: 8888","8888",141,142,100,0,0,4,0,0,5,0,71,9,14,0,10,4,1,21,32,8,10,0,3,71,3,83,283,49.8,71,29.6,1
"07010100010060400100","070101000100604001 , Callao,Callao,Callao,Centro Poblado: Callao,Mza: 001","001",52,51,23,0,0,0,0,0,0,0,21,0,0,0,1,1,0,5,14,2,0,0,3,21,4,23,103,50.5,21,23.8,1.33
"07010100010060400102","070101000100604001B, Callao,Callao,Callao,Centro Poblado: Callao,Mza: 001B","001B",65,55,22,6,0,0,0,0,0,0,27,1,0,0,0,0,0,8,19,0,0,0,4,27,4,28,120,54.2,27,29.6,1
"07010100010060400103","070101000100604001C, Callao,Callao,Callao,Centro Poblado: Callao,Mza: 001C","001C",16,19,5,0,0,0,0,0,0,0,5,0,0,0,0,0,0,2,2,1,0,0,6,5,4,9,35,45.7,5,40,0.67
"07010100010060400104","070101000100604001D, Callao,Callao,Callao,Centro Poblado: Callao,Mza: 001D","001D",53,57,25,3,0,0,0,0,0,0,22,2,1,0,3,0,0,5,12,2,3,0,4,22,5,24,110,48.2,22,22.7,1.25
"07010100010060400201","070101000100604002A, Callao,Callao,Callao,Centro Poblado: Callao,Mza: 002A","002A",61,60,27,0,0,0,0,0,0,0,26,1,0,0,0,0,0,8,16,1,1,0,3,26,4,27,121,50.4,26,30.8,1.33
"07010100010060400501","070101000100604005A, Callao,Callao,Callao,Centro Poblado: Callao,Mza: 005A","005A",227,214,110,5,0,2,0,0,0,0,94,8,0,2,12,1,0,15,66,10,3,0,3,94,4,99,441,51.5,94,16,1.33
"07010100010060400600","070101000100604006 , Callao,Callao,Callao,Centro Poblado: Callao,Mza: 006","006",39,31,20,0,0,0,0,0,0,0,16,1,1,0,1,1,0,2,12,1,1,0,4,16,4,17,70,55.7,16,12.5,1
"07010100010060400601","070101000100604006A, Callao,Callao,Callao,Centro Poblado: Callao,Mza: 006A","006A",80,77,27,4,0,0,0,8,0,0,34,3,0,0,2,0,0,11,19,1,3,0,3,34,4,35,157,51,34,32.4,1.33
"07010100010060400700","070101000100604007 , Callao,Callao,Callao,Centro Poblado: Callao,Mza: 007","007",43,39,17,8,0,0,0,0,0,0,22,1,0,0,0,2,0,10,11,0,1,0,3,22,3,25,82,52.4,22,45.5,1
"07010100010060400800","070101000100604008 , Callao,Callao,Callao,Centro Poblado: Callao,Mza: 008","008",19,21,16,0,0,0,0,0,0,0,10,0,6,0,0,0,0,3,7,0,0,0,4,10,3,13,40,47.5,10,30,0.75
"07010100010060400900","070101000100604009 , Callao,Callao,Callao,Centro Poblado: Callao,Mza: 009","009",51,53,35,0,0,0,0,0,0,0,20,1,5,0,9,0,0,0,6,9,5,0,4,20,4,28,104,49,20,0,1
"07010100010060401001","070101000100604010A, Callao,Callao,Callao,Centro Poblado: Callao,Mza: 010A","010A",16,19,11,0,0,0,0,0,0,0,8,1,2,0,0,0,0,2,6,0,0,0,4,8,4,8,35,45.7,8,25,1
"07010100010060401101","070101000100604011A, Callao,Callao,Callao,Centro Poblado: Callao,Mza: 011A","011A",56,41,23,0,0,0,0,0,0,0,17,1,1,0,1,1,2,3,14,0,0,0,3,17,5,20,97,57.7,17,17.6,1.67
"07010100010060401501","070101000100604015A, Callao,Callao,Callao,Centro Poblado: Callao,Mza: 015A","015A",25,27,13,0,0,0,0,0,0,0,12,1,0,0,0,0,0,1,8,0,3,0,3,12,3,15,52,48.1,12,8.3,1
"07010100010060401502","070101000100604015B, Callao,Callao,Callao,Centro Poblado: Callao,Mza: 015B","015B",45,55,29,0,0,1,0,0,0,0,20,1,2,0,4,2,1,2,14,2,2,0,4,20,4,25,100,45,20,10,1
"07010100010060401602","070101000100604016B, Callao,Callao,Callao,Centro Poblado: Callao,Mza: 016B","016B",19,17,10,0,0,2,0,0,0,0,7,0,2,0,2,1,0,3,3,1,0,0,4,7,4,9,36,52.8,7,42.9,1
"07010100010060401800","070101000100604018 , Callao,Callao,Callao,Centro Poblado: Callao,Mza: 018","018",20,18,14,0,0,0,0,0,0,0,9,1,0,0,2,2,0,2,6,1,0,0,4,9,4,9,38,52.6,9,22.2,1
"07010100010060401801","070101000100604018A, Callao,Callao,Callao,Centro Poblado: Callao,Mza: 018A","018A",53,60,29,0,0,6,0,0,0,0,23,1,3,0,8,0,0,3,20,0,0,0,3,23,4,28,113,46.9,23,13,1.33
"07010100010060401802","070101000100604018B, Callao,Callao,Callao,Centro Poblado: Callao,Mza: 018B","018B",17,22,10,0,0,0,0,0,0,0,7,0,1,0,2,0,0,2,4,0,1,0,4,7,5,8,39,43.6,7,28.6,1.25
"07010100010060401804","070101000100604018D, Callao,Callao,Callao,Centro Poblado: Callao,Mza: 018D","018D",34,28,14,0,0,0,0,0,0,0,11,0,0,0,3,0,0,1,7,2,1,0,3,11,4,15,62,54.8,11,9.1,1.33
"07010100010060401805","070101000100604018E, Callao,Callao,Callao,Centro Poblado: Callao,Mza: 018E","018E",28,27,11,0,0,0,0,0,0,0,9,0,0,1,1,0,0,1,8,0,0,0,4,9,6,10,55,50.9,9,11.1,1.5
"07010100010060401900","070101000100604019 , Callao,Callao,Callao,Centro Poblado: Callao,Mza: 019","019",26,27,17,0,0,0,0,2,0,0,19,0,0,0,0,0,0,3,14,0,2,0,2,19,3,19,53,49.1,19,15.8,1.5
"07010100010060402000","070101000100604020 , Callao,Callao,Callao,Centro Poblado: Callao,Mza: 020","020",44,44,20,0,0,0,0,0,0,0,18,0,0,2,0,0,0,2,16,0,0,0,4,18,4,22,88,50,18,11.1,1
"07010100010060402101","070101000100604021A, Callao,Callao,Callao,Centro Poblado: Callao,Mza: 021A","021A",29,34,12,0,0,0,0,0,0,0,12,0,0,0,0,0,0,2,7,0,3,0,3,12,4,15,63,46,12,16.7,1.33
"07010100010060402400","070101000100604024 , Callao,Callao,Callao,Centro Poblado: Callao,Mza: 024","024",32,39,21,0,0,0,0,0,0,0,16,0,1,0,1,0,3,2,14,0,0,0,3,16,4,16,71,45.1,16,12.5,1.33
"07010100010060488888","0701010001006048888, Callao,Callao,Callao,Centro Poblado: Callao,Mza: 8888","8888",9,12,7,0,0,0,0,0,0,0,7,0,0,0,0,0,0,1,6,0,0,0,2,7,3,7,21,42.9,7,14.3,1.5
"07010100010070000100","070101000100700001 , Callao,Callao,Callao,Centro Poblado: Callao,Mza: 001","001",76,86,32,0,0,0,1,0,0,0,30,1,0,0,1,0,0,3,6,14,7,0,3,30,4,38,162,46.9,30,10,1.33
"07010100010070000200","070101000100700002 , Callao,Callao,Callao,Centro Poblado: Callao,Mza: 002","002",94,89,23,0,0,0,0,0,0,0,22,0,0,0,0,0,1,1,1,15,5,0,4,22,4,48,183,51.4,22,4.5,1
"07010100010070000302","070101000100700003B, Callao,Callao,Callao,Centro Poblado: Callao,Mza: 003B","003B",53,58,23,4,0,0,0,0,1,0,28,0,0,0,0,0,0,8,5,13,1,1,3,28,4,30,111,47.7,28,28.6,1.33
"07010100010070000400","070101000100700004 , Callao,Callao,Callao,Centro Poblado: Callao,Mza: 004","004",75,70,19,0,0,0,0,0,0,0,19,0,0,0,0,0,0,0,6,13,0,0,4,19,5,31,145,51.7,19,0,1.25
"07010100010070000700","070101000100700007 , Callao,Callao,Callao,Centro Poblado: Callao,Mza: 007","007",37,36,12,0,0,0,0,0,0,0,12,0,0,0,0,0,0,0,1,11,0,0,4,12,4,18,73,50.7,12,0,1
"07010100010070000801","070101000100700008A, Callao,Callao,Callao,Centro Poblado: Callao,Mza: 008A","008A",28,23,14,0,0,0,0,0,0,0,14,0,0,0,0,0,0,1,1,12,0,0,3,14,4,14,51,54.9,14,7.1,1.33
"07010100010070000901","070101000100700009A, Callao,Callao,Callao,Centro Poblado: Callao,Mza: 009A","009A",18,28,9,0,0,0,0,0,0,0,9,0,0,0,0,0,0,0,8,0,1,0,4,9,5,10,46,39.1,9,0,1.25
"07010100010070000902","070101000100700009B, Callao,Callao,Callao,Centro Poblado: Callao,Mza: 009B","009B",36,32,16,0,0,0,0,0,0,0,16,0,0,0,0,0,0,0,16,0,0,0,2,16,4,17,68,52.9,16,0,2
"07010100010070000905","070101000100700009E, Callao,Callao,Callao,Centro Poblado: Callao,Mza: 009E","009E",42,33,15,0,0,0,0,0,0,0,14,0,0,0,0,1,0,1,2,8,3,0,5,14,4,20,75,56,14,7.1,0.8
"07010100010070001100","070101000100700011 , Callao,Callao,Callao,Centro Poblado: Callao,Mza: 011","011",19,22,8,0,0,0,0,0,0,0,8,0,0,0,0,0,0,0,8,0,0,0,3,8,5,8,41,46.3,8,0,1.67
"07010100010070001201","070101000100700012A, Callao,Callao,Callao,Centro Poblado: Callao,Mza: 012A","012A",29,33,16,0,0,0,0,0,0,0,16,0,0,0,0,0,0,0,13,2,1,0,3,16,4,16,62,46.8,16,0,1.33
"07010100010070001501","070101000100700015A, Callao,Callao,Callao,Centro Poblado: Callao,Mza: 015A","015A",23,22,14,0,0,0,0,0,0,0,14,0,0,0,0,0,0,0,5,9,0,0,3,14,3,14,45,51.1,14,0,1
"07010100010070001801","070101000100700018A, Callao,Callao,Callao,Centro Poblado: Callao,Mza: 018A","018A",38,34,12,3,0,0,0,0,0,0,15,0,0,0,0,0,0,3,3,9,0,0,2,15,4,20,72,52.8,15,20,2
"07010100010070001804","070101000100700018D, Callao,Callao,Callao,Centro Poblado: Callao,Mza: 018D","018D",21,21,8,0,0,0,0,0,0,0,8,0,0,0,0,0,0,1,0,7,0,0,3,8,5,8,42,50,8,12.5,1.67
"07010100010070001901","070101000100700019A, Callao,Callao,Callao,Centro Poblado: Callao,Mza: 019A","019A",21,14,10,0,0,0,0,0,0,0,6,0,4,0,0,0,0,0,1,5,0,0,3,6,6,6,35,60,6,0,2
"07010100010070002000","070101000100700020 , Callao,Callao,Callao,Centro Poblado: Callao,Mza: 020","020",23,26,11,0,0,0,0,0,0,0,11,0,0,0,0,0,0,0,1,8,2,0,3,11,4,14,49,46.9,11,0,1.33
"07010100010070002002","070101000100700020B, Callao,Callao,Callao,Centro Poblado: Callao,Mza: 020B","020B",15,15,8,0,0,0,0,0,0,0,8,0,0,0,0,0,0,1,5,1,1,0,2,8,4,8,30,50,8,12.5,2
"07010100010070002003","070101000100700020C, Callao,Callao,Callao,Centro Poblado: Callao,Mza: 020C","020C",21,18,11,0,0,0,0,0,0,0,11,0,0,0,0,0,0,0,6,5,0,0,2,11,3,12,39,53.8,11,0,1.5
"07010100010070003701","070101000100700037A, Callao,Callao,Callao,Centro Poblado: Callao,Mza: 037A","037A",93,96,38,0,0,1,0,0,0,0,37,0,0,0,2,0,0,0,3,30,4,0,4,37,4,46,189,49.2,37,0,1
"07010100010070003900","070101000100700039 , Callao,Callao,Callao,Centro Poblado: Callao,Mza: 039","039",57,59,28,0,8,0,0,0,0,0,31,2,2,0,1,0,0,12,2,12,5,0,3,31,4,33,116,49.1,31,38.7,1.33
"07010100010070004001","070101000100700040A, Callao,Callao,Callao,Centro Poblado: Callao,Mza: 040A","040A",83,80,39,0,0,1,0,0,0,0,39,1,0,0,0,0,0,2,6,20,11,0,3,39,3,47,163,50.9,39,5.1,1
"07010100010070004101","070101000100700041A, Callao,Callao,Callao,Centro Poblado: Callao,Mza: 041A","041A",23,24,7,3,0,0,0,0,0,0,10,0,0,0,0,0,0,0,0,10,0,0,3,10,4,12,47,48.9,10,0,1.33
"07010100010070004300","070101000100700043 , Callao,Callao,Callao,Centro Poblado: Callao,Mza: 043","043",32,36,22,0,0,0,0,0,0,0,21,1,0,0,0,0,0,2,0,18,1,0,4,21,3,21,68,47.1,21,9.5,0.75
"07010100010070004400","070101000100700044 , Callao,Callao,Callao,Centro Poblado: Callao,Mza: 044","044",71,83,30,5,0,0,0,0,0,0,34,0,0,0,1,0,0,8,5,20,1,0,3,34,5,34,154,46.1,34,23.5,1.67
"07010100010070004500","070101000100700045 , Callao,Callao,Callao,Centro Poblado: Callao,Mza: 045","045",34,44,16,0,0,0,0,0,0,0,16,0,0,0,0,0,0,0,0,12,4,0,3,16,5,17,78,43.6,16,0,1.67
"07010100010070004602","070101000100700046B, Callao,Callao,Callao,Centro Poblado: Callao,Mza: 046B","046B",18,14,7,0,1,0,0,0,0,0,7,1,0,0,0,0,0,2,2,1,2,0,2,7,5,7,32,56.2,7,28.6,2.5
"07010100010070004700","070101000100700047 , Callao,Callao,Callao,Centro Poblado: Callao,Mza: 047","047",126,121,53,8,0,0,0,0,0,0,56,3,2,0,0,0,0,17,22,12,5,0,3,56,4,63,247,51,56,30.4,1.33
"07010100010070004900","070101000100700049 , Callao,Callao,Callao,Centro Poblado: Callao,Mza: 049","049",111,94,43,15,0,0,0,0,0,0,55,3,0,0,0,0,0,9,5,35,6,0,3,55,3,63,205,54.1,55,16.4,1
"07010100010070005000","070101000100700050 , Callao,Callao,Callao,Centro Poblado: Callao,Mza: 050","050",88,80,39,0,0,0,0,0,0,0,36,0,0,0,0,0,3,7,3,23,3,0,3,36,4,43,168,52.4,36,19.4,1.33
"07010100010070005100","070101000100700051 , Callao,Callao,Callao,Centro Poblado: Callao,Mza: 051","051",107,94,43,15,0,0,0,0,0,0,55,2,1,0,0,0,0,24,9,16,6,0,3,55,3,59,201,53.2,55,43.6,1
"07010100010070005200","070101000100700052 , Callao,Callao,Callao,Centro Poblado: Callao,Mza: 052","052",119,145,33,5,0,0,0,0,0,0,35,1,0,0,2,0,0,1,5,24,5,0,5,35,5,56,264,45.1,35,2.9,1
"07010100010070005400","070101000100700054 , Callao,Callao,Callao,Centro Poblado: Callao,Mza: 054","054",99,87,20,21,0,0,0,0,0,0,40,0,1,0,0,0,0,16,11,12,1,0,4,40,4,47,186,53.2,40,40,1
"07010100010070005500","070101000100700055 , Callao,Callao,Callao,Centro Poblado: Callao,Mza: 055","055",110,112,43,10,0,0,0,0,0,0,46,1,0,1,3,0,2,15,5,23,3,0,4,46,4,53,222,49.5,46,32.6,1
"07010100010070005600","070101000100700056 , Callao,Callao,Callao,Centro Poblado: Callao,Mza: 056","056",94,88,43,0,0,0,0,0,0,0,42,0,1,0,0,0,0,10,14,17,1,0,3,42,3,54,182,51.6,42,23.8,1
"07010100010070088888","0701010001007008888, Callao,Callao,Callao,Centro Poblado: Callao,Mza: 8888","8888",131,144,68,0,1,2,0,0,0,0,68,3,0,0,0,0,0,2,15,43,7,1,3,68,4,70,275,47.6,68,2.9,1.33
"07010100010080000100","070101000100800001 , Callao,Callao,Callao,Centro Poblado: Callao,Mza: 001","001",100,89,39,3,0,0,0,0,0,0,42,0,0,0,0,0,0,16,5,20,1,0,3,42,4,47,189,52.9,42,38.1,1.33
"07010100010080000200","070101000100800002 , Callao,Callao,Callao,Centro Poblado: Callao,Mza: 002","002",120,141,50,20,0,0,0,0,0,0,70,0,0,0,0,0,0,23,18,19,10,0,3,70,4,74,261,46,70,32.9,1.33
"07010100010080000300","070101000100800003 , Callao,Callao,Callao,Centro Poblado: Callao,Mza: 003","003",85,88,37,3,0,0,0,0,0,0,40,0,0,0,0,0,0,7,6,21,6,0,3,40,4,47,173,49.1,40,17.5,1.33
"07010100010080000400","070101000100800004 , Callao,Callao,Callao,Centro Poblado: Callao,Mza: 004","004",58,59,28,8,0,0,0,0,0,0,35,1,0,0,0,0,0,9,3,14,9,0,4,35,3,37,117,49.6,35,25.7,0.75
"07010100010080000600","070101000100800006 , Callao,Callao,Callao,Centro Poblado: Callao,Mza: 006","006",73,65,28,9,0,0,0,0,0,0,36,0,0,0,1,0,0,16,3,10,7,0,3,36,4,36,138,52.9,36,44.4,1.33
"07010100010080000700","070101000100800007 , Callao,Callao,Callao,Centro Poblado: Callao,Mza: 007","007",86,91,35,17,0,0,0,0,0,0,48,3,0,0,1,0,0,24,16,6,2,0,3,48,4,48,177,48.6,48,50,1.33
"07010100010080001100","070101000100800011 , Callao,Callao,Callao,Centro Poblado: Callao,Mza: 011","011",158,140,70,13,0,0,2,0,0,0,81,0,0,0,2,0,0,35,10,30,6,0,3,81,3,85,298,53,81,43.2,1
"07010100010080001200","070101000100800012 , Callao,Callao,Callao,Centro Poblado: Callao,Mza: 012","012",51,51,15,5,0,0,0,0,2,0,22,0,0,0,0,0,0,4,2,14,2,0,3,22,5,22,102,50,22,18.2,1.67
"07010100010080001300","070101000100800013 , Callao,Callao,Callao,Centro Poblado: Callao,Mza: 013","013",151,137,69,2,0,0,0,0,0,0,62,3,1,1,1,0,3,28,2,28,4,0,4,62,3,90,288,52.4,62,45.2,0.75
"07010100010080001400","070101000100800014 , Callao,Callao,Callao,Centro Poblado: Callao,Mza: 014","014",103,124,53,4,0,0,0,0,0,0,51,3,0,0,0,0,3,19,3,28,1,0,4,51,3,70,227,45.4,51,37.3,0.75
"07010100010080001600","070101000100800016 , Callao,Callao,Callao,Centro Poblado: Callao,Mza: 016","016",138,135,58,13,0,0,0,0,0,0,69,0,0,0,2,0,0,36,6,26,1,0,3,69,3,81,273,50.5,69,52.2,1
"07010100010080001700","070101000100800017 , Callao,Callao,Callao,Centro Poblado: Callao,Mza: 017","017",83,106,48,0,0,0,0,0,0,0,41,1,3,1,2,0,0,7,5,22,7,0,3,41,4,46,189,43.9,41,17.1,1.33
"07010100010080001800","070101000100800018 , Callao,Callao,Callao,Centro Poblado: Callao,Mza: 018","018",37,39,13,3,0,0,0,0,0,0,16,0,0,0,0,0,0,5,1,9,0,1,4,16,4,17,76,48.7,16,31.2,1
"07010100010080001900","070101000100800019 , Callao,Callao,Callao,Centro Poblado: Callao,Mza: 019","019",104,89,35,8,0,0,1,0,0,0,42,0,0,0,1,0,0,14,4,15,9,0,4,42,3,53,193,53.9,42,33.3,0.75
"07010100010080002000","070101000100800020 , Callao,Callao,Callao,Centro Poblado: Callao,Mza: 020","020",106,116,42,0,0,0,0,0,0,0,40,1,0,0,0,0,1,15,2,22,1,0,5,40,3,68,222,47.7,40,37.5,0.6
"07010100010080002200","070101000100800022 , Callao,Callao,Callao,Centro Poblado: Callao,Mza: 022","022",116,134,42,25,0,0,0,0,0,0,59,1,5,0,0,0,2,29,6,21,3,0,3,59,4,68,250,46.4,59,49.2,1.33
"07010100010080002300","070101000100800023 , Callao,Callao,Callao,Centro Poblado: Callao,Mza: 023","023",97,84,42,5,3,0,0,0,0,0,43,2,5,0,0,0,0,14,14,15,0,0,3,43,4,45,181,53.6,43,32.6,1.33
"07010100010080002400","070101000100800024 , Callao,Callao,Callao,Centro Poblado: Callao,Mza: 024","024",64,67,31,0,0,0,0,0,0,0,31,0,0,0,0,0,0,5,19,7,0,0,4,31,4,31,131,48.9,31,16.1,1
"07010100010080002500","070101000100800025 , Callao,Callao,Callao,Centro Poblado: Callao,Mza: 025","025",133,156,74,0,0,0,0,0,0,0,69,4,0,0,0,0,1,15,34,20,0,0,3,69,4,77,289,46,69,21.7,1.33
"07010100010080002600","070101000100800026 , Callao,Callao,Callao,Centro Poblado: Callao,Mza: 026","026",101,128,48,0,0,3,0,0,0,0,47,3,0,0,0,0,1,7,15,17,8,0,3,47,4,53,229,44.1,47,14.9,1.33
"07010100010080002700","070101000100800027 , Callao,Callao,Callao,Centro Poblado: Callao,Mza: 027","027",142,168,61,30,0,1,0,2,0,0,91,2,1,0,0,0,0,34,27,22,8,0,3,91,3,92,310,45.8,91,37.4,1
"07010100010080002800","070101000100800028 , Callao,Callao,Callao,Centro Poblado: Callao,Mza: 028","028",156,175,68,15,0,0,0,0,0,0,72,5,3,0,2,1,0,18,22,27,5,0,4,72,4,82,331,47.1,72,25,1
"07010100010080003000","070101000100800030 , Callao,Callao,Callao,Centro Poblado: Callao,Mza: 030","030",130,131,44,14,0,1,0,0,0,0,58,0,0,0,0,1,0,12,19,20,7,0,3,58,4,65,261,49.8,58,20.7,1.33
"07010100010080003100","070101000100800031 , Callao,Callao,Callao,Centro Poblado: Callao,Mza: 031","031",24,19,12,0,0,0,0,0,0,0,12,0,0,0,0,0,0,7,2,2,1,0,3,12,4,12,43,55.8,12,58.3,1.33
"07010100010080003300","070101000100800033 , Callao,Callao,Callao,Centro Poblado: Callao,Mza: 033","033",106,125,51,6,0,0,0,0,0,0,56,0,1,0,0,0,0,19,9,28,0,0,4,56,4,62,231,45.9,56,33.9,1
"07010100010080003402","070101000100800034B, Callao,Callao,Callao,Centro Poblado: Callao,Mza: 034B","034B",146,140,64,6,0,0,0,0,0,0,64,2,0,1,1,1,1,7,17,39,1,0,3,64,4,73,286,51,64,10.9,1.33
"07010100010080003500","070101000100800035 , Callao,Callao,Callao,Centro Poblado: Callao,Mza: 035","035",119,134,57,10,0,0,0,0,0,0,63,3,0,0,0,0,1,14,20,22,7,0,3,63,4,70,253,47,63,22.2,1.33
"07010100010080003600","070101000100800036 , Callao,Callao,Callao,Centro Poblado: Callao,Mza: 036","036",243,259,100,17,0,0,1,0,0,0,105,8,0,0,1,0,3,29,32,33,11,0,3,105,4,114,502,48.4,105,27.6,1.33
"07010100010080003700","070101000100800037 , Callao,Callao,Callao,Centro Poblado: Callao,Mza: 037","037",137,135,71,20,0,0,0,0,0,0,76,4,6,1,4,0,0,25,15,34,2,0,3,76,4,77,272,50.4,76,32.9,1.33
"07010100010080003801","070101000100800038A, Callao,Callao,Callao,Centro Poblado: Callao,Mza: 038A","038A",96,125,51,14,0,0,0,0,0,0,56,1,0,3,4,0,1,19,17,16,4,0,3,56,4,59,221,43.4,56,33.9,1.33
"07010100010080003900","070101000100800039 , Callao,Callao,Callao,Centro Poblado: Callao,Mza: 039","039",94,105,44,18,0,0,0,0,0,0,56,2,0,2,1,0,1,13,15,23,5,0,3,56,4,56,199,47.2,56,23.2,1.33
"07010100010080004000","070101000100800040 , Callao,Callao,Callao,Centro Poblado: Callao,Mza: 040","040",53,81,30,10,0,0,0,0,0,0,37,3,0,0,0,0,0,14,9,10,4,0,4,37,4,37,134,39.6,37,37.8,1
"07010100010080004100","070101000100800041 , Callao,Callao,Callao,Centro Poblado: Callao,Mza: 041","041",126,144,60,12,0,0,0,0,0,0,63,5,0,0,3,0,1,14,18,26,5,0,4,63,4,70,270,46.7,63,22.2,1
"07010100010080004200","070101000100800042 , Callao,Callao,Callao,Centro Poblado: Callao,Mza: 042","042",152,148,70,18,0,1,0,0,0,0,72,6,6,1,4,0,0,31,11,28,2,0,3,72,4,79,300,50.7,72,43.1,1.33
"07010100010080004300","070101000100800043 , Callao,Callao,Callao,Centro Poblado: Callao,Mza: 043","043",111,126,47,22,0,0,0,0,0,0,63,2,4,0,0,0,0,20,14,25,4,0,3,63,3,68,237,46.8,63,31.7,1
"07010100010080004400","070101000100800044 , Callao,Callao,Callao,Centro Poblado: Callao,Mza: 044","044",72,95,41,6,0,0,0,0,0,0,42,2,2,0,1,0,0,13,11,17,1,0,4,42,4,43,167,43.1,42,31,1
"07010100010080004500","070101000100800045 , Callao,Callao,Callao,Centro Poblado: Callao,Mza: 045","045",154,158,80,11,0,0,0,0,0,0,87,2,1,0,1,0,0,25,28,27,7,0,4,87,3,93,312,49.4,87,28.7,0.75
"07010100010080004600","070101000100800046 , Callao,Callao,Callao,Centro Poblado: Callao,Mza: 046","046",86,78,27,10,0,0,0,0,0,0,34,1,2,0,0,0,0,13,9,10,2,0,4,34,4,37,164,52.4,34,38.2,1
"07010100010080004700","070101000100800047 , Callao,Callao,Callao,Centro Poblado: Callao,Mza: 047","047",48,71,32,7,0,0,0,0,0,0,32,0,0,5,1,0,1,11,12,7,2,0,4,32,4,34,119,40.3,32,34.4,1
"07010100010080004800","070101000100800048 , Callao,Callao,Callao,Centro Poblado: Callao,Mza: 048","048",66,58,25,9,0,0,0,0,0,0,33,0,0,0,1,0,0,12,9,11,1,0,4,33,3,37,124,53.2,33,36.4,0.75
"07010100010080005000","070101000100800050 , Callao,Callao,Callao,Centro Poblado: Callao,Mza: 050","050",92,102,44,26,0,0,0,0,0,0,56,4,7,0,3,0,0,24,16,16,0,0,3,56,3,57,194,47.4,56,42.9,1
"07010100010080005200","070101000100800052 , Callao,Callao,Callao,Centro Poblado: Callao,Mza: 052","052",16,18,10,0,0,0,0,0,0,0,8,1,0,0,1,0,0,2,3,0,3,0,5,8,4,8,34,47.1,8,25,0.8
"07010100010080005300","070101000100800053 , Callao,Callao,Callao,Centro Poblado: Callao,Mza: 053","053",144,160,71,7,0,0,0,0,0,0,69,4,0,1,3,0,1,8,20,36,5,0,4,69,4,84,304,47.4,69,11.6,1
"07010100010080005401","070101000100800054A, Callao,Callao,Callao,Centro Poblado: Callao,Mza: 054A","054A",144,148,86,0,0,0,0,0,0,0,74,5,5,0,2,0,0,16,17,34,5,2,4,74,4,80,292,49.3,74,21.6,1
"07010100010080005500","070101000100800055 , Callao,Callao,Callao,Centro Poblado: Callao,Mza: 055","055",163,182,94,24,0,0,0,2,0,0,105,5,5,0,3,1,1,44,24,36,0,1,3,105,3,108,345,47.2,105,41.9,1
"07010100010080005600","070101000100800056 , Callao,Callao,Callao,Centro Poblado: Callao,Mza: 056","056",52,48,21,12,0,0,0,0,1,0,25,2,5,2,0,0,0,13,4,6,2,0,3,25,4,25,100,52,25,52,1.33
"07010100010080005700","070101000100800057 , Callao,Callao,Callao,Centro Poblado: Callao,Mza: 057","057",121,117,55,13,0,0,0,0,0,0,59,4,0,2,2,0,1,18,13,26,2,0,3,59,4,67,238,50.8,59,30.5,1.33
"07010100010080005800","070101000100800058 , Callao,Callao,Callao,Centro Poblado: Callao,Mza: 058","058",137,163,86,13,10,0,0,0,0,0,91,4,5,2,6,0,1,27,12,38,14,0,3,91,3,92,300,45.7,91,29.7,1
"07010100010080005900","070101000100800059 , Callao,Callao,Callao,Centro Poblado: Callao,Mza: 059","059",129,138,86,7,0,0,0,0,0,0,74,8,4,0,6,0,1,17,15,39,3,0,4,74,3,78,267,48.3,74,23,0.75
"07010100010080006000","070101000100800060 , Callao,Callao,Callao,Centro Poblado: Callao,Mza: 060","060",1040,1174,35,1004,0,0,2,0,0,0,677,54,160,19,50,0,79,216,308,140,13,0,3,677,3,684,2214,47,677,31.9,1
"07010100010080088888","0701010001008008888, Callao,Callao,Callao,Centro Poblado: Callao,Mza: 8888","8888",1,0,1,0,0,0,1,0,0,0,0,0,0,0,1,0,0,NA,NA,NA,NA,NA,NA,NA,0,1,1,100,0,NA,NA
"07010100010090000100","070101000100900001 , Callao,Callao,Callao,Centro Poblado: Callao,Mza: 001","001",204,218,94,24,0,0,0,0,0,0,101,6,0,0,5,4,2,21,72,5,3,0,4,101,4,120,422,48.3,101,20.8,1
"07010100010090000200","070101000100900002 , Callao,Callao,Callao,Centro Poblado: Callao,Mza: 002","002",114,119,64,0,0,1,0,0,0,0,57,5,2,0,0,0,1,24,29,0,4,0,3,57,3,67,233,48.9,57,42.1,1
"07010100010090000300","070101000100900003 , Callao,Callao,Callao,Centro Poblado: Callao,Mza: 003","003",120,122,45,4,0,0,0,0,1,0,37,1,6,0,5,0,1,14,22,1,0,0,5,37,4,69,242,49.6,37,37.8,0.8
"07010100010090000400","070101000100900004 , Callao,Callao,Callao,Centro Poblado: Callao,Mza: 004","004",42,43,23,4,0,0,0,0,0,0,21,0,0,0,6,0,0,9,10,1,1,0,3,21,4,21,85,49.4,21,42.9,1.33
"07010100010090000600","070101000100900006 , Callao,Callao,Callao,Centro Poblado: Callao,Mza: 006","006",97,93,42,4,0,0,0,4,0,0,44,2,0,0,4,0,0,25,14,1,4,0,3,44,3,57,190,51.1,44,56.8,1
"07010100010090000700","070101000100900007 , Callao,Callao,Callao,Centro Poblado: Callao,Mza: 007","007",96,88,38,0,0,0,0,0,0,0,34,3,1,0,0,0,0,2,26,2,3,1,5,34,4,46,184,52.2,34,5.9,0.8
"07010100010090000800","070101000100900008 , Callao,Callao,Callao,Centro Poblado: Callao,Mza: 008","008",115,122,45,13,0,0,0,0,0,0,55,1,0,0,2,0,0,14,31,3,7,0,3,55,4,61,237,48.5,55,25.5,1.33
"07010100010090000900","070101000100900009 , Callao,Callao,Callao,Centro Poblado: Callao,Mza: 009","009",82,77,47,11,0,0,0,0,1,0,53,2,0,0,2,1,1,18,25,7,3,0,3,53,3,54,159,51.6,53,34,1
"07010100010090001000","070101000100900010 , Callao,Callao,Callao,Centro Poblado: Callao,Mza: 010","010",89,80,39,22,0,0,0,0,0,0,50,2,9,0,0,0,0,31,8,8,3,0,2,50,3,50,169,52.7,50,62,1.5
"07010100010090001100","070101000100900011 , Callao,Callao,Callao,Centro Poblado: Callao,Mza: 011","011",91,79,48,10,0,0,0,0,0,0,52,4,2,0,0,0,0,25,3,23,1,0,3,52,3,52,170,53.5,52,48.1,1
"07010100010090001200","070101000100900012 , Callao,Callao,Callao,Centro Poblado: Callao,Mza: 012","012",121,128,41,27,0,0,0,0,0,0,65,2,0,0,1,0,0,28,6,23,8,0,3,65,4,67,249,48.6,65,43.1,1.33
"07010100010090001300","070101000100900013 , Callao,Callao,Callao,Centro Poblado: Callao,Mza: 013","013",83,68,41,1,0,0,1,0,0,0,40,2,0,0,0,0,0,19,4,17,0,0,3,40,3,44,151,55,40,47.5,1
"07010100010090001400","070101000100900014 , Callao,Callao,Callao,Centro Poblado: Callao,Mza: 014","014",178,189,81,20,0,0,1,2,0,0,100,2,0,0,0,1,0,59,26,8,6,1,3,100,4,102,367,48.5,100,59,1.33
"07010100010090001500","070101000100900015 , Callao,Callao,Callao,Centro Poblado: Callao,Mza: 015","015",186,203,75,7,0,0,1,0,0,0,80,2,0,0,0,0,0,36,36,0,8,0,3,80,5,84,389,47.8,80,45,1.67
"07010100010090001700","070101000100900017 , Callao,Callao,Callao,Centro Poblado: Callao,Mza: 017","017",138,129,55,4,0,0,0,0,0,0,57,2,0,0,0,0,0,18,32,5,2,0,4,57,4,65,267,51.7,57,31.6,1
"07010100010090001800","070101000100900018 , Callao,Callao,Callao,Centro Poblado: Callao,Mza: 018","018",170,188,62,8,0,0,1,2,0,0,66,3,0,0,1,0,2,28,35,3,0,0,4,66,4,84,358,47.5,66,42.4,1
"07010100010090002000","070101000100900020 , Callao,Callao,Callao,Centro Poblado: Callao,Mza: 020","020",117,99,45,25,0,0,0,0,0,0,63,5,1,0,0,1,0,31,26,4,2,0,3,63,3,68,216,54.2,63,49.2,1
"07010100010090002100","070101000100900021 , Callao,Callao,Callao,Centro Poblado: Callao,Mza: 021","021",131,139,61,17,0,0,0,0,0,0,78,0,0,0,0,0,0,53,19,2,4,0,3,78,3,81,270,48.5,78,67.9,1
"07010100010090002200","070101000100900022 , Callao,Callao,Callao,Centro Poblado: Callao,Mza: 022","022",129,147,54,7,0,0,0,0,0,0,56,3,1,0,1,0,0,25,19,9,3,0,3,56,4,68,276,46.7,56,44.6,1.33
"07010100010090002300","070101000100900023 , Callao,Callao,Callao,Centro Poblado: Callao,Mza: 023","023",142,127,54,17,0,0,0,0,0,0,71,0,0,0,0,0,0,34,20,14,3,0,2,71,4,75,269,52.8,71,47.9,2
"07010100010090002400","070101000100900024 , Callao,Callao,Callao,Centro Poblado: Callao,Mza: 024","024",135,145,39,1,0,0,0,0,0,0,40,0,0,0,0,0,0,10,6,20,4,0,4,40,4,73,280,48.2,40,25,1
"07010100010090002500","070101000100900025 , Callao,Callao,Callao,Centro Poblado: Callao,Mza: 025","025",122,90,58,5,0,0,0,4,0,0,55,1,9,0,2,0,0,34,2,16,3,0,2,55,3,65,212,57.5,55,61.8,1.5
"07010100010090002700","070101000100900027 , Callao,Callao,Callao,Centro Poblado: Callao,Mza: 027","027",70,71,27,0,0,0,0,0,0,0,26,1,0,0,0,0,0,2,1,17,6,0,3,26,3,42,141,49.6,26,7.7,1
"07010100010090002800","070101000100900028 , Callao,Callao,Callao,Centro Poblado: Callao,Mza: 028","028",89,93,27,21,0,0,0,0,0,0,42,2,0,1,2,1,0,22,3,14,3,0,4,42,4,46,182,48.9,42,52.4,1
"07010100010090002900","070101000100900029 , Callao,Callao,Callao,Centro Poblado: Callao,Mza: 029","029",126,119,56,0,0,0,0,0,0,0,55,0,0,0,1,0,0,12,7,32,4,0,4,55,4,65,245,51.4,55,21.8,1
"07010100010090003000","070101000100900030 , Callao,Callao,Callao,Centro Poblado: Callao,Mza: 030","030",121,131,57,0,0,0,0,0,0,0,53,2,0,0,2,0,0,16,1,29,7,0,4,53,4,71,252,48,53,30.2,1
"07010100010090003100","070101000100900031 , Callao,Callao,Callao,Centro Poblado: Callao,Mza: 031","031",100,113,38,20,0,0,0,0,1,0,53,4,0,0,2,0,0,21,5,25,2,0,3,53,4,54,213,46.9,53,39.6,1.33
"07010100010090003200","070101000100900032 , Callao,Callao,Callao,Centro Poblado: Callao,Mza: 032","032",69,52,17,20,0,0,0,0,0,0,34,1,2,0,0,0,0,19,1,13,1,0,2,34,3,35,121,57,34,55.9,1.5
"07010100010090003400","070101000100900034 , Callao,Callao,Callao,Centro Poblado: Callao,Mza: 034","034",56,58,31,4,0,0,0,0,0,0,35,0,0,0,0,0,0,17,7,10,1,0,3,35,3,36,114,49.1,35,48.6,1
"07010100010090003500","070101000100900035 , Callao,Callao,Callao,Centro Poblado: Callao,Mza: 035","035",73,68,31,14,0,0,0,0,0,0,44,1,0,0,0,0,0,19,1,24,0,0,2,44,3,44,141,51.8,44,43.2,1.5
"07010100010090003600","070101000100900036 , Callao,Callao,Callao,Centro Poblado: Callao,Mza: 036","036",113,127,37,21,0,0,0,0,0,0,57,1,0,0,0,0,0,29,8,18,2,0,3,57,4,62,240,47.1,57,50.9,1.33
"07010100010090003700","070101000100900037 , Callao,Callao,Callao,Centro Poblado: Callao,Mza: 037","037",129,140,37,14,0,0,0,17,0,0,68,0,0,0,0,0,0,42,9,14,3,0,3,68,3,85,269,48,68,61.8,1
"07010100010090003800","070101000100900038 , Callao,Callao,Callao,Centro Poblado: Callao,Mza: 038","038",160,177,83,3,0,0,2,0,1,0,78,4,3,0,2,0,0,32,9,24,13,0,3,78,4,85,337,47.5,78,41,1.33
"07010100010090004000","070101000100900040 , Callao,Callao,Callao,Centro Poblado: Callao,Mza: 040","040",209,209,94,15,0,0,0,0,0,0,103,0,0,0,2,0,4,38,8,46,11,0,3,103,3,121,418,50,103,36.9,1
"07010100010090004100","070101000100900041 , Callao,Callao,Callao,Centro Poblado: Callao,Mza: 041","041",177,214,80,16,0,0,0,0,0,0,78,2,0,0,6,9,1,29,2,37,10,0,4,78,3,117,391,45.3,78,37.2,0.75
"07010100010090004200","070101000100900042 , Callao,Callao,Callao,Centro Poblado: Callao,Mza: 042","042",103,114,58,5,0,0,0,0,0,0,52,1,0,0,0,5,5,15,4,27,6,0,3,52,4,52,217,47.5,52,28.8,1.33
"07010100010090004400","070101000100900044 , Callao,Callao,Callao,Centro Poblado: Callao,Mza: 044","044",87,87,35,24,0,0,0,0,0,0,54,1,1,0,0,3,0,21,4,19,10,0,2,54,3,55,174,50,54,38.9,1.5
"07010100010090004500","070101000100900045 , Callao,Callao,Callao,Centro Poblado: Callao,Mza: 045","045",190,183,81,27,0,0,0,0,0,0,95,2,4,1,4,1,1,46,7,40,2,0,3,95,3,120,373,50.9,95,48.4,1
"07010100010090004600","070101000100900046 , Callao,Callao,Callao,Centro Poblado: Callao,Mza: 046","046",105,128,46,4,0,0,0,0,0,0,46,3,0,0,0,1,0,11,14,21,0,0,3,46,5,48,233,45.1,46,23.9,1.67
"07010100010090004700","070101000100900047 , Callao,Callao,Callao,Centro Poblado: Callao,Mza: 047","047",47,41,20,0,0,0,0,0,0,0,17,0,2,0,0,1,0,1,2,11,3,0,4,17,4,25,88,53.4,17,5.9,1
"07010100010090004800","070101000100900048 , Callao,Callao,Callao,Centro Poblado: Callao,Mza: 048","048",84,86,28,10,0,0,0,0,0,0,35,0,0,0,0,2,1,12,6,16,1,0,5,35,3,52,170,49.4,35,34.3,0.6
"07010100010090004900","070101000100900049 , Callao,Callao,Callao,Centro Poblado: Callao,Mza: 049","049",76,82,25,0,0,0,0,0,0,0,24,1,0,0,0,0,0,2,3,18,1,0,5,24,3,46,158,48.1,24,8.3,0.6
"07010100010090005000","070101000100900050 , Callao,Callao,Callao,Centro Poblado: Callao,Mza: 050","050",145,170,69,10,0,0,0,0,0,0,68,2,0,0,1,2,6,28,20,18,2,0,4,68,4,82,315,46,68,41.2,1
"07010100010090005100","070101000100900051 , Callao,Callao,Callao,Centro Poblado: Callao,Mza: 051","051",154,171,81,4,0,0,0,0,0,0,81,3,0,0,1,0,0,33,15,26,6,1,3,81,4,81,325,47.4,81,40.7,1.33
"07010100010090005200","070101000100900052 , Callao,Callao,Callao,Centro Poblado: Callao,Mza: 052","052",104,104,47,0,0,0,0,0,1,0,42,0,4,0,0,1,1,7,9,22,4,0,4,42,4,50,208,50,42,16.7,1
"07010100010090005300","070101000100900053 , Callao,Callao,Callao,Centro Poblado: Callao,Mza: 053","053",107,118,54,8,0,0,0,0,0,0,55,3,1,1,1,0,1,17,6,27,5,0,4,55,4,56,225,47.6,55,30.9,1
"07010100010090005400","070101000100900054 , Callao,Callao,Callao,Centro Poblado: Callao,Mza: 054","054",189,181,93,20,0,0,0,0,0,0,100,1,0,2,4,0,6,33,13,45,9,0,3,100,4,100,370,51.1,100,33,1.33
"07010100010090005500","070101000100900055 , Callao,Callao,Callao,Centro Poblado: Callao,Mza: 055","055",150,145,61,5,0,0,0,0,0,0,59,2,0,0,0,5,0,15,11,31,2,0,4,59,4,73,295,50.8,59,25.4,1
"07010100010090005600","070101000100900056 , Callao,Callao,Callao,Centro Poblado: Callao,Mza: 056","056",169,169,56,4,0,0,1,0,0,0,57,2,0,0,1,0,0,18,17,15,7,0,3,57,4,62,338,50,57,31.6,1.33
"07010100010090005700","070101000100900057 , Callao,Callao,Callao,Centro Poblado: Callao,Mza: 057","057",56,60,28,3,0,0,0,0,0,0,28,1,0,0,2,0,0,8,8,9,3,0,3,28,4,28,116,48.3,28,28.6,1.33
"07010100010090088888","0701010001009008888, Callao,Callao,Callao,Centro Poblado: Callao,Mza: 8888","8888",3,10,3,0,0,0,0,0,0,0,3,0,0,0,0,0,0,2,1,0,0,0,1,3,4,3,13,23.1,3,66.7,4
"07010100010100000200","070101000101000002 , Callao,Callao,Callao,Centro Poblado: Callao,Mza: 002","002",80,72,19,14,0,0,0,0,0,0,33,0,0,0,0,0,0,10,8,13,2,0,4,33,4,39,152,52.6,33,30.3,1
"07010100010100000400","070101000101000004 , Callao,Callao,Callao,Centro Poblado: Callao,Mza: 004","004",27,38,14,0,0,0,1,0,0,0,14,0,0,0,0,0,0,5,2,4,3,0,3,14,4,16,65,41.5,14,35.7,1.33
"07010100010100000500","070101000101000005 , Callao,Callao,Callao,Centro Poblado: Callao,Mza: 005","005",68,86,22,13,0,0,0,0,0,0,30,4,1,0,0,0,0,14,5,11,0,0,4,30,4,35,154,44.2,30,46.7,1
"07010100010100000600","070101000101000006 , Callao,Callao,Callao,Centro Poblado: Callao,Mza: 006","006",54,56,26,0,0,0,0,0,0,0,24,0,0,0,1,0,1,8,1,15,0,0,4,24,4,28,110,49.1,24,33.3,1
"07010100010100000700","070101000101000007 , Callao,Callao,Callao,Centro Poblado: Callao,Mza: 007","007",58,60,25,1,0,0,0,0,0,0,24,0,0,0,0,0,2,2,8,13,1,0,4,24,3,36,118,49.2,24,8.3,0.75
"07010100010100000800","070101000101000008 , Callao,Callao,Callao,Centro Poblado: Callao,Mza: 008","008",46,43,28,0,0,0,0,0,0,0,26,2,0,0,0,0,0,6,8,10,2,0,3,26,3,26,89,51.7,26,23.1,1
"07010100010100000900","070101000101000009 , Callao,Callao,Callao,Centro Poblado: Callao,Mza: 009","009",43,55,30,9,0,0,0,0,0,0,34,2,1,0,1,1,0,16,2,16,0,0,3,34,3,34,98,43.9,34,47.1,1
"07010100010100001100","070101000101000011 , Callao,Callao,Callao,Centro Poblado: Callao,Mza: 011","011",58,60,33,0,0,0,0,0,0,0,32,0,0,0,1,0,0,4,8,20,0,0,5,32,3,36,118,49.2,32,12.5,0.6
"07010100010100001200","070101000101000012 , Callao,Callao,Callao,Centro Poblado: Callao,Mza: 012","012",63,76,33,4,0,0,0,0,0,0,31,2,1,0,0,3,0,13,8,9,1,0,3,31,4,38,139,45.3,31,41.9,1.33
"07010100010100001300","070101000101000013 , Callao,Callao,Callao,Centro Poblado: Callao,Mza: 013","013",87,88,25,12,0,0,0,0,0,0,36,1,0,0,0,0,0,11,12,11,2,0,4,36,4,45,175,49.7,36,30.6,1
"07010100010100001400","070101000101000014 , Callao,Callao,Callao,Centro Poblado: Callao,Mza: 014","014",119,121,33,26,0,0,0,0,0,0,59,0,0,0,0,0,0,16,20,19,4,0,3,59,4,64,240,49.6,59,27.1,1.33
"07010100010100001600","070101000101000016 , Callao,Callao,Callao,Centro Poblado: Callao,Mza: 016","016",98,96,26,29,0,0,0,0,0,0,53,1,0,0,1,0,0,22,18,6,7,0,3,53,4,55,194,50.5,53,41.5,1.33
"07010100010100001700","070101000101000017 , Callao,Callao,Callao,Centro Poblado: Callao,Mza: 017","017",119,126,59,7,0,0,0,0,0,0,58,4,2,0,2,0,0,10,9,34,5,0,4,58,4,63,245,48.6,58,17.2,1
"07010100010100001800","070101000101000018 , Callao,Callao,Callao,Centro Poblado: Callao,Mza: 018","018",127,142,47,14,0,0,0,0,0,0,61,0,0,0,0,0,0,34,5,15,7,0,3,61,4,68,269,47.2,61,55.7,1.33
"07010100010100001901","070101000101000019A, Callao,Callao,Callao,Centro Poblado: Callao,Mza: 019A","019A",95,100,31,14,0,0,0,0,1,0,43,0,0,0,3,0,0,12,5,21,5,0,4,43,3,60,195,48.7,43,27.9,0.75
"07010100010100002000","070101000101000020 , Callao,Callao,Callao,Centro Poblado: Callao,Mza: 020","020",54,54,24,0,6,0,0,0,0,0,28,0,0,0,2,0,0,9,4,15,0,0,3,28,3,32,108,50,28,32.1,1
"07010100010100002100","070101000101000021 , Callao,Callao,Callao,Centro Poblado: Callao,Mza: 021","021",68,65,19,5,0,0,0,0,0,0,24,0,0,0,0,0,0,4,7,10,3,0,4,24,4,34,133,51.1,24,16.7,1
"07010100010100002200","070101000101000022 , Callao,Callao,Callao,Centro Poblado: Callao,Mza: 022","022",140,135,52,24,0,0,0,0,0,0,76,0,0,0,0,0,0,31,9,33,3,0,3,76,3,85,275,50.9,76,40.8,1
"07010100010100002300","070101000101000023 , Callao,Callao,Callao,Centro Poblado: Callao,Mza: 023","023",103,117,34,17,0,0,0,0,0,0,50,1,0,0,0,0,0,16,7,21,6,0,3,50,3,64,220,46.8,50,32,1
"07010100010100002400","070101000101000024 , Callao,Callao,Callao,Centro Poblado: Callao,Mza: 024","024",59,84,57,0,0,0,0,0,0,0,43,1,12,0,0,1,0,11,5,18,9,0,3,43,3,43,143,41.3,43,25.6,1
"07010100010100002600","070101000101000026 , Callao,Callao,Callao,Centro Poblado: Callao,Mza: 026","026",48,37,25,0,0,0,0,0,0,0,24,0,0,0,0,1,0,13,1,10,0,0,3,24,4,24,85,56.5,24,54.2,1.33
"07010100010100002701","070101000101000027A, Callao,Callao,Callao,Centro Poblado: Callao,Mza: 027A","027A",133,111,74,0,0,0,0,0,0,0,65,4,4,0,0,0,1,9,26,26,4,0,3,65,4,66,244,54.5,65,13.8,1.33
"07010100010100002900","070101000101000029 , Callao,Callao,Callao,Centro Poblado: Callao,Mza: 029","029",96,102,50,7,0,0,0,0,0,0,50,5,1,0,1,0,0,8,8,31,3,0,4,50,4,56,198,48.5,50,16,1
"07010100010100003000","070101000101000030 , Callao,Callao,Callao,Centro Poblado: Callao,Mza: 030","030",46,56,21,4,4,0,0,0,0,0,28,0,1,0,0,0,0,14,8,6,0,0,4,28,3,36,102,45.1,28,50,0.75
"07010100010100003200","070101000101000032 , Callao,Callao,Callao,Centro Poblado: Callao,Mza: 032","032",36,42,12,3,0,0,0,0,0,0,12,1,0,2,0,0,0,4,3,2,3,0,4,12,4,20,78,46.2,12,33.3,1
"07010100010100003300","070101000101000033 , Callao,Callao,Callao,Centro Poblado: Callao,Mza: 033","033",23,33,24,0,0,0,0,0,0,0,15,0,0,9,0,0,0,6,0,9,0,0,3,15,3,18,56,41.1,15,40,1
"07010100010100003400","070101000101000034 , Callao,Callao,Callao,Centro Poblado: Callao,Mza: 034","034",35,46,11,0,0,0,1,0,1,0,12,0,0,0,0,0,0,4,2,5,1,0,5,12,4,18,81,43.2,12,33.3,0.8
"07010100010100003500","070101000101000035 , Callao,Callao,Callao,Centro Poblado: Callao,Mza: 035","035",77,82,23,28,0,0,0,0,0,0,41,3,2,0,1,0,4,14,3,24,0,0,3,41,4,42,159,48.4,41,34.1,1.33
"07010100010100003600","070101000101000036 , Callao,Callao,Callao,Centro Poblado: Callao,Mza: 036","036",153,161,65,2,0,0,1,0,0,0,61,4,0,0,2,0,0,10,7,37,7,0,3,61,4,67,314,48.7,61,16.4,1.33
"07010100010100003700","070101000101000037 , Callao,Callao,Callao,Centro Poblado: Callao,Mza: 037","037",123,142,62,7,0,0,1,0,0,0,68,1,0,0,0,0,0,15,19,20,14,0,3,68,4,69,265,46.4,68,22.1,1.33
"07010100010100003800","070101000101000038 , Callao,Callao,Callao,Centro Poblado: Callao,Mza: 038","038",99,93,45,4,0,0,0,0,0,0,49,0,0,0,0,0,0,13,17,16,3,0,3,49,3,63,192,51.6,49,26.5,1
"07010100010100003900","070101000101000039 , Callao,Callao,Callao,Centro Poblado: Callao,Mza: 039","039",63,50,30,0,0,0,0,0,0,0,30,0,0,0,0,0,0,15,3,9,3,0,4,30,3,35,113,55.8,30,50,0.75
"07010100010100004100","070101000101000041 , Callao,Callao,Callao,Centro Poblado: Callao,Mza: 041","041",38,52,19,0,0,0,0,0,0,0,19,0,0,0,0,0,0,5,2,10,2,0,3,19,4,21,90,42.2,19,26.3,1.33
"07010100010100004200","070101000101000042 , Callao,Callao,Callao,Centro Poblado: Callao,Mza: 042","042",94,98,45,2,0,1,0,10,0,0,56,2,0,0,0,0,0,18,4,31,3,0,3,56,3,57,192,49,56,32.1,1
"07010100010100004300","070101000101000043 , Callao,Callao,Callao,Centro Poblado: Callao,Mza: 043","043",78,82,23,17,0,0,0,0,0,0,38,2,0,0,0,0,0,21,7,10,0,0,3,38,4,43,160,48.8,38,55.3,1.33
"07010100010100004500","070101000101000045 , Callao,Callao,Callao,Centro Poblado: Callao,Mza: 045","045",168,178,73,9,0,0,0,0,0,0,80,2,0,0,0,0,0,26,4,45,5,0,3,80,4,85,346,48.6,80,32.5,1.33
"07010100010100004600","070101000101000046 , Callao,Callao,Callao,Centro Poblado: Callao,Mza: 046","046",249,258,74,45,0,0,1,6,0,0,116,4,0,1,2,1,1,55,23,30,8,0,3,116,4,123,507,49.1,116,47.4,1.33
"07010100010100004700","070101000101000047 , Callao,Callao,Callao,Centro Poblado: Callao,Mza: 047","047",76,79,45,0,0,0,0,0,0,0,40,2,2,0,1,0,0,7,7,22,4,0,3,40,3,45,155,49,40,17.5,1
"07010100010100004800","070101000101000048 , Callao,Callao,Callao,Centro Poblado: Callao,Mza: 048","048",38,49,24,5,0,0,0,0,1,0,28,0,1,0,1,0,0,10,8,9,1,0,3,28,3,28,87,43.7,28,35.7,1
"07010100010100004900","070101000101000049 , Callao,Callao,Callao,Centro Poblado: Callao,Mza: 049","049",41,31,21,0,1,1,0,0,0,0,21,0,0,0,2,0,0,10,3,8,0,0,3,21,3,24,72,56.9,21,47.6,1
"07010100010100088888","0701010001010008888, Callao,Callao,Callao,Centro Poblado: Callao,Mza: 8888","8888",4,3,4,0,0,0,0,0,0,0,4,0,0,0,0,0,0,2,0,2,0,0,2,4,2,4,7,57.1,4,50,1
"07010100010110003801","070101000101100038A, Callao,Callao,Callao,Centro Poblado: Callao,Mza: 038A","038A",114,54,17,0,0,0,1,0,10,0,19,4,4,0,0,0,0,0,8,0,11,0,2,19,3,20,168,67.9,19,0,1.5
"07010100010110004004","070101000101100040D, Callao,Callao,Callao,Centro Poblado: Callao,Mza: 040D","040D",123,127,76,0,0,1,0,0,1,0,76,2,0,0,0,0,0,4,65,3,4,0,3,76,3,83,250,49.2,76,5.3,1
"07010100010110004100","070101000101100041 , Callao,Callao,Callao,Centro Poblado: Callao,Mza: 041","041",30,23,12,0,0,0,0,0,0,0,12,0,0,0,0,0,0,0,0,11,1,0,4,12,4,15,53,56.6,12,0,1
"07010100010110004101","070101000101100041A, Callao,Callao,Callao,Centro Poblado: Callao,Mza: 041A","041A",35,22,12,0,0,0,0,0,0,0,11,0,1,0,0,0,0,0,11,0,0,0,4,11,4,16,57,61.4,11,0,1
"07010100010110004200","070101000101100042 , Callao,Callao,Callao,Centro Poblado: Callao,Mza: 042","042",25,21,12,0,0,0,0,0,0,0,11,0,0,0,1,0,0,0,2,9,0,0,3,11,4,11,46,54.3,11,0,1.33
"07010100010110004201","070101000101100042A, Callao,Callao,Callao,Centro Poblado: Callao,Mza: 042A","042A",33,32,20,0,0,0,0,0,0,0,20,0,0,0,0,0,0,1,19,0,0,0,2,20,3,20,65,50.8,20,5,1.5
"07010100010110004300","070101000101100043 , Callao,Callao,Callao,Centro Poblado: Callao,Mza: 043","043",24,24,12,0,0,0,0,0,0,0,11,1,0,0,0,0,0,0,1,10,0,0,4,11,4,11,48,50,11,0,1
"07010100010110004301","070101000101100043A, Callao,Callao,Callao,Centro Poblado: Callao,Mza: 043A","043A",27,26,18,0,0,0,0,0,0,0,15,2,1,0,0,0,0,1,13,1,0,0,4,15,4,15,53,50.9,15,6.7,1
"07010100010110004400","070101000101100044 , Callao,Callao,Callao,Centro Poblado: Callao,Mza: 044","044",74,63,42,0,0,0,0,0,1,0,36,3,3,0,1,0,0,2,9,24,1,0,3,36,4,38,137,54,36,5.6,1.33
"07010100010110004700","070101000101100047 , Callao,Callao,Callao,Centro Poblado: Callao,Mza: 047","047",82,77,42,0,0,0,0,0,1,0,39,3,0,0,1,0,0,1,1,36,1,0,4,39,3,50,159,51.6,39,2.6,0.75
"07010100010110004801","070101000101100048A, Callao,Callao,Callao,Centro Poblado: Callao,Mza: 048A","048A",61,65,31,0,0,0,0,0,0,0,29,2,0,0,0,0,0,2,24,0,3,0,3,29,4,31,126,48.4,29,6.9,1.33
"07010100010110004900","070101000101100049 , Callao,Callao,Callao,Centro Poblado: Callao,Mza: 049","049",17,27,11,0,0,0,0,0,0,0,11,0,0,0,0,0,0,0,4,6,1,0,3,11,4,12,44,38.6,11,0,1.33
"07010100010110004901","070101000101100049A, Callao,Callao,Callao,Centro Poblado: Callao,Mza: 049A","049A",55,51,36,0,0,0,0,0,0,0,34,1,0,0,1,0,0,2,31,0,1,0,2,34,3,34,106,51.9,34,5.9,1.5
"07010100010110005000","070101000101100050 , Callao,Callao,Callao,Centro Poblado: Callao,Mza: 050","050",32,23,19,0,0,0,0,0,0,0,17,0,2,0,0,0,0,0,7,9,1,0,3,17,3,19,55,58.2,17,0,1
"07010100010110005100","070101000101100051 , Callao,Callao,Callao,Centro Poblado: Callao,Mza: 051","051",24,33,16,0,0,0,0,0,0,0,15,0,0,0,1,0,0,0,15,0,0,0,3,15,3,17,57,42.1,15,0,1
"07010100010110005200","070101000101100052 , Callao,Callao,Callao,Centro Poblado: Callao,Mza: 052","052",42,33,18,0,0,0,0,0,0,0,18,0,0,0,0,0,0,0,18,0,0,0,3,18,4,19,75,56,18,0,1.33
"07010100010110005300","070101000101100053 , Callao,Callao,Callao,Centro Poblado: Callao,Mza: 053","053",21,22,18,0,0,0,0,0,0,0,11,0,3,0,0,0,4,2,2,6,1,0,3,11,4,12,43,48.8,11,18.2,1.33
"07010100010110005400","070101000101100054 , Callao,Callao,Callao,Centro Poblado: Callao,Mza: 054","054",37,42,22,0,0,0,0,0,0,0,19,1,2,0,0,0,0,1,0,18,0,0,3,19,3,24,79,46.8,19,5.3,1
"07010100010110005600","070101000101100056 , Callao,Callao,Callao,Centro Poblado: Callao,Mza: 056","056",420,200,34,0,0,0,3,0,0,0,33,1,0,0,0,0,0,0,1,32,0,0,4,33,3,48,620,67.7,33,0,0.75
"07010100010110006000","070101000101100060 , Callao,Callao,Callao,Centro Poblado: Callao,Mza: 060","060",42,39,24,0,0,0,0,0,0,0,24,0,0,0,0,0,0,0,23,1,0,0,3,24,3,25,81,51.9,24,0,1
"07010100010110006002","070101000101100060B, Callao,Callao,Callao,Centro Poblado: Callao,Mza: 060B","060B",41,53,26,0,0,0,0,0,0,0,25,0,0,0,1,0,0,1,24,0,0,0,3,25,4,25,94,43.6,25,4,1.33
"07010100010110006003","070101000101100060C, Callao,Callao,Callao,Centro Poblado: Callao,Mza: 060C","060C",42,37,22,0,0,0,0,0,0,0,19,3,0,0,0,0,0,0,19,0,0,0,3,19,4,19,79,53.2,19,0,1.33
"07010100010110006004","070101000101100060D, Callao,Callao,Callao,Centro Poblado: Callao,Mza: 060D","060D",43,46,22,0,0,0,0,0,0,0,22,0,0,0,0,0,0,2,20,0,0,0,3,22,4,22,89,48.3,22,9.1,1.33
"07010100010110006010","070101000101100060J, Callao,Callao,Callao,Centro Poblado: Callao,Mza: 060J","060J",46,40,24,0,0,1,0,0,0,0,23,1,0,1,0,0,0,0,23,0,0,0,3,23,4,23,86,53.5,23,0,1.33
"07010100010110006011","070101000101100060K, Callao,Callao,Callao,Centro Poblado: Callao,Mza: 060K","060K",27,23,16,0,0,4,0,0,0,0,15,0,0,0,5,0,0,0,14,0,1,0,4,15,3,17,50,54,15,0,0.75
"07010100010110006013","070101000101100060M, Callao,Callao,Callao,Centro Poblado: Callao,Mza: 060M","060M",35,30,20,0,0,0,0,0,0,0,17,3,0,0,0,0,0,0,17,0,0,0,3,17,3,19,65,53.8,17,0,1
"07010100010110006015","070101000101100060O, Callao,Callao,Callao,Centro Poblado: Callao,Mza: 060O","060O",20,11,12,0,0,0,0,0,0,0,12,0,0,0,0,0,0,0,10,2,0,0,3,12,3,12,31,64.5,12,0,1
"07010100010110006100","070101000101100061 , Callao,Callao,Callao,Centro Poblado: Callao,Mza: 061","061",77,85,46,0,0,0,0,0,0,0,44,2,0,0,0,0,0,1,40,1,2,0,3,44,4,46,162,47.5,44,2.3,1.33
"07010100010110088888","0701010001011008888, Callao,Callao,Callao,Centro Poblado: Callao,Mza: 8888","8888",45,33,18,0,7,0,0,0,0,0,23,0,2,0,0,0,0,2,10,10,1,0,3,23,3,25,78,57.7,23,8.7,1
"07010100010120000100","070101000101200001 , Callao,Callao,Callao,Centro Poblado: Callao,Mza: 001","001",30,37,22,0,0,0,0,0,0,0,19,1,2,0,0,0,0,1,10,8,0,0,3,19,3,20,67,44.8,19,5.3,1
"07010100010120000200","070101000101200002 , Callao,Callao,Callao,Centro Poblado: Callao,Mza: 002","002",42,46,20,0,0,0,0,0,0,0,18,0,2,0,0,0,0,1,4,13,0,0,3,18,5,19,88,47.7,18,5.6,1.67
"07010100010120000400","070101000101200004 , Callao,Callao,Callao,Centro Poblado: Callao,Mza: 004","004",32,39,18,0,0,0,0,0,0,0,18,0,0,0,0,0,0,2,0,15,1,0,4,18,4,20,71,45.1,18,11.1,1
"07010100010120000500","070101000101200005 , Callao,Callao,Callao,Centro Poblado: Callao,Mza: 005","005",72,58,36,0,0,0,0,0,0,0,34,2,0,0,0,0,0,2,0,29,3,0,3,34,3,38,130,55.4,34,5.9,1
"07010100010120000600","070101000101200006 , Callao,Callao,Callao,Centro Poblado: Callao,Mza: 006","006",73,51,35,0,0,0,0,0,0,0,32,2,1,0,0,0,0,0,0,29,3,0,3,32,4,35,124,58.9,32,0,1.33
"07010100010120000700","070101000101200007 , Callao,Callao,Callao,Centro Poblado: Callao,Mza: 007","007",52,71,35,0,0,0,0,0,0,0,32,2,0,1,0,0,0,3,0,27,2,0,3,32,4,33,123,42.3,32,9.4,1.33
"07010100010120000800","070101000101200008 , Callao,Callao,Callao,Centro Poblado: Callao,Mza: 008","008",63,72,32,0,0,0,0,0,0,0,30,1,0,0,1,0,0,1,16,13,0,0,3,30,4,30,135,46.7,30,3.3,1.33
"07010100010120000804","070101000101200008D, Callao,Callao,Callao,Centro Poblado: Callao,Mza: 008D","008D",77,65,47,0,2,0,0,0,0,0,41,0,8,0,0,0,0,3,33,5,0,0,3,41,3,41,142,54.2,41,7.3,1
"07010100010120000900","070101000101200009 , Callao,Callao,Callao,Centro Poblado: Callao,Mza: 009","009",55,36,23,0,0,0,0,0,0,0,22,0,0,0,0,1,0,2,17,3,0,0,3,22,4,22,91,60.4,22,9.1,1.33
"07010100010120001003","070101000101200010C, Callao,Callao,Callao,Centro Poblado: Callao,Mza: 010C","010C",47,34,34,0,0,0,0,0,0,0,22,2,3,2,2,3,0,2,17,3,0,0,2,22,3,25,81,58,22,9.1,1.5
"07010100010120001004","070101000101200010D, Callao,Callao,Callao,Centro Poblado: Callao,Mza: 010D","010D",45,45,26,0,0,0,0,0,0,0,23,2,1,0,0,0,0,2,21,0,0,0,2,23,4,23,90,50,23,8.7,2
"07010100010120001100","070101000101200011 , Callao,Callao,Callao,Centro Poblado: Callao,Mza: 011","011",36,42,21,0,0,0,0,0,0,0,21,0,0,0,0,0,0,2,2,16,1,0,3,21,4,22,78,46.2,21,9.5,1.33
"07010100010120001400","070101000101200014 , Callao,Callao,Callao,Centro Poblado: Callao,Mza: 014","014",49,49,23,0,0,0,0,0,0,0,22,0,0,0,1,0,0,0,11,9,2,0,3,22,3,29,98,50,22,0,1
"07010100010120002500","070101000101200025 , Callao,Callao,Callao,Centro Poblado: Callao,Mza: 025","025",48,66,33,0,0,0,0,0,0,0,31,2,0,0,0,0,0,2,27,2,0,0,2,31,4,31,114,42.1,31,6.5,2
"07010100010120002600","070101000101200026 , Callao,Callao,Callao,Centro Poblado: Callao,Mza: 026","026",49,48,25,0,0,0,0,0,0,0,25,0,0,0,0,0,0,1,2,14,8,0,3,25,4,25,97,50.5,25,4,1.33
"07010100010120002700","070101000101200027 , Callao,Callao,Callao,Centro Poblado: Callao,Mza: 027","027",26,30,9,0,0,0,1,0,0,0,8,0,1,0,0,0,0,1,0,7,0,0,5,8,4,14,56,46.4,8,12.5,0.8
"07010100010120002800","070101000101200028 , Callao,Callao,Callao,Centro Poblado: Callao,Mza: 028","028",98,86,41,0,0,0,0,0,0,0,40,1,0,0,0,0,0,4,2,32,2,0,4,40,3,54,184,53.3,40,10,0.75
"07010100010120002900","070101000101200029 , Callao,Callao,Callao,Centro Poblado: Callao,Mza: 029","029",114,123,42,0,0,0,0,0,0,0,42,0,0,0,0,0,0,6,5,30,1,0,5,42,4,62,237,48.1,42,14.3,0.8
"07010100010120003200","070101000101200032 , Callao,Callao,Callao,Centro Poblado: Callao,Mza: 032","032",35,29,18,0,0,0,0,0,0,0,17,1,0,0,0,0,0,1,5,8,3,0,3,17,3,20,64,54.7,17,5.9,1
"07010100010120003300","070101000101200033 , Callao,Callao,Callao,Centro Poblado: Callao,Mza: 033","033",47,44,26,0,0,0,0,0,0,0,25,0,0,0,1,0,0,1,6,18,0,0,3,25,3,29,91,51.6,25,4,1
"07010100010120003400","070101000101200034 , Callao,Callao,Callao,Centro Poblado: Callao,Mza: 034","034",68,81,26,0,0,0,0,0,0,0,25,1,0,0,0,0,0,1,8,16,0,0,4,25,4,36,149,45.6,25,4,1
"07010100010120003500","070101000101200035 , Callao,Callao,Callao,Centro Poblado: Callao,Mza: 035","035",26,29,14,0,0,0,0,0,0,0,14,0,0,0,0,0,0,0,3,11,0,0,3,14,4,15,55,47.3,14,0,1.33
"07010100010120003600","070101000101200036 , Callao,Callao,Callao,Centro Poblado: Callao,Mza: 036","036",18,18,11,0,0,0,0,0,0,0,10,1,0,0,0,0,0,1,0,9,0,0,4,10,3,11,36,50,10,10,0.75
"07010100010120003601","070101000101200036A, Callao,Callao,Callao,Centro Poblado: Callao,Mza: 036A","036A",19,29,11,0,0,0,0,0,0,0,11,0,0,0,0,0,0,0,3,8,0,0,2,11,4,12,48,39.6,11,0,2
"07010100010120003602","070101000101200036B, Callao,Callao,Callao,Centro Poblado: Callao,Mza: 036B","036B",46,46,24,0,0,0,0,0,0,0,21,3,0,0,0,0,0,0,14,7,0,0,3,21,4,21,92,50,21,0,1.33
"07010100010120003700","070101000101200037 , Callao,Callao,Callao,Centro Poblado: Callao,Mza: 037","037",81,84,38,0,0,0,0,0,0,0,35,2,0,0,1,0,0,5,1,25,4,0,3,35,4,39,165,49.1,35,14.3,1.33
"07010100010120003800","070101000101200038 , Callao,Callao,Callao,Centro Poblado: Callao,Mza: 038","038",54,52,29,0,0,0,0,0,0,0,29,0,0,0,0,0,0,4,2,21,2,0,3,29,3,31,106,50.9,29,13.8,1
"07010100010120003900","070101000101200039 , Callao,Callao,Callao,Centro Poblado: Callao,Mza: 039","039",68,64,29,0,0,0,0,0,0,0,28,0,1,0,0,0,0,0,0,28,0,0,4,28,4,33,132,51.5,28,0,1
"07010100010120004000","070101000101200040 , Callao,Callao,Callao,Centro Poblado: Callao,Mza: 040","040",63,67,29,0,0,0,0,0,0,0,28,1,0,0,0,0,0,0,1,26,1,0,4,28,4,34,130,48.5,28,0,1
"07010100010120004100","070101000101200041 , Callao,Callao,Callao,Centro Poblado: Callao,Mza: 041","041",58,64,28,0,0,0,0,0,0,0,27,1,0,0,0,0,0,0,3,24,0,0,4,27,4,32,122,47.5,27,0,1
"07010100010120004400","070101000101200044 , Callao,Callao,Callao,Centro Poblado: Callao,Mza: 044","044",56,66,31,0,0,0,0,0,0,0,26,3,2,0,0,0,0,2,6,18,0,0,3,26,4,34,122,45.9,26,7.7,1.33
"07010100010120004500","070101000101200045 , Callao,Callao,Callao,Centro Poblado: Callao,Mza: 045","045",62,65,29,0,0,0,0,0,0,0,27,2,0,0,0,0,0,0,1,26,0,0,3,27,4,31,127,48.8,27,0,1.33
"07010100010120004600","070101000101200046 , Callao,Callao,Callao,Centro Poblado: Callao,Mza: 046","046",86,73,36,0,0,0,0,0,0,0,32,1,1,1,1,0,0,3,2,27,0,0,4,32,4,37,159,54.1,32,9.4,1
"07010100010120004700","070101000101200047 , Callao,Callao,Callao,Centro Poblado: Callao,Mza: 047","047",48,51,22,0,0,0,0,0,0,0,21,0,0,0,1,0,0,2,1,16,2,0,3,21,4,22,99,48.5,21,9.5,1.33
"07010100010120004800","070101000101200048 , Callao,Callao,Callao,Centro Poblado: Callao,Mza: 048","048",54,45,23,0,0,0,0,0,0,0,21,1,1,0,0,0,0,2,2,17,0,0,3,21,5,21,99,54.5,21,9.5,1.67
"07010100010120004900","070101000101200049 , Callao,Callao,Callao,Centro Poblado: Callao,Mza: 049","049",45,38,22,0,0,0,0,0,0,0,20,1,1,0,0,0,0,0,0,18,2,0,3,20,4,21,83,54.2,20,0,1.33
"07010100010120005000","070101000101200050 , Callao,Callao,Callao,Centro Poblado: Callao,Mza: 050","050",31,33,14,0,0,0,0,0,0,0,14,0,0,0,0,0,0,0,0,14,0,0,4,14,4,15,64,48.4,14,0,1
"07010100010120005002","070101000101200050B, Callao,Callao,Callao,Centro Poblado: Callao,Mza: 050B","050B",72,72,38,0,0,0,0,0,0,0,36,1,0,0,1,0,0,2,33,0,1,0,3,36,4,39,144,50,36,5.6,1.33
"07010100010120005003","070101000101200050C, Callao,Callao,Callao,Centro Poblado: Callao,Mza: 050C","050C",93,106,63,0,0,0,0,0,0,0,60,3,0,0,0,0,0,9,44,4,3,0,3,60,3,60,199,46.7,60,15,1
"07010100010120005004","070101000101200050D, Callao,Callao,Callao,Centro Poblado: Callao,Mza: 050D","050D",105,95,56,0,0,0,0,0,0,0,52,1,1,0,2,0,0,1,45,6,0,0,3,52,4,54,200,52.5,52,1.9,1.33
"07010100010120005006","070101000101200050F, Callao,Callao,Callao,Centro Poblado: Callao,Mza: 050F","050F",76,61,36,0,0,0,0,0,0,0,35,1,0,0,0,0,0,1,33,0,1,0,3,35,4,39,137,55.5,35,2.9,1.33
"07010100010120005007","070101000101200050G, Callao,Callao,Callao,Centro Poblado: Callao,Mza: 050G","050G",78,98,49,0,0,0,0,0,0,0,48,1,0,0,0,0,0,0,48,0,0,0,3,48,4,49,176,44.3,48,0,1.33
"07010100010120005100","070101000101200051 , Callao,Callao,Callao,Centro Poblado: Callao,Mza: 051","051",29,29,14,0,0,0,0,0,0,0,13,1,0,0,0,0,0,0,4,9,0,0,2,13,4,13,58,50,13,0,2
"07010100010120005101","070101000101200051A, Callao,Callao,Callao,Centro Poblado: Callao,Mza: 051A","051A",76,70,47,0,0,0,0,0,0,0,40,3,2,1,0,1,0,3,36,1,0,0,3,40,4,40,146,52.1,40,7.5,1.33
"07010100010120005200","070101000101200052 , Callao,Callao,Callao,Centro Poblado: Callao,Mza: 052","052",85,96,39,0,0,0,0,0,0,0,37,0,0,0,2,0,0,1,1,35,0,0,3,37,4,44,181,47,37,2.7,1.33
"07010100010120005201","070101000101200052A, Callao,Callao,Callao,Centro Poblado: Callao,Mza: 052A","052A",43,41,22,0,0,0,0,0,0,0,19,0,3,0,0,0,0,2,2,15,0,0,3,19,4,21,84,51.2,19,10.5,1.33
"07010100010120005203","070101000101200052C, Callao,Callao,Callao,Centro Poblado: Callao,Mza: 052C","052C",30,27,13,0,0,0,0,0,0,0,13,0,0,0,0,0,0,4,0,9,0,0,3,13,4,14,57,52.6,13,30.8,1.33
"07010100010120005213","070101000101200052M, Callao,Callao,Callao,Centro Poblado: Callao,Mza: 052M","052M",19,19,10,0,0,0,0,0,0,0,9,1,0,0,0,0,0,0,9,0,0,0,4,9,4,9,38,50,9,0,1
"07010100010120005217","070101000101200052Q, Callao,Callao,Callao,Centro Poblado: Callao,Mza: 052Q","052Q",48,45,33,0,1,0,0,0,1,0,33,2,0,0,0,0,0,5,27,0,1,0,2,33,3,33,93,51.6,33,15.2,1.5
"07010100010120005219","070101000101200052S, Callao,Callao,Callao,Centro Poblado: Callao,Mza: 052S","052S",71,64,50,0,0,0,0,0,0,0,47,3,0,0,0,0,0,0,46,0,1,0,2,47,3,48,135,52.6,47,0,1.5
"07010100010120005220","070101000101200052T, Callao,Callao,Callao,Centro Poblado: Callao,Mza: 052T","052T",65,69,57,0,0,0,0,0,0,0,48,3,0,0,6,0,0,0,48,0,0,0,2,48,3,49,134,48.5,48,0,1.5
"07010100010120005300","070101000101200053 , Callao,Callao,Callao,Centro Poblado: Callao,Mza: 053","053",50,55,21,0,0,0,0,0,0,0,20,1,0,0,0,0,0,0,1,19,0,0,3,20,4,27,105,47.6,20,0,1.33
"07010100010120005400","070101000101200054 , Callao,Callao,Callao,Centro Poblado: Callao,Mza: 054","054",47,52,27,0,0,0,0,0,0,0,24,2,1,0,0,0,0,2,1,18,3,0,3,24,4,25,99,47.5,24,8.3,1.33
"07010100010120005500","070101000101200055 , Callao,Callao,Callao,Centro Poblado: Callao,Mza: 055","055",32,27,21,0,0,0,0,0,0,0,17,1,3,0,0,0,0,1,1,12,3,0,3,17,3,18,59,54.2,17,5.9,1
"07010100010120005600","070101000101200056 , Callao,Callao,Callao,Centro Poblado: Callao,Mza: 056","056",57,47,30,0,0,0,0,0,0,0,28,1,1,0,0,0,0,2,4,21,1,0,3,28,3,35,104,54.8,28,7.1,1
"07010100010120005700","070101000101200057 , Callao,Callao,Callao,Centro Poblado: Callao,Mza: 057","057",50,55,28,0,0,0,0,0,0,0,25,2,1,0,0,0,0,3,1,20,1,0,3,25,4,26,105,47.6,25,12,1.33
"07010100010120005800","070101000101200058 , Callao,Callao,Callao,Centro Poblado: Callao,Mza: 058","058",56,63,26,0,0,0,1,0,0,0,26,0,0,0,0,0,0,0,1,25,0,0,3,26,4,32,119,47.1,26,0,1.33
"07010100010120005900","070101000101200059 , Callao,Callao,Callao,Centro Poblado: Callao,Mza: 059","059",78,94,34,0,0,0,0,0,0,0,32,1,1,0,0,0,0,0,2,29,1,0,5,32,4,45,172,45.3,32,0,0.8
"07010100010120006001","070101000101200060A, Callao,Callao,Callao,Centro Poblado: Callao,Mza: 060A","060A",18,28,11,0,0,0,0,0,0,0,11,0,0,0,0,0,0,1,0,9,1,0,3,11,4,12,46,39.1,11,9.1,1.33
"07010100010120006100","070101000101200061 , Callao,Callao,Callao,Centro Poblado: Callao,Mza: 061","061",85,82,40,0,0,0,0,0,0,0,33,1,6,0,0,0,0,2,7,20,4,0,4,33,4,43,167,50.9,33,6.1,1
"07010100010120006200","070101000101200062 , Callao,Callao,Callao,Centro Poblado: Callao,Mza: 062","062",48,51,30,0,0,0,0,0,0,0,25,1,4,0,0,0,0,2,2,16,5,0,4,25,4,26,99,48.5,25,8,1
"07010100010120006301","070101000101200063A, Callao,Callao,Callao,Centro Poblado: Callao,Mza: 063A","063A",41,52,19,0,0,0,0,0,0,0,19,0,0,0,0,0,0,3,2,13,1,0,5,19,3,30,93,44.1,19,15.8,0.6
"07010100010120006401","070101000101200064A, Callao,Callao,Callao,Centro Poblado: Callao,Mza: 064A","064A",122,124,49,0,0,0,0,0,0,0,46,3,0,0,0,0,0,1,18,24,3,0,4,46,4,58,246,49.6,46,2.2,1
"07010100010120006500","070101000101200065 , Callao,Callao,Callao,Centro Poblado: Callao,Mza: 065","065",84,91,44,0,0,0,0,0,0,0,43,1,0,0,0,0,0,3,40,0,0,0,2,43,4,45,175,48,43,7,2
"07010100010120006600","070101000101200066 , Callao,Callao,Callao,Centro Poblado: Callao,Mza: 066","066",39,47,27,0,0,0,0,0,0,0,26,0,0,0,0,1,0,0,23,3,0,0,3,26,3,26,86,45.3,26,0,1
"07010100010120006700","070101000101200067 , Callao,Callao,Callao,Centro Poblado: Callao,Mza: 067","067",26,33,10,0,0,0,0,0,0,0,10,0,0,0,0,0,0,1,9,0,0,0,4,10,4,16,59,44.1,10,10,1
"07010100010120006800","070101000101200068 , Callao,Callao,Callao,Centro Poblado: Callao,Mza: 068","068",55,52,25,0,0,0,0,0,0,0,22,1,2,0,0,0,0,4,18,0,0,0,3,22,5,23,107,51.4,22,18.2,1.67
"07010100010120006900","070101000101200069 , Callao,Callao,Callao,Centro Poblado: Callao,Mza: 069","069",56,53,30,0,0,0,0,0,0,0,27,2,1,0,0,0,0,2,23,2,0,0,3,27,4,29,109,51.4,27,7.4,1.33
"07010100010120007000","070101000101200070 , Callao,Callao,Callao,Centro Poblado: Callao,Mza: 070","070",36,43,21,0,0,0,0,0,0,0,20,1,0,0,0,0,0,2,16,0,2,0,3,20,4,20,79,45.6,20,10,1.33
"07010100010120007100","070101000101200071 , Callao,Callao,Callao,Centro Poblado: Callao,Mza: 071","071",65,78,39,0,0,0,0,0,0,0,37,1,0,0,0,0,1,5,32,0,0,0,3,37,4,37,143,45.5,37,13.5,1.33
"07010100010120007200","070101000101200072 , Callao,Callao,Callao,Centro Poblado: Callao,Mza: 072","072",26,27,13,1,0,0,0,0,0,0,14,0,0,0,0,0,0,2,11,1,0,0,3,14,3,16,53,49.1,14,14.3,1
"07010100010120007300","070101000101200073 , Callao,Callao,Callao,Centro Poblado: Callao,Mza: 073","073",43,32,23,0,0,0,0,0,0,0,21,2,0,0,0,0,0,2,19,0,0,0,3,21,3,23,75,57.3,21,9.5,1
"07010100010120088888","0701010001012008888, Callao,Callao,Callao,Centro Poblado: Callao,Mza: 8888","8888",3586,54,29,0,1,0,3,0,2,1,31,2,0,0,0,0,0,5,15,9,1,1,2,31,2,34,3640,98.5,31,16.1,1
"07010100010130000300","070101000101300003 , Callao,Callao,Callao,Centro Poblado: Callao,Mza: 003","003",248,238,96,0,0,0,1,0,0,0,94,1,0,1,0,0,0,16,7,61,9,1,3,94,4,115,486,51,94,17,1.33
"07010100010130000401","070101000101300004A, Callao,Callao,Callao,Centro Poblado: Callao,Mza: 004A","004A",171,171,65,0,0,0,0,0,0,0,61,4,0,0,0,0,0,2,2,57,0,0,4,61,4,84,342,50,61,3.3,1
"07010100010130000600","070101000101300006 , Callao,Callao,Callao,Centro Poblado: Callao,Mza: 006","006",115,118,47,0,0,0,0,0,0,0,47,0,0,0,0,0,0,1,0,41,5,0,4,47,4,56,233,49.4,47,2.1,1
"07010100010130000700","070101000101300007 , Callao,Callao,Callao,Centro Poblado: Callao,Mza: 007","007",68,83,31,1,0,0,0,0,0,0,31,1,0,0,0,0,0,6,1,23,1,0,4,31,4,39,151,45,31,19.4,1
"07010100010130000800","070101000101300008 , Callao,Callao,Callao,Centro Poblado: Callao,Mza: 008","008",67,86,26,0,0,0,0,0,0,0,26,0,0,0,0,0,0,1,2,17,6,0,4,26,4,42,153,43.8,26,3.8,1
"07010100010130000900","070101000101300009 , Callao,Callao,Callao,Centro Poblado: Callao,Mza: 009","009",100,105,39,0,0,0,0,0,1,0,39,1,0,0,0,0,0,1,7,26,5,0,4,39,4,56,205,48.8,39,2.6,1
"07010100010130001000","070101000101300010 , Callao,Callao,Callao,Centro Poblado: Callao,Mza: 010","010",84,91,36,0,0,0,0,0,0,0,36,0,0,0,0,0,0,3,3,29,1,0,4,36,4,45,175,48,36,8.3,1
"07010100010130001100","070101000101300011 , Callao,Callao,Callao,Centro Poblado: Callao,Mza: 011","011",71,80,23,0,0,0,0,0,0,0,23,0,0,0,0,0,0,0,0,21,2,0,5,23,5,33,151,47,23,0,1
"07010100010130001200","070101000101300012 , Callao,Callao,Callao,Centro Poblado: Callao,Mza: 012","012",66,74,26,0,0,0,0,0,0,0,26,0,0,0,0,0,0,6,0,20,0,0,4,26,4,33,140,47.1,26,23.1,1
"07010100010130001202","070101000101300012B, Callao,Callao,Callao,Centro Poblado: Callao,Mza: 012B","012B",65,58,34,0,0,1,0,0,0,0,35,0,0,0,0,0,0,3,2,26,4,0,4,35,3,41,123,52.8,35,8.6,0.75
"07010100010130001600","070101000101300016 , Callao,Callao,Callao,Centro Poblado: Callao,Mza: 016","016",68,71,30,0,0,0,0,0,0,0,28,0,1,0,1,0,0,0,1,25,2,0,4,28,5,30,139,48.9,28,0,1.25
"07010100010130001700","070101000101300017 , Callao,Callao,Callao,Centro Poblado: Callao,Mza: 017","017",117,87,39,5,0,1,0,0,0,0,44,1,0,0,0,0,0,4,0,38,2,0,3,44,4,55,204,57.4,44,9.1,1.33
"07010100010130001800","070101000101300018 , Callao,Callao,Callao,Centro Poblado: Callao,Mza: 018","018",48,41,21,2,0,0,1,0,0,0,22,1,0,0,0,0,0,1,1,20,0,0,3,22,3,30,89,53.9,22,4.5,1
"07010100010130001900","070101000101300019 , Callao,Callao,Callao,Centro Poblado: Callao,Mza: 019","019",73,79,32,1,0,0,0,0,0,0,32,0,1,0,0,0,0,3,1,20,8,0,3,32,5,33,152,48,32,9.4,1.67
"07010100010130002000","070101000101300020 , Callao,Callao,Callao,Centro Poblado: Callao,Mza: 020","020",46,72,21,0,0,0,0,0,0,0,21,0,0,0,0,0,0,0,0,21,0,0,4,21,5,26,118,39,21,0,1.25
"07010100010130002100","070101000101300021 , Callao,Callao,Callao,Centro Poblado: Callao,Mza: 021","021",112,97,44,10,0,0,0,0,0,0,50,4,0,0,0,0,0,16,3,27,4,0,3,50,4,58,209,53.6,50,32,1.33
"07010100010130002200","070101000101300022 , Callao,Callao,Callao,Centro Poblado: Callao,Mza: 022","022",87,96,32,0,0,0,0,0,0,0,32,0,0,0,0,0,0,2,3,25,2,0,4,32,4,44,183,47.5,32,6.2,1
"07010100010130002300","070101000101300023 , Callao,Callao,Callao,Centro Poblado: Callao,Mza: 023","023",66,79,36,1,0,0,1,0,0,0,33,0,1,0,3,0,0,2,5,26,0,0,4,33,4,39,145,45.5,33,6.1,1
"07010100010130002400","070101000101300024 , Callao,Callao,Callao,Centro Poblado: Callao,Mza: 024","024",116,112,57,0,0,0,0,0,0,0,49,0,0,0,8,0,0,0,3,46,0,0,4,49,4,51,228,50.9,49,0,1
"07010100010130002500","070101000101300025 , Callao,Callao,Callao,Centro Poblado: Callao,Mza: 025","025",96,119,44,0,0,0,0,0,0,0,44,0,0,0,0,0,0,1,7,32,4,0,4,44,5,47,215,44.7,44,2.3,1.25
"07010100010130002600","070101000101300026 , Callao,Callao,Callao,Centro Poblado: Callao,Mza: 026","026",126,135,56,0,0,0,0,0,0,0,52,2,1,0,0,0,1,6,10,30,4,2,3,52,4,73,261,48.3,52,11.5,1.33
"07010100010130002700","070101000101300027 , Callao,Callao,Callao,Centro Poblado: Callao,Mza: 027","027",97,116,60,0,0,0,0,0,0,0,57,1,2,0,0,0,0,4,12,36,5,0,3,57,3,67,213,45.5,57,7,1
"07010100010130002900","070101000101300029 , Callao,Callao,Callao,Centro Poblado: Callao,Mza: 029","029",59,80,29,0,0,0,0,0,0,0,29,0,0,0,0,0,0,3,2,22,2,0,3,29,4,33,139,42.4,29,10.3,1.33
"07010100010130003000","070101000101300030 , Callao,Callao,Callao,Centro Poblado: Callao,Mza: 030","030",74,73,33,0,0,0,0,0,0,0,33,0,0,0,0,0,0,6,2,24,1,0,3,33,4,37,147,50.3,33,18.2,1.33
"07010100010130003100","070101000101300031 , Callao,Callao,Callao,Centro Poblado: Callao,Mza: 031","031",66,73,48,0,0,0,0,0,0,0,46,0,0,0,1,1,0,2,2,40,2,0,4,46,3,54,139,47.5,46,4.3,0.75
"07010100010130003200","070101000101300032 , Callao,Callao,Callao,Centro Poblado: Callao,Mza: 032","032",75,74,42,0,0,0,2,0,0,0,42,0,0,0,0,0,0,4,11,26,1,0,3,42,3,49,149,50.3,42,9.5,1
"07010100010130003300","070101000101300033 , Callao,Callao,Callao,Centro Poblado: Callao,Mza: 033","033",104,104,39,0,0,0,0,0,0,0,36,0,0,1,1,1,0,2,1,32,1,0,4,36,4,59,208,50,36,5.6,1
"07010100010130003400","070101000101300034 , Callao,Callao,Callao,Centro Poblado: Callao,Mza: 034","034",85,85,34,0,0,0,0,0,0,0,31,0,0,0,3,0,0,1,4,24,2,0,4,31,4,46,170,50,31,3.2,1
"07010100010130003600","070101000101300036 , Callao,Callao,Callao,Centro Poblado: Callao,Mza: 036","036",64,62,25,0,0,0,0,0,0,0,25,0,0,0,0,0,0,3,0,15,7,0,4,25,4,33,126,50.8,25,12,1
"07010100010130004000","070101000101300040 , Callao,Callao,Callao,Centro Poblado: Callao,Mza: 040","040",69,55,31,0,0,0,0,0,0,0,30,1,0,0,0,0,0,3,0,27,0,0,3,30,4,34,124,55.6,30,10,1.33
"07010100010130004100","070101000101300041 , Callao,Callao,Callao,Centro Poblado: Callao,Mza: 041","041",52,54,30,0,0,0,0,0,0,0,29,1,0,0,0,0,0,1,0,20,8,0,3,29,4,30,106,49.1,29,3.4,1.33
"07010100010130004300","070101000101300043 , Callao,Callao,Callao,Centro Poblado: Callao,Mza: 043","043",62,65,27,2,0,0,0,0,0,0,28,0,0,0,1,0,0,0,1,25,2,0,4,28,4,35,127,48.8,28,0,1
"07010100010130004400","070101000101300044 , Callao,Callao,Callao,Centro Poblado: Callao,Mza: 044","044",79,66,34,0,0,0,0,0,0,0,33,0,0,0,1,0,0,4,1,22,6,0,3,33,4,39,145,54.5,33,12.1,1.33
"07010100010130004500","070101000101300045 , Callao,Callao,Callao,Centro Poblado: Callao,Mza: 045","045",95,86,46,0,0,0,0,0,0,0,45,0,0,0,1,0,0,6,0,38,1,0,3,45,3,52,181,52.5,45,13.3,1
"07010100010130004600","070101000101300046 , Callao,Callao,Callao,Centro Poblado: Callao,Mza: 046","046",116,112,48,0,0,0,0,0,0,0,46,1,0,0,0,0,1,0,2,40,4,0,4,46,4,57,228,50.9,46,0,1
"07010100010130004700","070101000101300047 , Callao,Callao,Callao,Centro Poblado: Callao,Mza: 047","047",61,54,29,0,0,0,0,0,0,0,28,1,0,0,0,0,0,0,4,23,1,0,4,28,3,35,115,53,28,0,0.75
"07010100010130004900","070101000101300049 , Callao,Callao,Callao,Centro Poblado: Callao,Mza: 049","049",70,80,29,0,0,0,0,0,0,0,28,1,0,0,0,0,0,0,3,24,1,0,4,28,4,42,150,46.7,28,0,1
"07010100010130005000","070101000101300050 , Callao,Callao,Callao,Centro Poblado: Callao,Mza: 050","050",94,100,40,0,0,0,0,0,0,0,36,3,0,0,1,0,0,2,1,32,1,0,4,36,4,48,194,48.5,36,5.6,1
"07010100010130005200","070101000101300052 , Callao,Callao,Callao,Centro Poblado: Callao,Mza: 052","052",99,98,38,0,0,0,0,0,0,0,38,0,0,0,0,0,0,1,2,30,5,0,4,38,4,48,197,50.3,38,2.6,1
"07010100010130005300","070101000101300053 , Callao,Callao,Callao,Centro Poblado: Callao,Mza: 053","053",38,44,19,0,0,0,0,0,0,0,19,0,0,0,0,0,0,3,0,15,1,0,4,19,4,23,82,46.3,19,15.8,1
"07010100010130005400","070101000101300054 , Callao,Callao,Callao,Centro Poblado: Callao,Mza: 054","054",49,65,25,0,0,0,0,0,0,0,24,1,0,0,0,0,0,2,4,18,0,0,3,24,3,35,114,43,24,8.3,1
"07010100010130005500","070101000101300055 , Callao,Callao,Callao,Centro Poblado: Callao,Mza: 055","055",134,136,62,0,0,0,0,0,0,0,62,0,0,0,0,0,0,10,5,40,7,0,3,62,4,62,270,49.6,62,16.1,1.33
"07010100010130005600","070101000101300056 , Callao,Callao,Callao,Centro Poblado: Callao,Mza: 056","056",88,80,35,0,0,0,0,0,0,0,34,1,0,0,0,0,0,3,1,29,1,0,3,34,5,35,168,52.4,34,8.8,1.67
"07010100010130005700","070101000101300057 , Callao,Callao,Callao,Centro Poblado: Callao,Mza: 057","057",55,61,29,0,0,0,0,0,0,0,28,0,0,0,0,1,0,3,1,23,1,0,3,28,4,33,116,47.4,28,10.7,1.33
"07010100010130005800","070101000101300058 , Callao,Callao,Callao,Centro Poblado: Callao,Mza: 058","058",64,69,33,0,0,0,0,0,0,0,32,1,0,0,0,0,0,2,0,27,2,1,3,32,4,33,133,48.1,32,6.2,1.33
"07010100010130006000","070101000101300060 , Callao,Callao,Callao,Centro Poblado: Callao,Mza: 060","060",58,70,28,0,0,0,0,0,0,0,26,0,0,0,2,0,0,3,1,17,5,0,4,26,4,29,128,45.3,26,11.5,1
"07010100010130006100","070101000101300061 , Callao,Callao,Callao,Centro Poblado: Callao,Mza: 061","061",46,53,23,0,0,0,0,0,0,0,23,0,0,0,0,0,0,0,2,20,1,0,3,23,4,26,99,46.5,23,0,1.33
"07010100010130006200","070101000101300062 , Callao,Callao,Callao,Centro Poblado: Callao,Mza: 062","062",70,73,28,0,0,0,0,0,0,0,28,0,0,0,0,0,0,0,2,21,5,0,4,28,4,34,143,49,28,0,1
"07010100010130088888","0701010001013008888, Callao,Callao,Callao,Centro Poblado: Callao,Mza: 8888","8888",13,11,6,0,0,1,1,0,1,0,5,3,0,0,0,0,0,0,1,2,2,0,2,5,3,7,24,54.2,5,0,1.5
"07010100010140000100","070101000101400001 , Callao,Callao,Callao,Centro Poblado: Callao,Mza: 001","001",115,111,57,0,0,0,0,0,0,0,53,3,0,0,1,0,0,4,3,33,13,0,4,53,3,69,226,50.9,53,7.5,0.75
"07010100010140000200","070101000101400002 , Callao,Callao,Callao,Centro Poblado: Callao,Mza: 002","002",101,115,49,4,0,0,0,0,0,0,47,4,0,0,2,0,0,10,1,28,8,0,3,47,4,52,216,46.8,47,21.3,1.33
"07010100010140000300","070101000101400003 , Callao,Callao,Callao,Centro Poblado: Callao,Mza: 003","003",68,56,26,8,0,0,0,0,0,0,34,0,0,0,0,0,0,8,2,18,6,0,3,34,3,37,124,54.8,34,23.5,1
"07010100010140000400","070101000101400004 , Callao,Callao,Callao,Centro Poblado: Callao,Mza: 004","004",83,76,35,2,0,0,0,0,0,0,35,1,1,0,0,0,0,10,2,19,4,0,3,35,4,40,159,52.2,35,28.6,1.33
"07010100010140000500","070101000101400005 , Callao,Callao,Callao,Centro Poblado: Callao,Mza: 005","005",86,78,34,3,0,0,1,0,0,0,36,1,0,0,0,0,0,1,1,30,4,0,3,36,3,50,164,52.4,36,2.8,1
"07010100010140000700","070101000101400007 , Callao,Callao,Callao,Centro Poblado: Callao,Mza: 007","007",59,68,24,6,0,0,0,0,0,0,29,1,0,0,0,0,0,5,6,16,2,0,3,29,4,35,127,46.5,29,17.2,1.33
"07010100010140000800","070101000101400008 , Callao,Callao,Callao,Centro Poblado: Callao,Mza: 008","008",76,69,24,0,0,0,0,0,0,0,24,0,0,0,0,0,0,2,0,22,0,0,4,24,4,35,145,52.4,24,8.3,1
"07010100010140000900","070101000101400009 , Callao,Callao,Callao,Centro Poblado: Callao,Mza: 009","009",65,90,25,0,0,0,0,0,0,0,25,0,0,0,0,0,0,0,2,20,3,0,5,25,4,38,155,41.9,25,0,0.8
"07010100010140001000","070101000101400010 , Callao,Callao,Callao,Centro Poblado: Callao,Mza: 010","010",71,70,30,1,0,0,0,0,0,0,30,1,0,0,0,0,0,4,4,20,2,0,4,30,4,37,141,50.4,30,13.3,1
"07010100010140001100","070101000101400011 , Callao,Callao,Callao,Centro Poblado: Callao,Mza: 011","011",84,84,36,0,0,0,0,0,0,0,36,0,0,0,0,0,0,5,0,26,5,0,3,36,4,48,168,50,36,13.9,1.33
"07010100010140001200","070101000101400012 , Callao,Callao,Callao,Centro Poblado: Callao,Mza: 012","012",66,67,25,3,0,0,1,0,0,0,25,1,2,0,0,0,0,1,4,13,7,0,4,25,3,39,133,49.6,25,4,0.75
"07010100010140001300","070101000101400013 , Callao,Callao,Callao,Centro Poblado: Callao,Mza: 013","013",59,58,26,0,0,0,0,0,0,0,26,0,0,0,0,0,0,2,3,18,3,0,3,26,3,34,117,50.4,26,7.7,1
"07010100010140001500","070101000101400015 , Callao,Callao,Callao,Centro Poblado: Callao,Mza: 015","015",157,156,71,0,0,0,1,0,0,0,70,1,0,0,0,0,0,8,6,46,10,0,3,70,3,91,313,50.2,70,11.4,1
"07010100010140001600","070101000101400016 , Callao,Callao,Callao,Centro Poblado: Callao,Mza: 016","016",68,90,39,0,0,0,0,0,0,0,38,1,0,0,0,0,0,0,1,21,16,0,3,38,4,38,158,43,38,0,1.33
"07010100010140001700","070101000101400017 , Callao,Callao,Callao,Centro Poblado: Callao,Mza: 017","017",74,56,25,0,0,0,0,0,0,0,23,2,0,0,0,0,0,2,1,19,0,1,4,23,4,31,130,56.9,23,8.7,1
"07010100010140001800","070101000101400018 , Callao,Callao,Callao,Centro Poblado: Callao,Mza: 018","018",113,119,53,0,0,0,0,0,0,0,53,0,0,0,0,0,0,2,9,37,5,0,4,53,4,61,232,48.7,53,3.8,1
"07010100010140001900","070101000101400019 , Callao,Callao,Callao,Centro Poblado: Callao,Mza: 019","019",129,122,50,0,0,0,0,0,0,0,49,1,0,0,0,0,0,2,4,42,1,0,4,49,4,70,251,51.4,49,4.1,1
"07010100010140002100","070101000101400021 , Callao,Callao,Callao,Centro Poblado: Callao,Mza: 021","021",39,40,18,0,0,0,0,0,0,0,18,0,0,0,0,0,0,1,1,16,0,0,3,18,4,22,79,49.4,18,5.6,1.33
"07010100010140002200","070101000101400022 , Callao,Callao,Callao,Centro Poblado: Callao,Mza: 022","022",76,75,32,0,0,0,0,0,0,0,31,0,0,0,1,0,0,6,2,23,0,0,4,31,4,38,151,50.3,31,19.4,1
"07010100010140002300","070101000101400023 , Callao,Callao,Callao,Centro Poblado: Callao,Mza: 023","023",84,101,41,0,0,0,0,0,0,0,39,1,0,1,0,0,0,7,4,26,2,0,3,39,4,52,185,45.4,39,17.9,1.33
"07010100010140002400","070101000101400024 , Callao,Callao,Callao,Centro Poblado: Callao,Mza: 024","024",129,137,58,1,0,0,0,0,0,0,55,3,0,0,1,0,0,6,6,37,6,0,3,55,5,59,266,48.5,55,10.9,1.67
"07010100010140002500","070101000101400025 , Callao,Callao,Callao,Centro Poblado: Callao,Mza: 025","025",70,67,34,0,0,0,0,0,0,0,34,0,0,0,0,0,0,6,2,22,4,0,3,34,4,37,137,51.1,34,17.6,1.33
"07010100010140002600","070101000101400026 , Callao,Callao,Callao,Centro Poblado: Callao,Mza: 026","026",57,54,29,0,0,0,0,0,0,0,26,0,3,0,0,0,0,7,1,15,3,0,3,26,3,32,111,51.4,26,26.9,1
"07010100010140002700","070101000101400027 , Callao,Callao,Callao,Centro Poblado: Callao,Mza: 027","027",87,85,38,0,0,0,0,0,0,0,37,0,1,0,0,0,0,1,2,27,7,0,3,37,4,41,172,50.6,37,2.7,1.33
"07010100010140002800","070101000101400028 , Callao,Callao,Callao,Centro Poblado: Callao,Mza: 028","028",58,58,21,0,0,0,0,0,0,0,21,0,0,0,0,0,0,2,0,15,3,1,4,21,3,34,116,50,21,9.5,0.75
"07010100010140002900","070101000101400029 , Callao,Callao,Callao,Centro Poblado: Callao,Mza: 029","029",30,37,12,0,0,0,0,0,0,0,12,0,0,0,0,0,0,3,0,9,0,0,4,12,4,19,67,44.8,12,25,1
"07010100010140003000","070101000101400030 , Callao,Callao,Callao,Centro Poblado: Callao,Mza: 030","030",100,94,34,0,0,0,0,0,0,0,34,0,0,0,0,0,0,4,2,25,2,1,4,34,4,49,194,51.5,34,11.8,1
"07010100010140003100","070101000101400031 , Callao,Callao,Callao,Centro Poblado: Callao,Mza: 031","031",39,44,18,0,0,0,0,0,0,0,16,2,0,0,0,0,0,0,0,16,0,0,4,16,4,21,83,47,16,0,1
"07010100010140003200","070101000101400032 , Callao,Callao,Callao,Centro Poblado: Callao,Mza: 032","032",76,81,26,0,0,0,0,0,0,0,26,0,0,0,0,0,0,1,0,24,1,0,4,26,4,35,157,48.4,26,3.8,1
"07010100010140003500","070101000101400035 , Callao,Callao,Callao,Centro Poblado: Callao,Mza: 035","035",67,81,31,5,0,0,0,0,0,0,35,1,0,0,0,0,0,10,1,19,5,0,3,35,4,39,148,45.3,35,28.6,1.33
"07010100010140003600","070101000101400036 , Callao,Callao,Callao,Centro Poblado: Callao,Mza: 036","036",99,107,45,0,0,0,0,0,0,0,44,1,0,0,0,0,0,3,9,30,2,0,4,44,4,53,206,48.1,44,6.8,1
"07010100010140003700","070101000101400037 , Callao,Callao,Callao,Centro Poblado: Callao,Mza: 037","037",73,86,40,0,0,0,0,0,0,0,40,0,0,0,0,0,0,3,3,28,6,0,4,40,4,42,159,45.9,40,7.5,1
"07010100010140003800","070101000101400038 , Callao,Callao,Callao,Centro Poblado: Callao,Mza: 038","038",40,35,14,0,0,0,0,0,0,0,14,0,0,0,0,0,0,0,0,14,0,0,6,14,4,19,75,53.3,14,0,0.67
"07010100010140003900","070101000101400039 , Callao,Callao,Callao,Centro Poblado: Callao,Mza: 039","039",44,38,13,0,0,0,0,0,0,0,13,0,0,0,0,0,0,3,0,10,0,0,6,13,4,19,82,53.7,13,23.1,0.67
"07010100010140004000","070101000101400040 , Callao,Callao,Callao,Centro Poblado: Callao,Mza: 040","040",17,19,10,0,0,0,0,0,0,0,10,0,0,0,0,0,0,0,0,6,4,0,4,10,3,11,36,47.2,10,0,0.75
"07010100010140004100","070101000101400041 , Callao,Callao,Callao,Centro Poblado: Callao,Mza: 041","041",87,96,34,4,0,0,1,0,0,0,36,0,0,1,0,0,1,4,1,25,6,0,3,36,3,44,183,47.5,36,11.1,1
"07010100010140004200","070101000101400042 , Callao,Callao,Callao,Centro Poblado: Callao,Mza: 042","042",92,98,48,0,0,0,0,0,0,0,45,3,0,0,0,0,0,1,2,28,14,0,3,45,4,48,190,48.4,45,2.2,1.33
"07010100010140004300","070101000101400043 , Callao,Callao,Callao,Centro Poblado: Callao,Mza: 043","043",69,74,43,0,0,0,0,0,0,0,41,2,0,0,0,0,0,10,0,31,0,0,3,41,3,44,143,48.3,41,24.4,1
"07010100010140004400","070101000101400044 , Callao,Callao,Callao,Centro Poblado: Callao,Mza: 044","044",31,29,15,0,0,0,0,0,0,0,15,0,0,0,0,0,0,0,3,11,1,0,3,15,4,15,60,51.7,15,0,1.33
"07010100010140004500","070101000101400045 , Callao,Callao,Callao,Centro Poblado: Callao,Mza: 045","045",36,34,18,0,0,0,0,0,0,0,17,1,0,0,0,0,0,1,4,12,0,0,3,17,4,17,70,51.4,17,5.9,1.33
"07010100010140004600","070101000101400046 , Callao,Callao,Callao,Centro Poblado: Callao,Mza: 046","046",60,49,25,0,0,0,0,0,0,0,22,2,1,0,0,0,0,4,4,12,2,0,4,22,5,22,109,55,22,18.2,1.25
"07010100010140004700","070101000101400047 , Callao,Callao,Callao,Centro Poblado: Callao,Mza: 047","047",34,35,19,0,0,0,0,0,0,0,18,1,0,0,0,0,0,4,0,11,3,0,3,18,4,18,69,49.3,18,22.2,1.33
"07010100010140004701","070101000101400047A, Callao,Callao,Callao,Centro Poblado: Callao,Mza: 047A","047A",60,66,35,1,0,0,0,0,0,0,36,0,0,0,0,0,0,6,2,25,3,0,3,36,3,37,126,47.6,36,16.7,1
"07010100010140004900","070101000101400049 , Callao,Callao,Callao,Centro Poblado: Callao,Mza: 049","049",33,22,21,0,0,0,0,0,0,0,20,0,0,0,1,0,0,1,1,18,0,0,4,20,2,23,55,60,20,5,0.5
"07010100010140005000","070101000101400050 , Callao,Callao,Callao,Centro Poblado: Callao,Mza: 050","050",58,60,31,0,0,0,0,0,0,0,30,0,0,0,1,0,0,1,1,25,3,0,4,30,4,32,118,49.2,30,3.3,1
"07010100010140005001","070101000101400050A, Callao,Callao,Callao,Centro Poblado: Callao,Mza: 050A","050A",58,52,21,0,0,0,0,0,0,0,19,1,0,0,1,0,0,1,0,18,0,0,4,19,4,31,110,52.7,19,5.3,1
"07010100010140005100","070101000101400051 , Callao,Callao,Callao,Centro Poblado: Callao,Mza: 051","051",53,57,22,0,0,2,0,0,0,0,22,1,0,0,1,0,0,2,1,16,3,0,3,22,4,30,110,48.2,22,9.1,1.33
"07010100010140005214","070101000101400052N, Callao,Callao,Callao,Centro Poblado: Callao,Mza: 052N","052N",35,40,16,0,4,0,0,0,0,0,19,1,0,0,0,0,0,4,13,2,0,0,3,19,3,22,75,46.7,19,21.1,1
"07010100010140005805","070101000101400058E, Callao,Callao,Callao,Centro Poblado: Callao,Mza: 058E","058E",49,43,14,0,10,0,0,0,0,0,24,0,0,0,0,0,0,9,7,8,0,0,3,24,3,27,92,53.3,24,37.5,1
"07010100010140088888","0701010001014008888, Callao,Callao,Callao,Centro Poblado: Callao,Mza: 8888","8888",237,64,0,0,3,0,4,0,0,0,3,0,0,0,0,0,0,3,0,0,0,0,2,3,1,7,301,78.7,3,100,0.5
"07010100010150002810","070101000101500028J, Callao,Callao,Callao,Centro Poblado: Callao,Mza: 028J","028J",44,54,21,0,0,0,0,0,0,0,21,0,0,0,0,0,0,1,18,2,0,0,3,21,5,21,98,44.9,21,4.8,1.67
"07010100010150002811","070101000101500028K, Callao,Callao,Callao,Centro Poblado: Callao,Mza: 028K","028K",64,59,35,0,0,0,0,0,0,0,33,2,0,0,0,0,0,1,32,0,0,0,2,33,4,33,123,52,33,3,2
"07010100010150002812","070101000101500028L, Callao,Callao,Callao,Centro Poblado: Callao,Mza: 028L","028L",33,29,15,0,0,0,0,0,0,0,15,0,0,0,0,0,0,1,14,0,0,0,3,15,4,16,62,53.2,15,6.7,1.33
"07010100010150002814","070101000101500028N, Callao,Callao,Callao,Centro Poblado: Callao,Mza: 028N","028N",21,28,15,0,0,0,0,0,0,0,15,0,0,0,0,0,0,0,15,0,0,0,3,15,3,15,49,42.9,15,0,1
"07010100010150002816","070101000101500028P, Callao,Callao,Callao,Centro Poblado: Callao,Mza: 028P","028P",46,42,25,0,0,0,0,0,0,0,25,0,0,0,0,0,0,0,25,0,0,0,2,25,4,25,88,52.3,25,0,2
"07010100010150002817","070101000101500028Q, Callao,Callao,Callao,Centro Poblado: Callao,Mza: 028Q","028Q",24,22,13,0,0,0,0,0,0,0,13,0,0,0,0,0,0,0,13,0,0,0,2,13,4,13,46,52.2,13,0,2
"07010100010150002901","070101000101500029A, Callao,Callao,Callao,Centro Poblado: Callao,Mza: 029A","029A",49,46,35,0,0,0,0,0,0,0,32,2,1,0,0,0,0,0,31,0,1,0,3,32,3,32,95,51.6,32,0,1
"07010100010150002902","070101000101500029B, Callao,Callao,Callao,Centro Poblado: Callao,Mza: 029B","029B",34,45,26,0,0,0,0,0,0,0,24,2,0,0,0,0,0,1,23,0,0,0,2,24,3,24,79,43,24,4.2,1.5
"07010100010150003001","070101000101500030A, Callao,Callao,Callao,Centro Poblado: Callao,Mza: 030A","030A",45,46,28,3,0,0,0,0,0,0,27,1,0,3,0,0,0,1,1,25,0,0,3,27,3,27,91,49.5,27,3.7,1
"07010100010150003100","070101000101500031 , Callao,Callao,Callao,Centro Poblado: Callao,Mza: 031","031",28,26,20,0,0,0,0,0,0,0,13,1,6,0,0,0,0,1,5,6,0,1,3,13,4,13,54,51.9,13,7.7,1.33
"07010100010150003200","070101000101500032 , Callao,Callao,Callao,Centro Poblado: Callao,Mza: 032","032",32,31,19,0,0,0,0,0,0,0,15,1,1,2,0,0,0,0,4,11,0,0,4,15,4,15,63,50.8,15,0,1
"07010100010150003300","070101000101500033 , Callao,Callao,Callao,Centro Poblado: Callao,Mza: 033","033",53,47,30,0,0,0,0,0,0,0,27,1,2,0,0,0,0,1,2,19,5,0,3,27,4,27,100,53,27,3.7,1.33
"07010100010150003400","070101000101500034 , Callao,Callao,Callao,Centro Poblado: Callao,Mza: 034","034",88,87,39,0,0,0,0,0,0,0,39,0,0,0,0,0,0,1,0,30,8,0,4,39,4,39,175,50.3,39,2.6,1
"07010100010150003500","070101000101500035 , Callao,Callao,Callao,Centro Poblado: Callao,Mza: 035","035",117,121,57,10,0,0,0,0,0,0,61,5,0,0,1,0,0,7,2,48,4,0,3,61,4,61,238,49.2,61,11.5,1.33
"07010100010150003600","070101000101500036 , Callao,Callao,Callao,Centro Poblado: Callao,Mza: 036","036",112,107,55,0,0,0,0,0,0,0,54,0,0,1,0,0,0,10,1,41,2,0,3,54,4,54,219,51.1,54,18.5,1.33
"07010100010150003700","070101000101500037 , Callao,Callao,Callao,Centro Poblado: Callao,Mza: 037","037",123,125,71,0,0,0,0,0,0,0,60,3,3,3,1,0,1,5,3,39,13,0,3,60,4,60,248,49.6,60,8.3,1.33
"07010100010150003900","070101000101500039 , Callao,Callao,Callao,Centro Poblado: Callao,Mza: 039","039",154,147,91,0,0,0,1,0,0,0,70,4,14,2,0,1,0,12,18,37,3,0,4,70,4,71,301,51.2,70,17.1,1
"07010100010150004000","070101000101500040 , Callao,Callao,Callao,Centro Poblado: Callao,Mza: 040","040",88,86,48,0,0,0,0,0,0,0,42,4,2,0,0,0,0,0,11,27,4,0,3,42,4,45,174,50.6,42,0,1.33
"07010100010150005100","070101000101500051 , Callao,Callao,Callao,Centro Poblado: Callao,Mza: 051","051",199,230,142,1,0,0,0,0,1,0,112,9,20,0,3,0,0,43,24,39,6,0,3,112,3,130,429,46.4,112,38.4,1
"07010100010150005200","070101000101500052 , Callao,Callao,Callao,Centro Poblado: Callao,Mza: 052","052",196,197,91,29,0,0,0,0,0,0,113,6,0,1,0,0,0,56,19,33,4,1,3,113,3,120,393,49.9,113,49.6,1
"07010100010150005500","070101000101500055 , Callao,Callao,Callao,Centro Poblado: Callao,Mza: 055","055",225,227,119,12,1,0,0,0,0,0,119,4,0,7,1,0,1,52,17,36,13,1,3,119,4,127,452,49.8,119,43.7,1.33
"07010100010150005800","070101000101500058 , Callao,Callao,Callao,Centro Poblado: Callao,Mza: 058","058",278,282,104,41,0,0,1,0,0,0,134,11,0,0,0,0,0,33,44,46,10,1,3,134,4,148,560,49.6,134,24.6,1.33
"07010100010150005900","070101000101500059 , Callao,Callao,Callao,Centro Poblado: Callao,Mza: 059","059",194,215,103,5,0,0,1,11,0,0,93,6,18,0,0,0,2,20,22,41,10,0,4,93,4,102,409,47.4,93,21.5,1
"07010100010150006000","070101000101500060 , Callao,Callao,Callao,Centro Poblado: Callao,Mza: 060","060",143,169,72,13,0,0,0,0,0,0,74,9,1,0,1,0,0,27,16,26,5,0,3,74,4,83,312,45.8,74,36.5,1.33
"07010100010150006102","070101000101500061B, Callao,Callao,Callao,Centro Poblado: Callao,Mza: 061B","061B",28,21,15,0,0,0,0,0,0,0,14,1,0,0,0,0,0,0,14,0,0,0,2,14,3,15,49,57.1,14,0,1.5
"07010100010150006104","070101000101500061D, Callao,Callao,Callao,Centro Poblado: Callao,Mza: 061D","061D",37,35,19,0,0,0,0,0,0,0,18,1,0,0,0,0,0,0,18,0,0,0,2,18,4,18,72,51.4,18,0,2
"07010100010150006201","070101000101500062A, Callao,Callao,Callao,Centro Poblado: Callao,Mza: 062A","062A",42,40,25,0,0,0,0,0,0,0,24,0,0,0,1,0,0,0,23,1,0,0,2,24,3,25,82,51.2,24,0,1.5
"07010100010150006301","070101000101500063A, Callao,Callao,Callao,Centro Poblado: Callao,Mza: 063A","063A",45,43,18,0,0,0,0,0,0,0,18,0,0,0,0,0,0,0,18,0,0,0,3,18,5,18,88,51.1,18,0,1.67
"07010100010150088888","0701010001015008888, Callao,Callao,Callao,Centro Poblado: Callao,Mza: 8888","8888",4,5,4,0,0,0,0,0,0,0,4,0,0,0,0,0,0,0,4,0,0,0,2,4,2,4,9,44.4,4,0,1
"07010100010160000106","070101000101600001F, Callao,Callao,Callao,Centro Poblado: Callao,Mza: 001F","001F",49,54,32,3,0,0,0,0,0,0,34,0,0,0,0,0,1,23,11,0,0,0,2,34,3,34,103,47.6,34,67.6,1.5
"07010100010160000107","070101000101600001G, Callao,Callao,Callao,Centro Poblado: Callao,Mza: 001G","001G",102,102,61,5,0,0,0,0,0,0,63,1,2,0,0,0,0,41,19,1,2,0,3,63,3,64,204,50,63,65.1,1
"07010100010160000108","070101000101600001H, Callao,Callao,Callao,Centro Poblado: Callao,Mza: 001H","001H",77,82,30,14,0,0,0,0,0,0,44,0,0,0,0,0,0,13,23,2,5,1,3,44,4,44,159,48.4,44,29.5,1.33
"07010100010160000109","070101000101600001I, Callao,Callao,Callao,Centro Poblado: Callao,Mza: 001I","001I",23,24,12,0,0,0,0,0,0,0,12,0,0,0,0,0,0,1,7,2,2,0,3,12,4,12,47,48.9,12,8.3,1.33
"07010100010160000110","070101000101600001J, Callao,Callao,Callao,Centro Poblado: Callao,Mza: 001J","001J",15,16,8,0,0,0,0,0,0,0,8,0,0,0,0,0,0,3,5,0,0,0,2,8,4,8,31,48.4,8,37.5,2
"07010100010160000113","070101000101600001M, Callao,Callao,Callao,Centro Poblado: Callao,Mza: 001M","001M",69,66,34,4,0,0,0,0,0,0,31,1,0,0,1,3,2,11,15,2,3,0,3,31,4,32,135,51.1,31,35.5,1.33
"07010100010160000116","070101000101600001P, Callao,Callao,Callao,Centro Poblado: Callao,Mza: 001P","001P",48,43,22,19,0,1,0,0,2,0,35,4,2,0,2,1,0,23,7,4,1,0,2,35,3,36,91,52.7,35,65.7,1.5
"07010100010160000117","070101000101600001Q, Callao,Callao,Callao,Centro Poblado: Callao,Mza: 001Q","001Q",54,64,32,1,0,0,0,0,0,0,31,1,0,0,1,0,0,12,12,6,1,0,3,31,4,31,118,45.8,31,38.7,1.33
"07010100010160000119","070101000101600001S, Callao,Callao,Callao,Centro Poblado: Callao,Mza: 001S","001S",108,102,27,42,0,0,0,0,0,0,63,3,0,0,1,0,2,35,18,1,8,1,3,63,3,63,210,51.4,63,55.6,1
"07010100010160000120","070101000101600001T, Callao,Callao,Callao,Centro Poblado: Callao,Mza: 001T","001T",75,86,56,1,0,0,0,0,0,0,45,2,0,4,0,6,0,17,19,5,4,0,3,45,4,45,161,46.6,45,37.8,1.33
"07010100010160000121","070101000101600001U, Callao,Callao,Callao,Centro Poblado: Callao,Mza: 001U","001U",40,43,17,0,0,0,0,0,0,0,17,0,0,0,0,0,0,4,9,3,1,0,3,17,5,17,83,48.2,17,23.5,1.67
"07010100010160000122","070101000101600001V, Callao,Callao,Callao,Centro Poblado: Callao,Mza: 001V","001V",48,48,16,15,0,0,0,0,0,0,29,2,0,0,0,0,0,18,9,2,0,0,2,29,3,29,96,50,29,62.1,1.5
"07010100010160000123","070101000101600001W, Callao,Callao,Callao,Centro Poblado: Callao,Mza: 001W","001W",85,91,54,5,0,0,0,0,0,0,48,1,0,0,7,3,0,24,21,2,1,0,3,48,4,48,176,48.3,48,50,1.33
"07010100010160000124","070101000101600001X, Callao,Callao,Callao,Centro Poblado: Callao,Mza: 001X","001X",50,62,23,9,0,0,0,0,0,0,29,2,1,0,0,0,0,8,9,11,1,0,4,29,4,29,112,44.6,29,27.6,1
"07010100010160000125","070101000101600001Y, Callao,Callao,Callao,Centro Poblado: Callao,Mza: 001Y","001Y",38,54,17,0,0,0,0,0,0,0,17,0,0,0,0,0,0,9,5,0,3,0,4,17,3,28,92,41.3,17,52.9,0.75
"07010100010160000126","070101000101600001Z, Callao,Callao,Callao,Centro Poblado: Callao,Mza: 001Z","001Z",73,65,34,3,0,0,0,0,0,0,30,2,5,0,0,0,0,5,19,3,3,0,3,30,4,34,138,52.9,30,16.7,1.33
"07010100010160001300","070101000101600013 , Callao,Callao,Callao,Centro Poblado: Callao,Mza: 013","013",89,83,37,9,0,0,1,0,0,0,44,2,0,0,0,0,0,13,3,26,2,0,3,44,3,54,172,51.7,44,29.5,1
"07010100010160001400","070101000101600014 , Callao,Callao,Callao,Centro Poblado: Callao,Mza: 014","014",82,81,37,0,0,0,0,0,0,0,37,0,0,0,0,0,0,7,1,29,0,0,3,37,4,45,163,50.3,37,18.9,1.33
"07010100010160001500","070101000101600015 , Callao,Callao,Callao,Centro Poblado: Callao,Mza: 015","015",159,147,55,5,0,0,0,0,0,0,60,0,0,0,0,0,0,20,3,30,7,0,3,60,3,89,306,52,60,33.3,1
"07010100010160001600","070101000101600016 , Callao,Callao,Callao,Centro Poblado: Callao,Mza: 016","016",50,54,23,0,0,0,0,0,0,0,23,0,0,0,0,0,0,1,1,17,4,0,3,23,4,26,104,48.1,23,4.3,1.33
"07010100010160001800","070101000101600018 , Callao,Callao,Callao,Centro Poblado: Callao,Mza: 018","018",83,87,33,9,0,0,0,0,0,0,42,0,0,0,0,0,0,11,0,29,2,0,3,42,3,53,170,48.8,42,26.2,1
"07010100010160001900","070101000101600019 , Callao,Callao,Callao,Centro Poblado: Callao,Mza: 019","019",115,131,45,15,0,0,0,0,0,0,60,0,0,0,0,0,0,20,5,20,15,0,3,60,3,73,246,46.7,60,33.3,1
"07010100010160002000","070101000101600020 , Callao,Callao,Callao,Centro Poblado: Callao,Mza: 020","020",93,94,31,3,0,0,0,1,0,0,35,0,0,0,0,0,0,11,5,19,0,0,4,35,4,53,187,49.7,35,31.4,1
"07010100010160002100","070101000101600021 , Callao,Callao,Callao,Centro Poblado: Callao,Mza: 021","021",1770,1785,80,0,0,0,1,0,0,0,80,0,0,0,0,0,0,37,4,33,6,0,2,80,4,83,3555,49.8,80,46.2,2
"07010100010160002200","070101000101600022 , Callao,Callao,Callao,Centro Poblado: Callao,Mza: 022","022",110,110,46,5,0,0,1,0,0,0,51,0,0,0,0,0,0,18,0,25,8,0,3,51,4,57,220,50,51,35.3,1.33
"07010100010160002300","070101000101600023 , Callao,Callao,Callao,Centro Poblado: Callao,Mza: 023","023",38,34,20,3,0,0,0,0,0,0,23,0,0,0,0,0,0,5,3,15,0,0,3,23,3,24,72,52.8,23,21.7,1
"07010100010160002500","070101000101600025 , Callao,Callao,Callao,Centro Poblado: Callao,Mza: 025","025",47,46,24,1,0,0,2,0,0,0,25,0,0,0,0,0,0,8,3,13,1,0,2,25,3,27,93,50.5,25,32,1.5
"07010100010160002600","070101000101600026 , Callao,Callao,Callao,Centro Poblado: Callao,Mza: 026","026",118,107,43,8,0,0,0,0,0,0,51,0,0,0,0,0,0,21,1,22,7,0,3,51,4,55,225,52.4,51,41.2,1.33
"07010100010160002700","070101000101600027 , Callao,Callao,Callao,Centro Poblado: Callao,Mza: 027","027",94,81,30,5,0,0,1,0,0,0,32,2,0,0,1,0,0,10,0,21,1,0,4,32,4,45,175,53.7,32,31.2,1
"07010100010160002800","070101000101600028 , Callao,Callao,Callao,Centro Poblado: Callao,Mza: 028","028",86,105,54,2,0,0,0,0,0,0,54,2,0,0,0,0,0,22,1,31,0,0,3,54,3,57,191,45,54,40.7,1
"07010100010160002900","070101000101600029 , Callao,Callao,Callao,Centro Poblado: Callao,Mza: 029","029",105,95,51,0,0,0,0,0,0,0,50,0,1,0,0,0,0,17,2,28,3,0,3,50,3,59,200,52.5,50,34,1
"07010100010160003000","070101000101600030 , Callao,Callao,Callao,Centro Poblado: Callao,Mza: 030","030",92,113,35,2,0,0,0,0,0,0,37,0,0,0,0,0,0,11,5,20,1,0,4,37,4,56,205,44.9,37,29.7,1
"07010100010160003100","070101000101600031 , Callao,Callao,Callao,Centro Poblado: Callao,Mza: 031","031",138,130,51,10,5,0,0,1,0,0,67,0,0,0,0,0,0,43,4,19,1,0,3,67,3,87,268,51.5,67,64.2,1
"07010100010160003200","070101000101600032 , Callao,Callao,Callao,Centro Poblado: Callao,Mza: 032","032",77,86,44,2,0,0,0,0,0,0,46,0,0,0,0,0,0,26,1,18,1,0,3,46,4,46,163,47.2,46,56.5,1.33
"07010100010160003300","070101000101600033 , Callao,Callao,Callao,Centro Poblado: Callao,Mza: 033","033",99,90,27,0,0,0,0,0,0,0,27,0,0,0,0,0,0,3,2,20,2,0,4,27,5,39,189,52.4,27,11.1,1.25
"07010100010160003400","070101000101600034 , Callao,Callao,Callao,Centro Poblado: Callao,Mza: 034","034",72,82,26,1,0,0,0,0,0,0,27,0,0,0,0,0,0,14,2,11,0,0,4,27,3,51,154,46.8,27,51.9,0.75
"07010100010160003500","070101000101600035 , Callao,Callao,Callao,Centro Poblado: Callao,Mza: 035","035",57,65,35,0,0,0,0,0,0,0,35,0,0,0,0,0,0,14,1,16,4,0,3,35,3,35,122,46.7,35,40,1
"07010100010160003700","070101000101600037 , Callao,Callao,Callao,Centro Poblado: Callao,Mza: 037","037",68,84,45,0,4,0,0,0,0,0,49,0,0,0,0,0,0,17,1,30,1,0,3,49,3,51,152,44.7,49,34.7,1
"07010100010160003800","070101000101600038 , Callao,Callao,Callao,Centro Poblado: Callao,Mza: 038","038",84,71,22,7,2,0,0,0,0,0,31,0,0,0,0,0,0,13,0,12,6,0,3,31,4,41,155,54.2,31,41.9,1.33
"07010100010160003900","070101000101600039 , Callao,Callao,Callao,Centro Poblado: Callao,Mza: 039","039",71,68,22,0,0,0,0,0,0,0,21,0,0,0,1,0,0,4,1,16,0,0,3,21,4,31,139,51.1,21,19,1.33
"07010100010160004000","070101000101600040 , Callao,Callao,Callao,Centro Poblado: Callao,Mza: 040","040",75,85,38,3,0,0,0,0,0,0,41,0,0,0,0,0,0,18,0,14,9,0,3,41,3,46,160,46.9,41,43.9,1
"07010100010160004100","070101000101600041 , Callao,Callao,Callao,Centro Poblado: Callao,Mza: 041","041",98,89,35,10,4,0,0,0,0,0,49,0,0,0,0,0,0,15,5,27,2,0,3,49,4,49,187,52.4,49,30.6,1.33
"07010100010160004200","070101000101600042 , Callao,Callao,Callao,Centro Poblado: Callao,Mza: 042","042",93,104,40,10,0,0,0,0,0,0,50,0,0,0,0,0,0,20,1,22,7,0,3,50,4,52,197,47.2,50,40,1.33
"07010100010160004300","070101000101600043 , Callao,Callao,Callao,Centro Poblado: Callao,Mza: 043","043",94,96,28,22,1,0,0,2,0,0,53,0,0,0,0,0,0,28,10,13,2,0,3,53,3,59,190,49.5,53,52.8,1
"07010100010160004400","070101000101600044 , Callao,Callao,Callao,Centro Poblado: Callao,Mza: 044","044",90,94,39,0,0,0,0,0,0,0,39,0,0,0,0,0,0,10,2,27,0,0,3,39,4,46,184,48.9,39,25.6,1.33
"07010100010160004500","070101000101600045 , Callao,Callao,Callao,Centro Poblado: Callao,Mza: 045","045",78,99,31,2,0,0,0,0,0,0,32,1,0,0,0,0,0,7,2,21,2,0,3,32,4,40,177,44.1,32,21.9,1.33
"07010100010160004600","070101000101600046 , Callao,Callao,Callao,Centro Poblado: Callao,Mza: 046","046",178,178,77,1,0,0,1,3,0,0,81,0,0,0,0,0,0,35,2,41,3,0,3,81,4,95,356,50,81,43.2,1.33
"07010100010160004700","070101000101600047 , Callao,Callao,Callao,Centro Poblado: Callao,Mza: 047","047",53,60,26,5,0,2,0,0,0,0,32,1,0,0,0,0,0,6,6,12,8,0,3,32,3,33,113,46.9,32,18.8,1
"07010100010160005100","070101000101600051 , Callao,Callao,Callao,Centro Poblado: Callao,Mza: 051","051",71,64,30,0,0,0,0,0,0,0,29,1,0,0,0,0,0,0,6,23,0,0,3,29,4,33,135,52.6,29,0,1.33
"07010100010160005200","070101000101600052 , Callao,Callao,Callao,Centro Poblado: Callao,Mza: 052","052",93,99,48,2,0,0,0,0,0,0,50,0,0,0,0,0,0,22,8,20,0,0,2,50,3,55,192,48.4,50,44,1.5
"07010100010160005300","070101000101600053 , Callao,Callao,Callao,Centro Poblado: Callao,Mza: 053","053",58,75,36,0,0,0,0,0,0,0,36,0,0,0,0,0,0,22,0,13,1,0,2,36,3,48,133,43.6,36,61.1,1.5
"07010100010160005400","070101000101600054 , Callao,Callao,Callao,Centro Poblado: Callao,Mza: 054","054",99,82,34,21,0,0,0,0,0,0,53,1,0,0,1,0,0,24,0,22,7,0,3,53,3,55,181,54.7,53,45.3,1
"07010100010160005500","070101000101600055 , Callao,Callao,Callao,Centro Poblado: Callao,Mza: 055","055",98,112,38,15,0,0,0,0,0,0,53,0,0,0,0,0,0,20,4,24,5,0,2,53,4,57,210,46.7,53,37.7,2
"07010100010160005600","070101000101600056 , Callao,Callao,Callao,Centro Poblado: Callao,Mza: 056","056",118,117,43,10,0,0,0,0,0,0,53,0,0,0,0,0,0,17,3,27,6,0,3,53,4,53,235,50.2,53,32.1,1.33
"07010100010160005700","070101000101600057 , Callao,Callao,Callao,Centro Poblado: Callao,Mza: 057","057",119,124,47,5,0,0,0,0,0,0,52,0,0,0,0,0,0,16,2,31,3,0,3,52,5,53,243,49,52,30.8,1.67
"07010100010160005800","070101000101600058 , Callao,Callao,Callao,Centro Poblado: Callao,Mza: 058","058",67,93,30,0,12,0,0,0,0,0,42,0,0,0,0,0,0,14,2,24,2,0,3,42,4,42,160,41.9,42,33.3,1.33
"07010100010160005900","070101000101600059 , Callao,Callao,Callao,Centro Poblado: Callao,Mza: 059","059",97,106,56,1,0,0,0,2,0,0,59,0,0,0,0,0,0,9,3,39,8,0,3,59,3,60,203,47.8,59,15.3,1
"07010100010160006000","070101000101600060 , Callao,Callao,Callao,Centro Poblado: Callao,Mza: 060","060",105,95,43,4,0,0,0,0,0,0,47,0,0,0,0,0,0,16,4,26,1,0,3,47,4,55,200,52.5,47,34,1.33
"07010100010160006100","070101000101600061 , Callao,Callao,Callao,Centro Poblado: Callao,Mza: 061","061",50,51,28,0,0,0,0,0,0,0,25,3,0,0,0,0,0,5,3,15,2,0,3,25,4,25,101,49.5,25,20,1.33
"07010100010160006400","070101000101600064 , Callao,Callao,Callao,Centro Poblado: Callao,Mza: 064","064",104,86,38,2,0,0,0,3,0,0,42,0,0,0,1,0,0,11,6,23,2,0,3,42,4,49,190,54.7,42,26.2,1.33
"07010100010160006600","070101000101600066 , Callao,Callao,Callao,Centro Poblado: Callao,Mza: 066","066",32,44,17,0,0,0,0,0,0,0,17,0,0,0,0,0,0,2,10,4,1,0,3,17,3,22,76,42.1,17,11.8,1
"07010100010160088888","0701010001016008888, Callao,Callao,Callao,Centro Poblado: Callao,Mza: 8888","8888",193,53,25,3,0,0,6,0,0,0,23,1,2,0,0,0,2,7,14,0,2,0,3,23,2,29,246,78.5,23,30.4,0.67
"07010100010170000100","070101000101700001 , Callao,Callao,Callao,Centro Poblado: Callao,Mza: 001","001",128,154,58,33,0,2,0,0,0,0,79,5,3,4,2,0,0,20,13,44,2,0,3,79,4,80,282,45.4,79,25.3,1.33
"07010100010170000200","070101000101700002 , Callao,Callao,Callao,Centro Poblado: Callao,Mza: 002","002",101,105,43,6,0,0,0,0,0,0,46,0,1,0,1,1,0,16,9,12,9,0,3,46,3,59,206,49,46,34.8,1
"07010100010170000300","070101000101700003 , Callao,Callao,Callao,Centro Poblado: Callao,Mza: 003","003",102,81,37,14,0,0,0,2,0,0,47,1,0,0,5,0,0,17,11,16,3,0,3,47,3,54,183,55.7,47,36.2,1
"07010100010170000400","070101000101700004 , Callao,Callao,Callao,Centro Poblado: Callao,Mza: 004","004",28,36,17,0,0,0,0,0,0,0,17,0,0,0,0,0,0,10,5,1,1,0,3,17,4,17,64,43.8,17,58.8,1.33
"07010100010170000500","070101000101700005 , Callao,Callao,Callao,Centro Poblado: Callao,Mza: 005","005",129,153,63,3,0,0,0,0,0,0,61,1,1,0,3,0,0,23,4,31,3,0,4,61,4,67,282,45.7,61,37.7,1
"07010100010170000600","070101000101700006 , Callao,Callao,Callao,Centro Poblado: Callao,Mza: 006","006",29,32,11,8,0,0,0,0,0,0,16,0,1,0,2,0,0,9,0,6,1,0,4,16,3,23,61,47.5,16,56.2,0.75
"07010100010170000700","070101000101700007 , Callao,Callao,Callao,Centro Poblado: Callao,Mza: 007","007",44,37,6,6,0,0,0,0,0,0,12,0,0,0,0,0,0,4,2,5,1,0,5,12,4,19,81,54.3,12,33.3,0.8
"07010100010170000800","070101000101700008 , Callao,Callao,Callao,Centro Poblado: Callao,Mza: 008","008",83,91,42,22,0,0,0,0,0,0,51,3,1,0,6,3,0,30,4,15,2,0,3,51,3,59,174,47.7,51,58.8,1
"07010100010170000900","070101000101700009 , Callao,Callao,Callao,Centro Poblado: Callao,Mza: 009","009",121,133,56,12,0,0,0,5,0,0,70,0,1,0,0,0,2,37,17,15,1,0,3,70,3,78,254,47.6,70,52.9,1
"07010100010170001000","070101000101700010 , Callao,Callao,Callao,Centro Poblado: Callao,Mza: 010","010",100,101,53,5,0,0,0,0,0,0,56,0,1,0,0,1,0,11,3,40,2,0,4,56,4,56,201,49.8,56,19.6,1
"07010100010170001100","070101000101700011 , Callao,Callao,Callao,Centro Poblado: Callao,Mza: 011","011",111,130,70,4,0,0,0,0,0,0,72,2,0,0,0,0,0,29,10,31,2,0,3,72,3,80,241,46.1,72,40.3,1
"07010100010170001200","070101000101700012 , Callao,Callao,Callao,Centro Poblado: Callao,Mza: 012","012",59,57,27,0,0,0,0,0,0,0,26,0,0,1,0,0,0,7,4,9,6,0,4,26,4,32,116,50.9,26,26.9,1
"07010100010170001300","070101000101700013 , Callao,Callao,Callao,Centro Poblado: Callao,Mza: 013","013",131,125,28,27,0,0,0,0,4,0,59,0,0,0,0,0,0,25,14,14,5,1,4,59,3,79,256,51.2,59,42.4,0.75
"07010100010170001400","070101000101700014 , Callao,Callao,Callao,Centro Poblado: Callao,Mza: 014","014",90,97,32,8,0,0,0,0,0,0,31,2,0,0,1,6,0,11,15,3,2,0,4,31,4,46,187,48.1,31,35.5,1
"07010100010170001500","070101000101700015 , Callao,Callao,Callao,Centro Poblado: Callao,Mza: 015","015",76,98,51,2,4,0,0,0,0,0,45,6,1,0,1,2,2,23,6,16,0,0,3,45,3,50,174,43.7,45,51.1,1
"07010100010170001600","070101000101700016 , Callao,Callao,Callao,Centro Poblado: Callao,Mza: 016","016",46,65,25,5,0,0,0,0,0,0,25,2,0,0,3,0,0,4,4,14,3,0,4,25,4,27,111,41.4,25,16,1
"07010100010170001800","070101000101700018 , Callao,Callao,Callao,Centro Poblado: Callao,Mza: 018","018",90,79,46,18,0,0,0,0,0,0,39,4,4,3,3,8,3,22,6,9,1,1,4,39,4,47,169,53.3,39,56.4,1
"07010100010170001900","070101000101700019 , Callao,Callao,Callao,Centro Poblado: Callao,Mza: 019","019",22,28,2,11,0,0,0,0,0,0,13,0,0,0,0,0,0,10,2,1,0,0,3,13,3,15,50,44,13,76.9,1
"07010100010170002100","070101000101700021 , Callao,Callao,Callao,Centro Poblado: Callao,Mza: 021","021",18,18,10,0,0,0,0,0,0,0,10,0,0,0,0,0,0,3,1,6,0,0,4,10,4,10,36,50,10,30,1
"07010100010170002200","070101000101700022 , Callao,Callao,Callao,Centro Poblado: Callao,Mza: 022","022",132,123,56,7,0,0,0,0,0,0,60,3,0,0,0,0,0,20,8,21,11,0,4,60,3,73,255,51.8,60,33.3,0.75
"07010100010170002300","070101000101700023 , Callao,Callao,Callao,Centro Poblado: Callao,Mza: 023","023",115,119,56,11,0,1,0,0,1,0,65,4,0,0,0,0,0,28,9,23,4,1,3,65,3,69,234,49.1,65,43.1,1
"07010100010170002400","070101000101700024 , Callao,Callao,Callao,Centro Poblado: Callao,Mza: 024","024",64,68,21,24,0,0,0,0,1,0,45,1,0,0,0,0,0,31,1,6,7,0,2,45,3,51,132,48.5,45,68.9,1.5
"07010100010170002500","070101000101700025 , Callao,Callao,Callao,Centro Poblado: Callao,Mza: 025","025",90,93,25,28,0,0,0,0,0,0,52,0,0,0,1,0,0,26,5,20,1,0,2,52,3,53,183,49.2,52,50,1.5
"07010100010170002700","070101000101700027 , Callao,Callao,Callao,Centro Poblado: Callao,Mza: 027","027",57,66,11,25,0,0,0,0,1,0,35,1,1,0,0,0,0,17,1,10,7,0,2,35,4,35,123,46.3,35,48.6,2
"07010100010170002800","070101000101700028 , Callao,Callao,Callao,Centro Poblado: Callao,Mza: 028","028",60,69,37,11,0,0,0,0,0,0,45,2,1,0,0,0,0,26,9,8,2,0,3,45,3,46,129,46.5,45,57.8,1
"07010100010170002900","070101000101700029 , Callao,Callao,Callao,Centro Poblado: Callao,Mza: 029","029",104,99,64,2,0,0,0,0,1,0,65,1,0,0,1,0,0,14,10,37,4,0,3,65,3,66,203,51.2,65,21.5,1
"07010100010170003000","070101000101700030 , Callao,Callao,Callao,Centro Poblado: Callao,Mza: 030","030",63,84,23,24,0,0,0,0,0,0,43,4,0,0,0,0,0,23,8,11,1,0,3,43,3,46,147,42.9,43,53.5,1
"07010100010170003100","070101000101700031 , Callao,Callao,Callao,Centro Poblado: Callao,Mza: 031","031",145,166,73,27,0,0,0,0,0,0,94,5,0,0,0,0,1,33,11,41,9,0,3,94,3,97,311,46.6,94,35.1,1
"07010100010170003200","070101000101700032 , Callao,Callao,Callao,Centro Poblado: Callao,Mza: 032","032",77,77,44,3,0,0,0,0,0,0,47,0,0,0,0,0,0,18,4,23,2,0,3,47,3,47,154,50,47,38.3,1
"07010100010170003400","070101000101700034 , Callao,Callao,Callao,Centro Poblado: Callao,Mza: 034","034",90,111,51,11,0,0,1,0,0,0,62,0,0,0,0,0,0,28,6,27,1,0,3,62,3,63,201,44.8,62,45.2,1
"07010100010170003500","070101000101700035 , Callao,Callao,Callao,Centro Poblado: Callao,Mza: 035","035",32,48,13,0,0,0,0,0,0,0,13,0,0,0,0,0,0,6,1,4,2,0,4,13,4,20,80,40,13,46.2,1
"07010100010170003600","070101000101700036 , Callao,Callao,Callao,Centro Poblado: Callao,Mza: 036","036",73,67,29,3,0,0,0,0,0,0,30,0,0,0,1,1,0,8,5,16,1,0,3,30,5,30,140,52.1,30,26.7,1.67
"07010100010170003700","070101000101700037 , Callao,Callao,Callao,Centro Poblado: Callao,Mza: 037","037",106,128,30,33,0,0,0,0,0,0,63,0,0,0,0,0,0,23,6,27,7,0,3,63,4,63,234,45.3,63,36.5,1.33
"07010100010170003800","070101000101700038 , Callao,Callao,Callao,Centro Poblado: Callao,Mza: 038","038",103,121,33,22,0,0,0,0,0,0,55,0,0,0,0,0,0,25,3,25,2,0,3,55,4,55,224,46,55,45.5,1.33
"07010100010170003900","070101000101700039 , Callao,Callao,Callao,Centro Poblado: Callao,Mza: 039","039",55,50,11,14,0,0,0,0,0,0,25,0,0,0,0,0,0,11,0,14,0,0,3,25,4,26,105,52.4,25,44,1.33
"07010100010170004000","070101000101700040 , Callao,Callao,Callao,Centro Poblado: Callao,Mza: 040","040",81,98,23,1,0,0,0,0,0,0,24,0,0,0,0,0,0,4,0,19,1,0,5,24,4,51,179,45.3,24,16.7,0.8
"07010100010170004100","070101000101700041 , Callao,Callao,Callao,Centro Poblado: Callao,Mza: 041","041",126,124,20,43,0,0,0,0,0,0,59,4,0,0,0,0,0,37,1,16,5,0,3,59,4,68,250,50.4,59,62.7,1.33
"07010100010170004300","070101000101700043 , Callao,Callao,Callao,Centro Poblado: Callao,Mza: 043","043",111,111,59,5,0,0,0,0,0,0,64,0,0,0,0,0,0,25,5,19,15,0,3,64,3,64,222,50,64,39.1,1
"07010100010170004400","070101000101700044 , Callao,Callao,Callao,Centro Poblado: Callao,Mza: 044","044",96,101,40,13,0,0,0,0,0,0,52,1,0,0,0,0,0,18,13,15,6,0,3,52,4,56,197,48.7,52,34.6,1.33
"07010100010170004600","070101000101700046 , Callao,Callao,Callao,Centro Poblado: Callao,Mza: 046","046",84,79,43,11,0,0,0,0,0,0,53,1,0,0,0,0,0,15,5,17,16,0,3,53,3,54,163,51.5,53,28.3,1
"07010100010170004700","070101000101700047 , Callao,Callao,Callao,Centro Poblado: Callao,Mza: 047","047",104,104,45,20,0,0,0,0,0,0,62,0,3,0,0,0,0,22,19,11,10,0,2,62,3,63,208,50,62,35.5,1.5
"07010100010170004800","070101000101700048 , Callao,Callao,Callao,Centro Poblado: Callao,Mza: 048","048",90,121,38,11,0,0,2,0,0,0,48,1,0,0,0,0,0,16,7,18,7,0,4,48,4,52,211,42.7,48,33.3,1
"07010100010170004900","070101000101700049 , Callao,Callao,Callao,Centro Poblado: Callao,Mza: 049","049",19,18,6,5,0,0,0,0,0,0,9,2,0,0,0,0,0,3,0,6,0,0,4,9,4,9,37,51.4,9,33.3,1
"07010100010170005000","070101000101700050 , Callao,Callao,Callao,Centro Poblado: Callao,Mza: 050","050",101,68,30,17,0,0,0,0,0,0,47,0,0,0,0,0,0,21,3,21,1,1,3,47,3,49,169,59.8,47,44.7,1
"07010100010170005100","070101000101700051 , Callao,Callao,Callao,Centro Poblado: Callao,Mza: 051","051",80,98,26,8,0,0,0,0,0,0,34,0,0,0,0,0,0,8,8,17,1,0,3,34,4,40,178,44.9,34,23.5,1.33
"07010100010170005200","070101000101700052 , Callao,Callao,Callao,Centro Poblado: Callao,Mza: 052","052",96,96,38,9,0,0,0,0,0,0,43,0,0,0,4,0,0,17,6,9,11,0,3,43,4,49,192,50,43,39.5,1.33
"07010100010170005300","070101000101700053 , Callao,Callao,Callao,Centro Poblado: Callao,Mza: 053","053",129,129,62,6,0,0,0,0,0,0,66,1,0,1,0,0,0,31,12,22,1,0,3,66,4,66,258,50,66,47,1.33
"07010100010170005400","070101000101700054 , Callao,Callao,Callao,Centro Poblado: Callao,Mza: 054","054",85,98,36,22,0,0,0,0,0,0,58,0,0,0,0,0,0,23,2,15,18,0,2,58,3,58,183,46.4,58,39.7,1.5
"07010100010170005500","070101000101700055 , Callao,Callao,Callao,Centro Poblado: Callao,Mza: 055","055",79,80,51,4,0,0,0,0,0,0,55,0,0,0,0,0,0,16,10,24,5,0,3,55,3,55,159,49.7,55,29.1,1
"07010100010170005600","070101000101700056 , Callao,Callao,Callao,Centro Poblado: Callao,Mza: 056","056",149,155,68,25,0,0,0,7,0,0,99,0,1,0,0,0,0,62,4,24,9,0,2,99,3,99,304,49,99,62.6,1.5
"07010100010170005700","070101000101700057 , Callao,Callao,Callao,Centro Poblado: Callao,Mza: 057","057",67,89,41,6,0,0,0,0,0,0,44,3,0,0,0,0,0,24,1,18,1,0,3,44,4,44,156,42.9,44,54.5,1.33
"07010100010170005800","070101000101700058 , Callao,Callao,Callao,Centro Poblado: Callao,Mza: 058","058",120,128,46,9,0,0,0,0,0,0,55,0,0,0,0,0,0,9,3,36,7,0,4,55,4,67,248,48.4,55,16.4,1
"07010100010170005900","070101000101700059 , Callao,Callao,Callao,Centro Poblado: Callao,Mza: 059","059",92,104,48,0,7,0,0,0,0,0,54,1,0,0,0,0,0,20,2,21,11,0,3,54,3,62,196,46.9,54,37,1
"07010100010180000100","070101000101800001 , Callao,Callao,Callao,Centro Poblado: Callao,Mza: 001","001",158,145,44,5,0,0,0,0,0,0,45,0,0,0,4,0,0,7,9,27,2,0,4,45,4,75,303,52.1,45,15.6,1
"07010100010180000200","070101000101800002 , Callao,Callao,Callao,Centro Poblado: Callao,Mza: 002","002",135,168,60,2,0,0,0,0,0,0,61,1,0,0,0,0,0,9,9,41,2,0,3,61,4,74,303,44.6,61,14.8,1.33
"07010100010180000300","070101000101800003 , Callao,Callao,Callao,Centro Poblado: Callao,Mza: 003","003",26,21,9,0,0,0,0,0,0,0,9,0,0,0,0,0,0,1,6,2,0,0,4,9,4,13,47,55.3,9,11.1,1
"07010100010180000400","070101000101800004 , Callao,Callao,Callao,Centro Poblado: Callao,Mza: 004","004",41,50,16,0,0,0,0,0,0,0,16,0,0,0,0,0,0,2,0,13,1,0,3,16,4,21,91,45.1,16,12.5,1.33
"07010100010180000500","070101000101800005 , Callao,Callao,Callao,Centro Poblado: Callao,Mza: 005","005",40,41,18,0,0,0,0,0,0,0,18,0,0,0,0,0,0,0,3,15,0,0,4,18,4,22,81,49.4,18,0,1
"07010100010180000600","070101000101800006 , Callao,Callao,Callao,Centro Poblado: Callao,Mza: 006","006",31,36,14,2,0,0,0,0,0,0,16,0,0,0,0,0,0,3,0,13,0,0,3,16,4,17,67,46.3,16,18.8,1.33
"07010100010180000700","070101000101800007 , Callao,Callao,Callao,Centro Poblado: Callao,Mza: 007","007",12,20,19,0,0,0,0,0,0,0,19,0,0,0,0,0,0,3,1,15,0,0,3,19,2,19,32,37.5,19,15.8,0.67
"07010100010180000901","070101000101800009A, Callao,Callao,Callao,Centro Poblado: Callao,Mza: 009A","009A",106,133,49,13,0,0,0,0,0,0,54,2,3,0,1,1,1,20,6,26,2,0,3,54,4,56,239,44.4,54,37,1.33
"07010100010180001100","070101000101800011 , Callao,Callao,Callao,Centro Poblado: Callao,Mza: 011","011",97,95,57,0,0,0,0,0,0,0,55,2,0,0,0,0,0,12,0,33,10,0,3,55,3,55,192,50.5,55,21.8,1
"07010100010180001200","070101000101800012 , Callao,Callao,Callao,Centro Poblado: Callao,Mza: 012","012",59,56,21,0,0,0,0,0,0,0,20,0,0,0,0,1,0,3,13,1,3,0,6,20,3,38,115,51.3,20,15,0.5
"07010100010180001300","070101000101800013 , Callao,Callao,Callao,Centro Poblado: Callao,Mza: 013","013",72,62,33,12,0,0,0,0,0,0,43,0,1,0,1,0,0,5,37,0,1,0,3,43,3,46,134,53.7,43,11.6,1
"07010100010180001400","070101000101800014 , Callao,Callao,Callao,Centro Poblado: Callao,Mza: 014","014",69,80,33,8,0,0,0,2,0,0,40,3,0,0,0,0,0,12,21,4,3,0,2,40,4,42,149,46.3,40,30,2
"07010100010180001600","070101000101800016 , Callao,Callao,Callao,Centro Poblado: Callao,Mza: 016","016",126,124,50,4,0,0,0,0,0,0,47,1,5,1,0,0,0,9,36,1,1,0,5,47,3,78,250,50.4,47,19.1,0.6
"07010100010180001700","070101000101800017 , Callao,Callao,Callao,Centro Poblado: Callao,Mza: 017","017",80,81,36,9,0,0,0,0,0,0,40,2,0,1,1,1,0,19,19,0,2,0,3,40,4,44,161,49.7,40,47.5,1.33
"07010100010180001800","070101000101800018 , Callao,Callao,Callao,Centro Poblado: Callao,Mza: 018","018",125,123,63,7,0,0,0,0,0,0,64,4,0,0,0,0,2,31,28,4,1,0,3,64,4,68,248,50.4,64,48.4,1.33
"07010100010180001900","070101000101800019 , Callao,Callao,Callao,Centro Poblado: Callao,Mza: 019","019",141,130,59,17,0,0,0,0,0,0,75,1,0,0,0,0,0,34,37,2,2,0,3,75,3,78,271,52,75,45.3,1
"07010100010180002100","070101000101800021 , Callao,Callao,Callao,Centro Poblado: Callao,Mza: 021","021",98,101,49,14,0,0,0,0,0,0,57,0,2,0,1,3,0,30,20,5,2,0,3,57,3,58,199,49.2,57,52.6,1
"07010100010180002200","070101000101800022 , Callao,Callao,Callao,Centro Poblado: Callao,Mza: 022","022",47,50,22,4,0,0,0,0,0,0,26,0,0,0,0,0,0,14,8,2,2,0,2,26,3,28,97,48.5,26,53.8,1.5
"07010100010180002301","070101000101800023A, Callao,Callao,Callao,Centro Poblado: Callao,Mza: 023A","023A",132,136,51,4,10,0,0,2,0,0,67,0,0,0,0,0,0,35,27,4,1,0,3,67,4,69,268,49.3,67,52.2,1.33
"07010100010180002500","070101000101800025 , Callao,Callao,Callao,Centro Poblado: Callao,Mza: 025","025",131,126,36,6,0,0,0,0,0,0,40,0,0,0,0,1,1,7,32,1,0,0,6,40,6,40,257,51,40,17.5,1
"07010100010180002600","070101000101800026 , Callao,Callao,Callao,Centro Poblado: Callao,Mza: 026","026",126,141,53,5,0,0,0,0,0,0,57,1,0,0,0,0,0,9,17,25,6,0,4,57,4,60,267,47.2,57,15.8,1
"07010100010180002700","070101000101800027 , Callao,Callao,Callao,Centro Poblado: Callao,Mza: 027","027",142,133,66,1,0,0,0,0,0,0,66,1,0,0,0,0,0,20,10,35,1,0,3,66,4,77,275,51.6,66,30.3,1.33
"07010100010180003000","070101000101800030 , Callao,Callao,Callao,Centro Poblado: Callao,Mza: 030","030",68,73,29,12,0,0,0,0,0,0,34,3,2,0,1,1,0,8,8,16,2,0,4,34,4,39,141,48.2,34,23.5,1
"07010100010180003100","070101000101800031 , Callao,Callao,Callao,Centro Poblado: Callao,Mza: 031","031",89,94,35,0,0,0,0,0,1,0,32,2,0,0,2,0,0,4,4,20,4,0,5,32,5,39,183,48.6,32,12.5,1
"07010100010180003200","070101000101800032 , Callao,Callao,Callao,Centro Poblado: Callao,Mza: 032","032",23,41,20,0,0,0,0,0,0,0,20,0,0,0,0,0,0,6,2,8,4,0,3,20,3,25,64,35.9,20,30,1
"07010100010180003300","070101000101800033 , Callao,Callao,Callao,Centro Poblado: Callao,Mza: 033","033",151,150,71,8,2,0,0,0,1,0,80,2,0,0,0,0,0,44,4,29,3,0,3,80,4,84,301,50.2,80,55,1.33
"07010100010180003400","070101000101800034 , Callao,Callao,Callao,Centro Poblado: Callao,Mza: 034","034",118,139,54,20,0,0,0,0,0,0,59,2,5,0,3,5,0,27,8,23,1,0,3,59,4,66,257,45.9,59,45.8,1.33
"07010100010180003500","070101000101800035 , Callao,Callao,Callao,Centro Poblado: Callao,Mza: 035","035",126,130,57,27,0,0,0,0,0,0,70,1,0,0,1,8,4,41,3,24,2,0,3,70,3,85,256,49.2,70,58.6,1
"07010100010180003600","070101000101800036 , Callao,Callao,Callao,Centro Poblado: Callao,Mza: 036","036",90,94,30,35,0,0,0,0,0,0,65,0,0,0,0,0,0,39,7,15,3,1,3,65,3,69,184,48.9,65,60,1
"07010100010180003800","070101000101800038 , Callao,Callao,Callao,Centro Poblado: Callao,Mza: 038","038",33,51,28,1,0,0,0,0,0,0,28,0,1,0,0,0,0,11,5,10,2,0,3,28,3,28,84,39.3,28,39.3,1
"07010100010180003900","070101000101800039 , Callao,Callao,Callao,Centro Poblado: Callao,Mza: 039","039",118,115,61,6,0,0,0,0,0,0,67,0,0,0,0,0,0,17,10,36,3,1,3,67,3,70,233,50.6,67,25.4,1
"07010100010180004100","070101000101800041 , Callao,Callao,Callao,Centro Poblado: Callao,Mza: 041","041",58,58,34,7,0,0,0,0,0,0,36,3,0,0,0,0,2,16,2,16,2,0,3,36,3,36,116,50,36,44.4,1
"07010100010180004200","070101000101800042 , Callao,Callao,Callao,Centro Poblado: Callao,Mza: 042","042",88,102,50,0,0,0,0,0,0,0,49,1,0,0,0,0,0,27,9,11,2,0,3,49,4,49,190,46.3,49,55.1,1.33
"07010100010180004300","070101000101800043 , Callao,Callao,Callao,Centro Poblado: Callao,Mza: 043","043",55,53,32,11,0,0,0,0,0,0,27,1,9,0,0,0,6,13,0,10,4,0,3,27,3,31,108,50.9,27,48.1,1
"07010100010180004400","070101000101800044 , Callao,Callao,Callao,Centro Poblado: Callao,Mza: 044","044",149,164,72,16,0,0,0,0,0,0,81,6,0,0,0,0,1,53,5,20,3,0,2,81,4,83,313,47.6,81,65.4,2
"07010100010180004500","070101000101800045 , Callao,Callao,Callao,Centro Poblado: Callao,Mza: 045","045",92,102,35,11,0,0,0,0,0,0,46,0,0,0,0,0,0,21,12,13,0,0,3,46,4,46,194,47.4,46,45.7,1.33
"07010100010180004800","070101000101800048 , Callao,Callao,Callao,Centro Poblado: Callao,Mza: 048","048",35,36,14,7,0,0,0,0,0,0,18,1,2,0,0,0,0,7,4,7,0,0,3,18,4,18,71,49.3,18,38.9,1.33
"07010100010180005000","070101000101800050 , Callao,Callao,Callao,Centro Poblado: Callao,Mza: 050","050",101,122,53,8,0,1,0,0,0,0,55,5,2,0,0,0,0,24,6,15,10,0,3,55,4,56,223,45.3,55,43.6,1.33
"07010100010180005100","070101000101800051 , Callao,Callao,Callao,Centro Poblado: Callao,Mza: 051","051",106,138,45,9,0,0,0,0,0,0,53,1,0,0,0,0,0,12,5,34,1,1,4,53,4,64,244,43.4,53,22.6,1
"07010100010180005200","070101000101800052 , Callao,Callao,Callao,Centro Poblado: Callao,Mza: 052","052",40,58,20,7,0,0,0,0,0,0,22,1,3,0,0,0,1,8,2,12,0,0,4,22,3,29,98,40.8,22,36.4,0.75
"07010100010180005300","070101000101800053 , Callao,Callao,Callao,Centro Poblado: Callao,Mza: 053","053",85,91,42,2,0,0,0,0,0,0,44,0,0,0,0,0,0,19,3,18,4,0,2,44,4,48,176,48.3,44,43.2,2
"07010100010180005400","070101000101800054 , Callao,Callao,Callao,Centro Poblado: Callao,Mza: 054","054",81,77,33,0,0,0,0,0,0,0,33,0,0,0,0,0,0,9,1,23,0,0,4,33,4,41,158,51.3,33,27.3,1
"07010100010180005500","070101000101800055 , Callao,Callao,Callao,Centro Poblado: Callao,Mza: 055","055",109,116,53,18,0,0,0,0,0,0,66,1,0,0,4,0,0,35,10,15,6,0,3,66,3,66,225,48.4,66,53,1
"07010100010180005600","070101000101800056 , Callao,Callao,Callao,Centro Poblado: Callao,Mza: 056","056",55,81,20,9,9,0,0,0,0,0,36,1,0,0,1,0,0,16,2,17,1,0,2,36,4,36,136,40.4,36,44.4,2
"07010100010180005700","070101000101800057 , Callao,Callao,Callao,Centro Poblado: Callao,Mza: 057","057",46,57,6,4,0,1,1,0,0,0,9,1,0,0,1,0,0,4,0,5,0,0,3,9,5,10,103,44.7,9,44.4,1.67
"07010100010180005800","070101000101800058 , Callao,Callao,Callao,Centro Poblado: Callao,Mza: 058","058",90,87,33,5,0,0,0,0,0,0,38,0,0,0,0,0,0,13,15,5,5,0,3,38,4,49,177,50.8,38,34.2,1.33
"07010100010180005900","070101000101800059 , Callao,Callao,Callao,Centro Poblado: Callao,Mza: 059","059",98,103,22,4,0,0,0,10,0,0,36,0,0,0,0,0,0,16,0,20,0,0,4,36,4,52,201,48.8,36,44.4,1
"07010100010180088888","0701010001018008888, Callao,Callao,Callao,Centro Poblado: Callao,Mza: 8888","8888",11,9,5,0,0,0,0,0,0,0,5,0,0,0,0,0,0,0,4,1,0,0,5,5,4,5,20,55,5,0,0.8
"07010100010190000100","070101000101900001 , Callao,Callao,Callao,Centro Poblado: Callao,Mza: 001","001",87,86,29,24,0,3,0,0,0,0,51,3,0,2,0,0,0,12,9,22,8,0,2,51,3,55,173,50.3,51,23.5,1.5
"07010100010190000300","070101000101900003 , Callao,Callao,Callao,Centro Poblado: Callao,Mza: 003","003",88,107,46,4,0,0,0,0,0,0,44,4,0,0,0,1,1,4,9,30,1,0,5,44,3,59,195,45.1,44,9.1,0.6
"07010100010190000400","070101000101900004 , Callao,Callao,Callao,Centro Poblado: Callao,Mza: 004","004",94,83,47,4,0,0,0,0,0,0,51,0,0,0,0,0,0,11,3,32,5,0,3,51,3,55,177,53.1,51,21.6,1
"07010100010190000500","070101000101900005 , Callao,Callao,Callao,Centro Poblado: Callao,Mza: 005","005",143,138,63,14,0,0,0,0,0,0,68,3,0,1,1,3,1,29,6,24,9,0,3,68,4,80,281,50.9,68,42.6,1.33
"07010100010190000602","070101000101900006B, Callao,Callao,Callao,Centro Poblado: Callao,Mza: 006B","006B",338,337,142,10,0,0,3,0,0,0,141,2,2,2,3,2,0,48,35,41,16,1,3,141,3,187,675,50.1,141,34,1
"07010100010190000800","070101000101900008 , Callao,Callao,Callao,Centro Poblado: Callao,Mza: 008","008",84,109,39,14,0,0,0,0,0,0,52,1,0,0,0,0,0,17,9,26,0,0,3,52,3,61,193,43.5,52,32.7,1
"07010100010190000900","070101000101900009 , Callao,Callao,Callao,Centro Poblado: Callao,Mza: 009","009",69,58,33,0,0,1,0,0,0,0,30,0,3,0,1,0,0,3,8,19,0,0,4,30,4,31,127,54.3,30,10,1
"07010100010190001000","070101000101900010 , Callao,Callao,Callao,Centro Poblado: Callao,Mza: 010","010",83,86,34,0,0,0,0,11,0,0,44,1,0,0,0,0,0,24,0,15,3,2,3,44,3,53,169,49.1,44,54.5,1
"07010100010190001100","070101000101900011 , Callao,Callao,Callao,Centro Poblado: Callao,Mza: 011","011",111,91,22,13,0,0,0,9,0,0,43,1,0,0,0,0,0,14,8,19,2,0,3,43,3,59,202,55,43,32.6,1
"07010100010190001200","070101000101900012 , Callao,Callao,Callao,Centro Poblado: Callao,Mza: 012","012",117,102,47,5,0,0,0,0,0,0,50,1,1,0,0,0,0,20,7,21,2,0,4,50,4,55,219,53.4,50,40,1
"07010100010190001300","070101000101900013 , Callao,Callao,Callao,Centro Poblado: Callao,Mza: 013","013",111,108,48,1,2,0,0,2,0,0,51,2,0,0,0,0,0,12,17,19,3,0,4,51,4,57,219,50.7,51,23.5,1
"07010100010190001400","070101000101900014 , Callao,Callao,Callao,Centro Poblado: Callao,Mza: 014","014",52,61,30,0,0,0,0,0,0,0,30,0,0,0,0,0,0,4,10,13,3,0,3,30,4,30,113,46,30,13.3,1.33
"07010100010190001500","070101000101900015 , Callao,Callao,Callao,Centro Poblado: Callao,Mza: 015","015",138,146,30,52,1,0,0,0,0,0,81,2,0,0,0,0,0,44,16,15,6,0,2,81,3,87,284,48.6,81,54.3,1.5
"07010100010190001800","070101000101900018 , Callao,Callao,Callao,Centro Poblado: Callao,Mza: 018","018",95,90,24,1,0,0,0,0,0,0,24,0,0,0,0,0,1,5,18,0,1,0,5,24,4,48,185,51.4,24,20.8,0.8
"07010100010190001900","070101000101900019 , Callao,Callao,Callao,Centro Poblado: Callao,Mza: 019","019",112,85,31,5,0,0,0,0,0,0,35,1,0,0,0,0,0,7,4,20,4,0,4,35,4,55,197,56.9,35,20,1
"07010100010190002000","070101000101900020 , Callao,Callao,Callao,Centro Poblado: Callao,Mza: 020","020",30,30,7,3,0,0,0,0,0,0,10,0,0,0,0,0,0,3,1,6,0,0,4,10,4,16,60,50,10,30,1
"07010100010190002200","070101000101900022 , Callao,Callao,Callao,Centro Poblado: Callao,Mza: 022","022",146,163,46,0,0,0,0,0,0,0,45,1,0,0,0,0,0,2,20,19,4,0,4,45,4,77,309,47.2,45,4.4,1
"07010100010190002300","070101000101900023 , Callao,Callao,Callao,Centro Poblado: Callao,Mza: 023","023",140,142,54,2,0,0,0,0,0,0,56,0,0,0,0,0,0,6,28,20,2,0,3,56,4,67,282,49.6,56,10.7,1.33
"07010100010190002500","070101000101900025 , Callao,Callao,Callao,Centro Poblado: Callao,Mza: 025","025",131,144,44,12,0,0,0,0,0,0,51,3,2,0,0,0,0,7,8,33,3,0,4,51,4,70,275,47.6,51,13.7,1
"07010100010190002600","070101000101900026 , Callao,Callao,Callao,Centro Poblado: Callao,Mza: 026","026",192,215,57,1,0,0,0,0,0,0,57,0,0,0,1,0,0,7,21,26,3,0,4,57,4,107,407,47.2,57,12.3,1
"07010100010190002900","070101000101900029 , Callao,Callao,Callao,Centro Poblado: Callao,Mza: 029","029",77,106,26,0,0,0,0,0,0,0,24,1,0,0,0,1,0,7,3,10,4,0,4,24,4,44,183,42.1,24,29.2,1
"07010100010190003000","070101000101900030 , Callao,Callao,Callao,Centro Poblado: Callao,Mza: 030","030",75,90,18,8,0,0,0,0,0,0,24,1,1,0,0,0,0,7,3,13,1,0,4,24,4,38,165,45.5,24,29.2,1
"07010100010190003100","070101000101900031 , Callao,Callao,Callao,Centro Poblado: Callao,Mza: 031","031",70,67,32,4,0,0,1,0,0,0,35,1,0,0,0,0,0,14,9,12,0,0,3,35,4,37,137,51.1,35,40,1.33
"07010100010190003200","070101000101900032 , Callao,Callao,Callao,Centro Poblado: Callao,Mza: 032","032",110,127,56,9,0,0,0,0,0,0,63,2,0,0,0,0,0,14,12,32,5,0,4,63,3,71,237,46.4,63,22.2,0.75
"07010100010190003300","070101000101900033 , Callao,Callao,Callao,Centro Poblado: Callao,Mza: 033","033",158,177,47,10,0,0,0,0,0,0,55,0,0,2,0,0,0,17,10,27,1,0,4,55,4,85,335,47.2,55,30.9,1
"07010100010190003400","070101000101900034 , Callao,Callao,Callao,Centro Poblado: Callao,Mza: 034","034",117,111,30,12,0,0,0,0,0,0,39,0,0,0,0,2,1,19,4,14,2,0,4,39,3,67,228,51.3,39,48.7,0.75
"07010100010190003500","070101000101900035 , Callao,Callao,Callao,Centro Poblado: Callao,Mza: 035","035",89,108,38,3,0,0,0,8,0,0,40,1,7,0,1,0,0,17,1,15,7,0,3,40,4,49,197,45.2,40,42.5,1.33
"07010100010190003600","070101000101900036 , Callao,Callao,Callao,Centro Poblado: Callao,Mza: 036","036",119,131,52,11,0,0,0,2,0,0,57,4,0,1,0,2,1,13,12,30,2,0,3,57,4,71,250,47.6,57,22.8,1.33
"07010100010190003700","070101000101900037 , Callao,Callao,Callao,Centro Poblado: Callao,Mza: 037","037",74,92,43,4,0,0,0,0,0,0,47,0,0,0,0,0,0,7,5,33,2,0,3,47,4,47,166,44.6,47,14.9,1.33
"07010100010190003900","070101000101900039 , Callao,Callao,Callao,Centro Poblado: Callao,Mza: 039","039",78,83,42,3,0,0,0,0,0,0,34,0,0,0,0,10,1,9,5,17,2,1,4,34,3,48,161,48.4,34,26.5,0.75
"07010100010190004000","070101000101900040 , Callao,Callao,Callao,Centro Poblado: Callao,Mza: 040","040",85,104,34,0,0,0,0,0,0,0,34,0,0,0,0,0,0,15,2,13,4,0,4,34,4,54,189,45,34,44.1,1
"07010100010190004100","070101000101900041 , Callao,Callao,Callao,Centro Poblado: Callao,Mza: 041","041",60,75,16,0,0,0,0,0,0,0,16,0,0,0,0,0,0,3,1,11,1,0,5,16,3,46,135,44.4,16,18.8,0.6
"07010100010190004300","070101000101900043 , Callao,Callao,Callao,Centro Poblado: Callao,Mza: 043","043",118,122,32,0,0,0,0,0,0,0,31,1,0,0,0,0,0,9,2,19,1,0,5,31,4,66,240,49.2,31,29,0.8
"07010100010190004400","070101000101900044 , Callao,Callao,Callao,Centro Poblado: Callao,Mza: 044","044",88,92,48,10,0,0,0,0,0,0,51,0,0,1,0,6,0,25,3,21,2,0,2,51,3,52,180,48.9,51,49,1.5
"07010100010190004500","070101000101900045 , Callao,Callao,Callao,Centro Poblado: Callao,Mza: 045","045",85,91,42,4,0,0,0,0,0,0,45,1,0,0,0,0,0,23,6,14,2,0,3,45,4,45,176,48.3,45,51.1,1.33
"07010100010190004600","070101000101900046 , Callao,Callao,Callao,Centro Poblado: Callao,Mza: 046","046",26,22,7,5,0,0,0,0,0,0,11,0,0,0,1,0,0,5,2,4,0,0,4,11,4,12,48,54.2,11,45.5,1
"07010100010190004700","070101000101900047 , Callao,Callao,Callao,Centro Poblado: Callao,Mza: 047","047",71,78,28,31,0,0,0,0,0,0,48,0,0,2,0,5,4,26,5,7,10,0,3,48,3,52,149,47.7,48,54.2,1
"07010100010190004800","070101000101900048 , Callao,Callao,Callao,Centro Poblado: Callao,Mza: 048","048",68,87,40,5,0,0,1,0,0,0,34,3,1,0,0,6,1,11,2,13,8,0,4,34,3,51,155,43.9,34,32.4,0.75
"07010100010190004900","070101000101900049 , Callao,Callao,Callao,Centro Poblado: Callao,Mza: 049","049",116,140,55,17,0,0,0,0,0,0,62,4,2,0,0,1,3,28,3,26,5,0,3,62,3,79,256,45.3,62,45.2,1
"07010100010190005000","070101000101900050 , Callao,Callao,Callao,Centro Poblado: Callao,Mza: 050","050",45,46,15,5,7,0,0,0,0,0,24,0,0,0,0,3,0,0,0,24,0,0,4,24,4,26,91,49.5,24,0,1
"07010100010190005200","070101000101900052 , Callao,Callao,Callao,Centro Poblado: Callao,Mza: 052","052",112,100,37,9,0,0,0,0,0,0,43,1,1,0,1,0,0,2,18,23,0,0,3,43,5,46,212,52.8,43,4.7,1.67
"07010100010190005300","070101000101900053 , Callao,Callao,Callao,Centro Poblado: Callao,Mza: 053","053",129,119,67,3,0,0,0,0,0,0,66,2,1,0,0,1,0,13,8,37,8,0,3,66,4,69,248,52,66,19.7,1.33
"07010100010190005400","070101000101900054 , Callao,Callao,Callao,Centro Poblado: Callao,Mza: 054","054",142,161,83,2,0,0,0,0,0,0,66,0,0,0,0,19,0,18,13,28,7,0,4,66,3,87,303,46.9,66,27.3,0.75
"07010100010190005500","070101000101900055 , Callao,Callao,Callao,Centro Poblado: Callao,Mza: 055","055",48,56,3,31,0,0,0,0,0,0,34,0,0,0,0,0,0,3,25,6,0,0,3,34,3,34,104,46.2,34,8.8,1
"07010100010190005600","070101000101900056 , Callao,Callao,Callao,Centro Poblado: Callao,Mza: 056","056",149,145,48,2,0,0,0,0,0,0,46,1,0,0,1,1,1,9,4,30,3,0,5,46,4,84,294,50.7,46,19.6,0.8
"07010100010190005800","070101000101900058 , Callao,Callao,Callao,Centro Poblado: Callao,Mza: 058","058",141,154,61,6,0,0,1,0,0,0,61,1,0,0,2,1,2,26,7,24,4,0,4,61,3,85,295,47.8,61,42.6,0.75
"07010100010190005900","070101000101900059 , Callao,Callao,Callao,Centro Poblado: Callao,Mza: 059","059",99,112,50,7,0,0,1,0,0,0,54,0,0,0,0,1,2,24,3,25,2,0,3,54,3,55,211,46.9,54,44.4,1
"07010100010190006000","070101000101900060 , Callao,Callao,Callao,Centro Poblado: Callao,Mza: 060","060",57,82,27,11,0,0,1,0,1,0,37,2,0,0,0,0,0,23,7,7,0,0,2,37,3,38,139,41,37,62.2,1.5
"07010100010190088888","0701010001019008888, Callao,Callao,Callao,Centro Poblado: Callao,Mza: 8888","8888",1,1,0,0,0,0,1,0,0,0,NA,NA,NA,NA,NA,NA,NA,NA,NA,NA,NA,NA,NA,NA,0,1,2,50,0,NA,NA
"07010100010200000100","070101000102000001 , Callao,Callao,Callao,Centro Poblado: Callao,Mza: 001","001",219,245,112,23,0,0,0,0,1,0,123,8,0,1,1,0,3,27,17,72,7,0,3,123,3,138,464,47.2,123,22,1
"07010100010200000200","070101000102000002 , Callao,Callao,Callao,Centro Poblado: Callao,Mza: 002","002",70,83,41,1,0,0,0,0,0,0,39,0,0,0,0,0,3,12,4,13,10,0,3,39,4,41,153,45.8,39,30.8,1.33
"07010100010200000300","070101000102000003 , Callao,Callao,Callao,Centro Poblado: Callao,Mza: 003","003",51,73,24,24,0,0,0,0,0,0,36,3,6,0,2,1,0,18,1,15,2,0,3,36,3,41,124,41.1,36,50,1
"07010100010200000400","070101000102000004 , Callao,Callao,Callao,Centro Poblado: Callao,Mza: 004","004",75,73,18,40,0,0,0,0,0,0,43,4,0,0,4,7,0,6,10,21,6,0,3,43,3,44,148,50.7,43,14,1
"07010100010200000500","070101000102000005 , Callao,Callao,Callao,Centro Poblado: Callao,Mza: 005","005",80,83,41,12,0,0,0,0,0,0,47,4,0,1,0,0,1,17,6,24,0,0,3,47,3,47,163,49.1,47,36.2,1
"07010100010200000600","070101000102000006 , Callao,Callao,Callao,Centro Poblado: Callao,Mza: 006","006",70,88,20,31,0,0,0,0,0,0,43,2,4,0,2,0,0,17,7,18,1,0,3,43,4,44,158,44.3,43,39.5,1.33
"07010100010200000700","070101000102000007 , Callao,Callao,Callao,Centro Poblado: Callao,Mza: 007","007",64,92,43,7,0,0,0,0,0,0,47,0,0,0,3,0,0,9,7,28,2,1,3,47,3,47,156,41,47,19.1,1
"07010100010200000800","070101000102000008 , Callao,Callao,Callao,Centro Poblado: Callao,Mza: 008","008",102,102,53,12,0,0,0,0,0,0,60,1,1,0,1,1,1,13,7,37,3,0,4,60,3,60,204,50,60,21.7,0.75
"07010100010200000900","070101000102000009 , Callao,Callao,Callao,Centro Poblado: Callao,Mza: 009","009",69,90,41,0,0,0,0,0,0,0,39,2,0,0,0,0,0,3,8,22,6,0,3,39,4,40,159,43.4,39,7.7,1.33
"07010100010200001000","070101000102000010 , Callao,Callao,Callao,Centro Poblado: Callao,Mza: 010","010",78,96,42,9,0,0,0,0,0,0,47,3,0,1,0,0,0,11,4,28,4,0,4,47,3,51,174,44.8,47,23.4,0.75
"07010100010200001100","070101000102000011 , Callao,Callao,Callao,Centro Poblado: Callao,Mza: 011","011",85,88,45,15,0,1,0,0,0,0,54,1,2,0,4,0,0,19,4,28,3,0,3,54,3,55,173,49.1,54,35.2,1
"07010100010200001300","070101000102000013 , Callao,Callao,Callao,Centro Poblado: Callao,Mza: 013","013",84,84,37,21,0,0,0,0,0,0,53,1,0,1,3,0,0,15,14,19,5,0,3,53,3,54,168,50,53,28.3,1
"07010100010200001500","070101000102000015 , Callao,Callao,Callao,Centro Poblado: Callao,Mza: 015","015",70,82,53,0,0,0,0,0,0,0,47,0,0,3,0,2,1,7,12,24,4,0,3,47,3,47,152,46.1,47,14.9,1
"07010100010200001600","070101000102000016 , Callao,Callao,Callao,Centro Poblado: Callao,Mza: 016","016",80,93,49,6,0,0,0,0,0,0,49,2,0,0,2,0,2,14,6,28,1,0,3,49,4,49,173,46.2,49,28.6,1.33
"07010100010200001702","070101000102000017B, Callao,Callao,Callao,Centro Poblado: Callao,Mza: 017B","017B",21,32,5,19,0,0,0,0,0,0,20,0,0,1,2,0,1,8,1,11,0,0,3,20,3,20,53,39.6,20,40,1
"07010100010200001703","070101000102000017C, Callao,Callao,Callao,Centro Poblado: Callao,Mza: 017C","017C",13,18,9,5,0,0,0,0,1,0,10,1,1,0,1,2,0,7,2,1,0,0,3,10,3,10,31,41.9,10,70,1
"07010100010200001705","070101000102000017E, Callao,Callao,Callao,Centro Poblado: Callao,Mza: 017E","017E",24,25,21,8,0,0,0,0,0,0,15,2,1,0,0,11,0,5,1,8,1,0,4,15,3,15,49,49,15,33.3,0.75
"07010100010200001900","070101000102000019 , Callao,Callao,Callao,Centro Poblado: Callao,Mza: 019","019",72,85,48,18,0,0,0,0,0,0,50,3,0,0,0,2,11,13,5,31,1,0,3,50,3,51,157,45.9,50,26,1
"07010100010200002000","070101000102000020 , Callao,Callao,Callao,Centro Poblado: Callao,Mza: 020","020",80,94,44,5,0,0,0,0,0,0,45,1,3,0,0,0,0,15,4,22,4,0,3,45,4,45,174,46,45,33.3,1.33
"07010100010200002100","070101000102000021 , Callao,Callao,Callao,Centro Poblado: Callao,Mza: 021","021",64,63,44,0,0,0,0,0,0,0,39,2,1,0,0,2,0,11,0,24,4,0,3,39,3,40,127,50.4,39,28.2,1
"07010100010200002300","070101000102000023 , Callao,Callao,Callao,Centro Poblado: Callao,Mza: 023","023",49,52,25,5,0,0,0,0,0,0,29,0,0,0,0,1,0,10,3,15,1,0,3,29,3,29,101,48.5,29,34.5,1
"07010100010200002400","070101000102000024 , Callao,Callao,Callao,Centro Poblado: Callao,Mza: 024","024",60,75,27,12,0,0,0,0,0,0,37,1,0,0,0,1,0,6,6,19,6,0,3,37,4,38,135,44.4,37,16.2,1.33
"07010100010200002500","070101000102000025 , Callao,Callao,Callao,Centro Poblado: Callao,Mza: 025","025",44,56,29,0,0,0,0,0,0,0,29,0,0,0,0,0,0,5,8,13,3,0,3,29,3,29,100,44,29,17.2,1
"07010100010200002600","070101000102000026 , Callao,Callao,Callao,Centro Poblado: Callao,Mza: 026","026",223,282,0,171,0,0,0,0,0,0,145,10,7,0,3,0,6,59,36,47,3,0,3,145,3,146,505,44.2,145,40.7,1
"07010100010200002700","070101000102000027 , Callao,Callao,Callao,Centro Poblado: Callao,Mza: 027","027",90,121,0,63,0,0,0,0,0,0,59,1,0,0,2,1,0,19,13,26,1,0,3,59,4,59,211,42.7,59,32.2,1.33
"07010100010200002800","070101000102000028 , Callao,Callao,Callao,Centro Poblado: Callao,Mza: 028","028",88,88,0,64,0,0,0,0,0,0,54,5,1,0,3,0,1,11,13,29,1,0,3,54,3,54,176,50,54,20.4,1
"07010100010200002900","070101000102000029 , Callao,Callao,Callao,Centro Poblado: Callao,Mza: 029","029",177,234,11,150,0,0,0,0,0,0,138,14,6,2,1,0,0,30,42,61,5,0,3,138,3,138,411,43.1,138,21.7,1
"07010100010200003100","070101000102000031 , Callao,Callao,Callao,Centro Poblado: Callao,Mza: 031","031",80,79,2,43,0,0,0,0,0,0,39,2,2,0,1,0,1,7,2,30,0,0,3,39,4,40,159,50.3,39,17.9,1.33
"07010100010200003200","070101000102000032 , Callao,Callao,Callao,Centro Poblado: Callao,Mza: 032","032",92,107,1,76,0,0,0,0,0,0,64,7,4,0,1,0,1,12,6,41,5,0,3,64,3,64,199,46.2,64,18.8,1
"07010100010200003300","070101000102000033 , Callao,Callao,Callao,Centro Poblado: Callao,Mza: 033","033",75,93,9,52,0,0,0,0,0,0,49,2,0,0,10,0,0,12,6,28,3,0,3,49,3,50,168,44.6,49,24.5,1
"07010100010200003400","070101000102000034 , Callao,Callao,Callao,Centro Poblado: Callao,Mza: 034","034",32,38,0,30,0,0,0,0,0,0,26,3,1,0,0,0,0,11,1,14,0,0,2,26,3,26,70,45.7,26,42.3,1.5
"07010100010200003500","070101000102000035 , Callao,Callao,Callao,Centro Poblado: Callao,Mza: 035","035",56,65,0,45,0,0,0,0,0,0,40,3,2,0,0,0,0,15,5,18,2,0,2,40,3,40,121,46.3,40,37.5,1.5
"07010100010200003600","070101000102000036 , Callao,Callao,Callao,Centro Poblado: Callao,Mza: 036","036",106,117,1,76,0,0,0,0,0,0,69,0,1,0,7,0,0,13,9,41,6,0,3,69,3,69,223,47.5,69,18.8,1
"07010100010200003800","070101000102000038 , Callao,Callao,Callao,Centro Poblado: Callao,Mza: 038","038",40,50,2,30,0,0,0,0,0,0,28,3,1,0,0,0,0,6,1,19,2,0,3,28,3,29,90,44.4,28,21.4,1
"07010100010200003900","070101000102000039 , Callao,Callao,Callao,Centro Poblado: Callao,Mza: 039","039",64,92,3,58,0,0,0,0,0,0,53,4,3,1,0,0,0,18,13,22,0,0,2,53,3,55,156,41,53,34,1.5
"07010100010200004100","070101000102000041 , Callao,Callao,Callao,Centro Poblado: Callao,Mza: 041","041",221,269,1,172,0,0,0,0,0,0,148,7,8,1,4,0,5,27,44,73,4,0,3,148,3,149,490,45.1,148,18.2,1
"07010100010200004200","070101000102000042 , Callao,Callao,Callao,Centro Poblado: Callao,Mza: 042","042",91,97,16,48,0,0,0,0,0,0,51,3,9,0,0,0,1,8,27,11,5,0,3,51,4,51,188,48.4,51,15.7,1.33
"07010100010200004300","070101000102000043 , Callao,Callao,Callao,Centro Poblado: Callao,Mza: 043","043",83,104,0,64,0,0,0,0,0,0,56,2,4,0,2,0,0,8,25,19,4,0,3,56,3,56,187,44.4,56,14.3,1
"07010100010200004400","070101000102000044 , Callao,Callao,Callao,Centro Poblado: Callao,Mza: 044","044",182,245,16,144,0,0,0,0,0,0,139,14,7,0,0,0,0,25,13,98,3,0,3,139,3,140,427,42.6,139,18,1
"07010100010200005000","070101000102000050 , Callao,Callao,Callao,Centro Poblado: Callao,Mza: 050","050",62,74,40,0,0,0,1,0,0,0,32,2,2,0,3,1,0,6,5,19,2,0,4,32,3,40,136,45.6,32,18.8,0.75
"07010100010200005100","070101000102000051 , Callao,Callao,Callao,Centro Poblado: Callao,Mza: 051","051",54,71,35,2,0,0,0,0,0,0,33,2,2,0,0,0,0,3,7,15,8,0,3,33,4,34,125,43.2,33,9.1,1.33
"07010100010200005200","070101000102000052 , Callao,Callao,Callao,Centro Poblado: Callao,Mza: 052","052",64,77,49,0,0,0,0,0,0,0,40,4,3,2,0,0,0,10,6,22,2,0,4,40,4,40,141,45.4,40,25,1
"07010100010200005300","070101000102000053 , Callao,Callao,Callao,Centro Poblado: Callao,Mza: 053","053",78,63,24,25,0,0,0,0,0,0,41,3,0,3,0,1,1,10,4,19,8,0,3,41,3,41,141,55.3,41,24.4,1
"07010100010200005400","070101000102000054 , Callao,Callao,Callao,Centro Poblado: Callao,Mza: 054","054",45,80,40,7,0,0,0,0,0,0,38,1,0,1,5,1,1,10,4,22,2,0,4,38,3,43,125,36,38,26.3,0.75
"07010100010200005500","070101000102000055 , Callao,Callao,Callao,Centro Poblado: Callao,Mza: 055","055",47,58,23,9,0,0,0,0,0,0,24,1,3,1,2,0,1,5,1,15,3,0,4,24,4,30,105,44.8,24,20.8,1
"07010100010200005600","070101000102000056 , Callao,Callao,Callao,Centro Poblado: Callao,Mza: 056","056",66,83,28,11,0,0,0,0,0,0,32,1,0,0,3,2,1,12,3,14,3,0,4,32,4,42,149,44.3,32,37.5,1
"07010100010200005800","070101000102000058 , Callao,Callao,Callao,Centro Poblado: Callao,Mza: 058","058",82,119,59,3,1,0,0,0,0,0,52,1,0,1,3,1,5,7,11,29,5,0,4,52,3,64,201,40.8,52,13.5,0.75
"07010100010200088888","0701010001020008888, Callao,Callao,Callao,Centro Poblado: Callao,Mza: 8888","8888",147,185,8,1,0,0,6,0,0,0,7,0,0,1,1,0,0,0,1,4,2,0,3,7,1,13,332,44.3,7,0,0.33
"07010100010210000100","070101000102100001 , Callao,Callao,Callao,Centro Poblado: Callao,Mza: 001","001",112,112,75,8,0,0,0,0,0,0,72,5,4,0,0,0,2,30,7,26,9,0,3,72,3,72,224,50,72,41.7,1
"07010100010210000200","070101000102100002 , Callao,Callao,Callao,Centro Poblado: Callao,Mza: 002","002",59,70,31,8,0,0,0,0,0,0,34,1,0,0,0,0,4,14,10,9,1,0,3,34,4,35,129,45.7,34,41.2,1.33
"07010100010210000300","070101000102100003 , Callao,Callao,Callao,Centro Poblado: Callao,Mza: 003","003",64,70,25,14,0,0,0,0,0,0,35,2,2,0,0,0,0,7,1,22,5,0,3,35,4,35,134,47.8,35,20,1.33
"07010100010210000500","070101000102100005 , Callao,Callao,Callao,Centro Poblado: Callao,Mza: 005","005",95,112,49,20,0,0,0,0,0,0,64,2,0,0,3,0,0,24,3,33,4,0,3,64,3,66,207,45.9,64,37.5,1
"07010100010210000700","070101000102100007 , Callao,Callao,Callao,Centro Poblado: Callao,Mza: 007","007",149,163,2,102,0,0,0,0,0,0,88,4,6,0,5,0,1,19,17,49,3,0,4,88,3,90,312,47.8,88,21.6,0.75
"07010100010210000800","070101000102100008 , Callao,Callao,Callao,Centro Poblado: Callao,Mza: 008","008",110,128,1,83,0,0,0,0,0,0,68,6,5,0,4,0,1,11,17,37,3,0,3,68,3,71,238,46.2,68,16.2,1
"07010100010210001000","070101000102100010 , Callao,Callao,Callao,Centro Poblado: Callao,Mza: 010","010",115,123,3,72,0,0,0,0,0,0,62,4,5,0,4,0,0,13,17,31,1,0,4,62,4,64,238,48.3,62,21,1
"07010100010210001100","070101000102100011 , Callao,Callao,Callao,Centro Poblado: Callao,Mza: 011","011",42,52,0,29,0,0,0,0,0,0,25,2,2,0,0,0,0,3,1,18,3,0,4,25,4,26,94,44.7,25,12,1
"07010100010210001200","070101000102100012 , Callao,Callao,Callao,Centro Poblado: Callao,Mza: 012","012",37,51,0,32,0,0,0,0,0,0,24,2,0,0,6,0,0,6,4,14,0,0,4,24,4,24,88,42,24,25,1
"07010100010210001300","070101000102100013 , Callao,Callao,Callao,Centro Poblado: Callao,Mza: 013","013",40,47,0,39,0,0,0,0,0,0,30,3,1,0,5,0,0,2,9,17,2,0,3,30,3,30,87,46,30,6.7,1
"07010100010210001400","070101000102100014 , Callao,Callao,Callao,Centro Poblado: Callao,Mza: 014","014",64,62,4,34,0,1,0,0,2,0,38,2,0,1,0,0,0,8,6,19,5,0,4,38,3,38,126,50.8,38,21.1,0.75
"07010100010210001500","070101000102100015 , Callao,Callao,Callao,Centro Poblado: Callao,Mza: 015","015",52,60,5,34,0,0,0,0,1,0,35,3,0,1,1,0,0,13,2,17,2,1,3,35,3,35,112,46.4,35,37.1,1
"07010100010210001600","070101000102100016 , Callao,Callao,Callao,Centro Poblado: Callao,Mza: 016","016",47,61,1,39,0,0,0,0,0,0,35,2,2,0,1,0,0,9,10,15,1,0,3,35,3,35,108,43.5,35,25.7,1
"07010100010210001700","070101000102100017 , Callao,Callao,Callao,Centro Poblado: Callao,Mza: 017","017",45,57,3,35,0,0,0,0,0,0,32,1,4,0,1,0,0,6,9,15,2,0,3,32,3,33,102,44.1,32,18.8,1
"07010100010210001800","070101000102100018 , Callao,Callao,Callao,Centro Poblado: Callao,Mza: 018","018",50,52,2,39,0,1,0,0,1,0,31,3,3,0,5,0,1,4,10,13,4,0,4,31,3,33,102,49,31,12.9,0.75
"07010100010210001900","070101000102100019 , Callao,Callao,Callao,Centro Poblado: Callao,Mza: 019","019",41,44,0,35,0,1,0,0,0,0,25,3,8,0,0,0,0,5,12,5,3,0,4,25,3,25,85,48.2,25,20,0.75
"07010100010210002000","070101000102100020 , Callao,Callao,Callao,Centro Poblado: Callao,Mza: 020","020",51,55,1,31,0,2,0,0,1,0,30,2,2,0,0,0,1,7,7,15,1,0,3,30,4,30,106,48.1,30,23.3,1.33
"07010100010210002100","070101000102100021 , Callao,Callao,Callao,Centro Poblado: Callao,Mza: 021","021",66,85,15,42,0,0,0,0,0,0,42,4,7,0,3,0,1,9,12,20,1,0,3,42,4,43,151,43.7,42,21.4,1.33
"07010100010210002300","070101000102100023 , Callao,Callao,Callao,Centro Poblado: Callao,Mza: 023","023",54,50,0,28,0,0,0,0,0,0,26,1,0,0,1,0,0,3,15,8,0,0,4,26,4,26,104,51.9,26,11.5,1
"07010100010210002400","070101000102100024 , Callao,Callao,Callao,Centro Poblado: Callao,Mza: 024","024",123,151,4,82,0,0,0,0,0,0,74,5,0,0,5,0,2,17,20,34,3,0,4,74,4,76,274,44.9,74,23,1
"07010100010210002500","070101000102100025 , Callao,Callao,Callao,Centro Poblado: Callao,Mza: 025","025",107,111,0,69,0,0,0,0,0,0,59,5,0,0,4,1,0,8,8,40,3,0,3,59,4,62,218,49.1,59,13.6,1.33
"07010100010210002700","070101000102100027 , Callao,Callao,Callao,Centro Poblado: Callao,Mza: 027","027",95,122,0,74,0,0,0,0,0,0,63,4,0,2,4,1,0,10,10,42,1,0,4,63,3,68,217,43.8,63,15.9,0.75
"07010100010210002800","070101000102100028 , Callao,Callao,Callao,Centro Poblado: Callao,Mza: 028","028",77,82,0,46,0,0,0,0,0,0,40,0,0,0,5,0,1,7,8,23,2,0,4,40,4,43,159,48.4,40,17.5,1
"07010100010210002900","070101000102100029 , Callao,Callao,Callao,Centro Poblado: Callao,Mza: 029","029",166,152,0,95,0,0,0,0,0,0,86,4,2,0,2,0,1,16,16,46,8,0,4,86,4,89,318,52.2,86,18.6,1
"07010100010210003000","070101000102100030 , Callao,Callao,Callao,Centro Poblado: Callao,Mza: 030","030",64,64,0,44,0,0,0,0,0,0,39,3,1,0,1,0,0,7,9,20,3,0,5,39,3,39,128,50,39,17.9,0.6
"07010100010210003100","070101000102100031 , Callao,Callao,Callao,Centro Poblado: Callao,Mza: 031","031",82,92,4,58,0,0,0,0,1,0,50,5,6,1,1,0,0,13,15,21,1,0,4,50,3,50,174,47.1,50,26,0.75
"07010100010210003200","070101000102100032 , Callao,Callao,Callao,Centro Poblado: Callao,Mza: 032","032",96,105,2,58,0,0,1,0,0,0,56,3,0,0,0,0,1,13,8,33,2,0,3,56,3,58,201,47.8,56,23.2,1
"07010100010210003400","070101000102100034 , Callao,Callao,Callao,Centro Poblado: Callao,Mza: 034","034",111,109,3,68,0,0,0,0,0,0,61,4,4,0,0,0,2,13,7,40,1,0,3,61,4,62,220,50.5,61,21.3,1.33
"07010100010210003500","070101000102100035 , Callao,Callao,Callao,Centro Poblado: Callao,Mza: 035","035",95,91,0,69,0,0,0,0,0,0,53,3,5,2,5,0,1,11,10,29,3,0,4,53,3,54,186,51.1,53,20.8,0.75
"07010100010210003700","070101000102100037 , Callao,Callao,Callao,Centro Poblado: Callao,Mza: 037","037",88,113,7,65,0,0,0,0,0,0,64,5,0,1,1,0,1,13,21,28,2,0,4,64,3,66,201,43.8,64,20.3,0.75
"07010100010210003800","070101000102100038 , Callao,Callao,Callao,Centro Poblado: Callao,Mza: 038","038",77,104,2,70,0,0,0,0,0,0,59,3,0,5,0,1,4,17,20,17,5,0,3,59,3,59,181,42.5,59,28.8,1
"07010100010210003900","070101000102100039 , Callao,Callao,Callao,Centro Poblado: Callao,Mza: 039","039",81,93,6,60,0,0,0,0,0,0,54,3,3,0,3,0,3,12,17,24,1,0,3,54,3,56,174,46.6,54,22.2,1
"07010100010210004000","070101000102100040 , Callao,Callao,Callao,Centro Poblado: Callao,Mza: 040","040",98,87,0,67,0,0,0,0,0,0,57,5,0,0,5,0,0,17,15,25,0,0,3,57,3,58,185,53,57,29.8,1
"07010100010210004100","070101000102100041 , Callao,Callao,Callao,Centro Poblado: Callao,Mza: 041","041",99,111,1,82,0,0,0,0,0,0,62,6,5,6,4,0,0,17,1,41,3,0,3,62,3,62,210,47.1,62,27.4,1
"07010100010210004300","070101000102100043 , Callao,Callao,Callao,Centro Poblado: Callao,Mza: 043","043",132,146,0,71,0,0,0,0,0,0,60,4,0,0,5,0,2,11,11,36,2,0,3,60,4,65,278,47.5,60,18.3,1.33
"07010100010210004400","070101000102100044 , Callao,Callao,Callao,Centro Poblado: Callao,Mza: 044","044",100,130,0,69,0,0,0,0,0,0,64,3,0,0,2,0,0,10,17,35,2,0,3,64,4,64,230,43.5,64,15.6,1.33
"07010100010210004600","070101000102100046 , Callao,Callao,Callao,Centro Poblado: Callao,Mza: 046","046",114,125,4,67,0,0,0,0,0,0,63,2,2,0,2,0,2,16,15,29,3,0,3,63,4,64,239,47.7,63,25.4,1.33
"07010100010210004700","070101000102100047 , Callao,Callao,Callao,Centro Poblado: Callao,Mza: 047","047",95,111,0,78,0,0,0,0,0,0,63,7,5,0,2,0,1,15,9,36,3,0,3,63,3,63,206,46.1,63,23.8,1
"07010100010210004900","070101000102100049 , Callao,Callao,Callao,Centro Poblado: Callao,Mza: 049","049",106,97,0,78,0,0,0,0,0,0,59,8,7,0,3,0,1,13,12,32,2,0,3,59,3,62,203,52.2,59,22,1
"07010100010210005000","070101000102100050 , Callao,Callao,Callao,Centro Poblado: Callao,Mza: 050","050",37,49,0,32,0,0,0,0,0,0,26,2,4,0,0,0,0,3,5,18,0,0,4,26,3,28,86,43,26,11.5,0.75
"07010100010210005100","070101000102100051 , Callao,Callao,Callao,Centro Poblado: Callao,Mza: 051","051",53,47,1,35,0,0,0,0,0,0,30,2,0,0,4,0,0,8,3,19,0,0,3,30,3,30,100,53,30,26.7,1
"07010100010210005200","070101000102100052 , Callao,Callao,Callao,Centro Poblado: Callao,Mza: 052","052",47,54,0,36,0,0,0,0,0,0,31,3,2,0,0,0,0,11,6,12,2,0,3,31,3,31,101,46.5,31,35.5,1
"07010100010210005300","070101000102100053 , Callao,Callao,Callao,Centro Poblado: Callao,Mza: 053","053",52,57,0,37,0,0,0,0,0,0,29,3,4,0,1,0,0,3,10,14,2,0,3,29,4,29,109,47.7,29,10.3,1.33
"07010100010210005400","070101000102100054 , Callao,Callao,Callao,Centro Poblado: Callao,Mza: 054","054",47,38,2,39,0,0,0,0,0,0,29,3,6,0,1,0,2,10,8,11,0,0,3,29,3,29,85,55.3,29,34.5,1
"07010100010210005500","070101000102100055 , Callao,Callao,Callao,Centro Poblado: Callao,Mza: 055","055",51,47,2,42,0,0,0,0,0,0,31,4,3,0,5,0,1,6,4,20,1,0,3,31,3,31,98,52,31,19.4,1
"07010100010210005600","070101000102100056 , Callao,Callao,Callao,Centro Poblado: Callao,Mza: 056","056",45,70,0,36,0,0,0,0,0,0,36,0,0,0,0,0,0,15,10,11,0,0,3,36,3,36,115,39.1,36,41.7,1
"07010100010210005700","070101000102100057 , Callao,Callao,Callao,Centro Poblado: Callao,Mza: 057","057",55,60,0,37,0,0,0,0,0,0,33,2,1,0,1,0,0,13,7,9,4,0,3,33,3,33,115,47.8,33,39.4,1
"07010100010210005800","070101000102100058 , Callao,Callao,Callao,Centro Poblado: Callao,Mza: 058","058",45,51,0,40,0,0,0,0,0,0,31,4,1,1,3,0,0,8,6,16,1,0,3,31,3,31,96,46.9,31,25.8,1
"07010100010210005900","070101000102100059 , Callao,Callao,Callao,Centro Poblado: Callao,Mza: 059","059",43,64,1,30,0,0,0,0,3,0,31,0,0,0,3,0,0,9,8,12,2,0,3,31,3,31,107,40.2,31,29,1
"07010100010210088888","0701010001021008888, Callao,Callao,Callao,Centro Poblado: Callao,Mza: 8888","8888",12,7,4,2,0,0,0,0,0,0,5,1,0,0,0,0,0,1,0,3,1,0,3,5,4,5,19,63.2,5,20,1.33
"07010100010220000100","070101000102200001 , Callao,Callao,Callao,Centro Poblado: Callao,Mza: 001","001",50,60,4,29,0,0,0,0,0,0,32,1,0,0,0,0,0,7,2,22,1,0,3,32,3,32,110,45.5,32,21.9,1
"07010100010220000200","070101000102200002 , Callao,Callao,Callao,Centro Poblado: Callao,Mza: 002","002",108,124,3,67,0,0,0,0,0,0,62,2,0,0,5,0,1,11,13,36,2,0,4,62,3,70,232,46.6,62,17.7,0.75
"07010100010220000300","070101000102200003 , Callao,Callao,Callao,Centro Poblado: Callao,Mza: 003","003",89,93,2,60,0,0,0,0,0,0,57,2,1,0,1,0,1,11,14,28,4,0,3,57,3,57,182,48.9,57,19.3,1
"07010100010220000500","070101000102200005 , Callao,Callao,Callao,Centro Poblado: Callao,Mza: 005","005",112,111,1,66,0,0,0,0,0,0,63,3,0,0,0,0,1,10,11,41,0,1,4,63,3,64,223,50.2,63,15.9,0.75
"07010100010220000600","070101000102200006 , Callao,Callao,Callao,Centro Poblado: Callao,Mza: 006","006",132,149,2,81,0,0,0,0,0,0,78,2,1,0,0,0,2,16,15,44,3,0,4,78,4,78,281,47,78,20.5,1
"07010100010220000800","070101000102200008 , Callao,Callao,Callao,Centro Poblado: Callao,Mza: 008","008",31,35,0,21,0,0,0,0,0,0,19,0,2,0,0,0,0,5,3,11,0,0,4,19,3,19,66,47,19,26.3,0.75
"07010100010220000900","070101000102200009 , Callao,Callao,Callao,Centro Poblado: Callao,Mza: 009","009",69,71,7,41,0,0,0,0,0,0,42,4,2,0,0,0,0,14,20,7,1,0,3,42,3,43,140,49.3,42,33.3,1
"07010100010220001000","070101000102200010 , Callao,Callao,Callao,Centro Poblado: Callao,Mza: 010","010",80,91,5,51,0,0,0,0,0,0,52,2,0,0,2,0,0,18,27,7,0,0,3,52,3,52,171,46.8,52,34.6,1
"07010100010220001200","070101000102200012 , Callao,Callao,Callao,Centro Poblado: Callao,Mza: 012","012",29,30,0,28,0,0,0,0,0,0,21,2,1,0,1,0,3,7,9,5,0,0,3,21,3,22,59,49.2,21,33.3,1
"07010100010220001400","070101000102200014 , Callao,Callao,Callao,Centro Poblado: Callao,Mza: 014","014",57,65,0,43,0,0,0,0,0,0,37,4,2,0,0,0,0,11,18,5,3,0,3,37,3,37,122,46.7,37,29.7,1
"07010100010220001600","070101000102200016 , Callao,Callao,Callao,Centro Poblado: Callao,Mza: 016","016",75,87,0,55,0,0,0,0,0,0,51,4,0,0,0,0,0,14,29,7,1,0,3,51,3,51,162,46.3,51,27.5,1
"07010100010220001700","070101000102200017 , Callao,Callao,Callao,Centro Poblado: Callao,Mza: 017","017",83,90,0,69,0,0,0,0,0,0,58,7,3,0,1,0,0,10,37,11,0,0,3,58,3,58,173,48,58,17.2,1
"07010100010220001800","070101000102200018 , Callao,Callao,Callao,Centro Poblado: Callao,Mza: 018","018",118,141,10,78,0,0,0,0,0,0,75,8,5,0,0,0,0,9,51,8,7,0,3,75,3,76,259,45.6,75,12,1
"07010100010220001900","070101000102200019 , Callao,Callao,Callao,Centro Poblado: Callao,Mza: 019","019",53,50,0,41,0,0,0,0,0,0,30,2,7,0,0,0,2,7,15,5,3,0,3,30,3,30,103,51.5,30,23.3,1
"07010100010220002100","070101000102200021 , Callao,Callao,Callao,Centro Poblado: Callao,Mza: 021","021",141,131,57,34,0,1,2,0,0,0,74,5,6,0,6,0,1,49,6,16,3,0,3,74,3,77,272,51.8,74,66.2,1
"07010100010220002200","070101000102200022 , Callao,Callao,Callao,Centro Poblado: Callao,Mza: 022","022",99,94,57,17,0,0,1,0,0,0,59,4,10,0,0,0,1,12,7,32,8,0,3,59,3,63,193,51.3,59,20.3,1
"07010100010220002300","070101000102200023 , Callao,Callao,Callao,Centro Poblado: Callao,Mza: 023","023",52,58,35,6,0,0,1,0,0,0,38,2,1,0,0,0,0,7,1,25,5,0,2,38,3,39,110,47.3,38,18.4,1.5
"07010100010220002400","070101000102200024 , Callao,Callao,Callao,Centro Poblado: Callao,Mza: 024","024",161,150,104,4,0,0,1,0,0,0,95,6,6,0,0,0,1,26,24,39,6,0,3,95,3,102,311,51.8,95,27.4,1
"07010100010220002500","070101000102200025 , Callao,Callao,Callao,Centro Poblado: Callao,Mza: 025","025",144,139,83,10,0,0,1,0,0,0,72,6,11,0,3,1,0,20,7,44,1,0,3,72,4,76,283,50.9,72,27.8,1.33
"07010100010220002800","070101000102200028 , Callao,Callao,Callao,Centro Poblado: Callao,Mza: 028","028",117,128,54,10,10,0,0,0,0,0,65,4,2,1,0,0,2,42,4,15,4,0,3,65,3,72,245,47.8,65,64.6,1
"07010100010220002900","070101000102200029 , Callao,Callao,Callao,Centro Poblado: Callao,Mza: 029","029",248,246,87,55,1,0,1,0,0,0,140,0,0,0,3,0,0,60,33,38,9,0,3,140,3,145,494,50.2,140,42.9,1
"07010100010220003000","070101000102200030 , Callao,Callao,Callao,Centro Poblado: Callao,Mza: 030","030",89,98,23,29,0,0,2,0,0,0,52,0,0,0,0,0,0,23,9,20,0,0,3,52,3,55,187,47.6,52,44.2,1
"07010100010220003100","070101000102200031 , Callao,Callao,Callao,Centro Poblado: Callao,Mza: 031","031",129,138,61,12,3,0,0,0,0,0,69,2,5,0,0,0,0,26,10,25,8,0,3,69,4,70,267,48.3,69,37.7,1.33
"07010100010220003200","070101000102200032 , Callao,Callao,Callao,Centro Poblado: Callao,Mza: 032","032",131,166,83,2,7,0,0,0,0,0,90,1,0,0,0,1,0,45,21,19,5,0,2,90,3,90,297,44.1,90,50,1.5
"07010100010220003300","070101000102200033 , Callao,Callao,Callao,Centro Poblado: Callao,Mza: 033","033",125,141,59,13,0,0,0,3,0,0,72,0,2,0,1,0,0,26,11,33,2,0,2,72,4,72,266,47,72,36.1,2
"07010100010220003400","070101000102200034 , Callao,Callao,Callao,Centro Poblado: Callao,Mza: 034","034",92,102,61,0,0,0,0,0,0,0,54,4,0,0,2,1,0,15,5,26,8,0,3,54,4,54,194,47.4,54,27.8,1.33
"07010100010220003600","070101000102200036 , Callao,Callao,Callao,Centro Poblado: Callao,Mza: 036","036",213,237,98,8,0,0,1,0,0,0,101,5,0,0,0,0,0,29,16,42,14,0,3,101,4,119,450,47.3,101,28.7,1.33
"07010100010220003700","070101000102200037 , Callao,Callao,Callao,Centro Poblado: Callao,Mza: 037","037",125,131,49,14,0,0,2,0,0,0,62,1,0,0,0,0,0,21,17,20,4,0,3,62,4,71,256,48.8,62,33.9,1.33
"07010100010220003800","070101000102200038 , Callao,Callao,Callao,Centro Poblado: Callao,Mza: 038","038",158,170,54,31,0,0,4,0,0,0,77,6,2,0,0,0,0,31,10,24,12,0,3,77,3,94,328,48.2,77,40.3,1
"07010100010220003900","070101000102200039 , Callao,Callao,Callao,Centro Poblado: Callao,Mza: 039","039",110,104,28,35,0,0,3,0,0,0,61,0,2,0,0,0,0,36,4,20,1,0,3,61,3,64,214,51.4,61,59,1
"07010100010220004000","070101000102200040 , Callao,Callao,Callao,Centro Poblado: Callao,Mza: 040","040",97,91,50,0,0,0,1,0,0,0,42,3,5,0,0,0,0,14,6,15,7,0,3,42,4,43,188,51.6,42,33.3,1.33
"07010100010220004100","070101000102200041 , Callao,Callao,Callao,Centro Poblado: Callao,Mza: 041","041",124,133,73,7,0,0,0,0,0,0,76,4,0,0,0,0,0,27,20,25,4,0,3,76,3,76,257,48.2,76,35.5,1
"07010100010220004200","070101000102200042 , Callao,Callao,Callao,Centro Poblado: Callao,Mza: 042","042",67,65,48,0,0,0,1,0,0,0,38,3,7,0,0,0,0,17,3,14,4,0,3,38,3,39,132,50.8,38,44.7,1
"07010100010220004300","070101000102200043 , Callao,Callao,Callao,Centro Poblado: Callao,Mza: 043","043",150,136,63,17,0,0,0,0,0,0,79,1,0,0,0,0,0,37,7,28,7,0,3,79,4,80,286,52.4,79,46.8,1.33
"07010100010220004700","070101000102200047 , Callao,Callao,Callao,Centro Poblado: Callao,Mza: 047","047",180,195,83,25,0,0,3,0,1,0,102,7,0,0,0,0,0,44,16,30,12,0,3,102,3,108,375,48,102,43.1,1
"07010100010220004800","070101000102200048 , Callao,Callao,Callao,Centro Poblado: Callao,Mza: 048","048",86,101,34,23,0,0,0,0,0,0,53,4,0,0,0,0,0,18,10,18,6,1,3,53,3,57,187,46,53,34,1
"07010100010220004900","070101000102200049 , Callao,Callao,Callao,Centro Poblado: Callao,Mza: 049","049",165,161,59,21,0,0,0,0,0,0,77,1,2,0,0,0,0,26,13,34,4,0,4,77,4,93,326,50.6,77,33.8,1
"07010100010220005100","070101000102200051 , Callao,Callao,Callao,Centro Poblado: Callao,Mza: 051","051",67,69,29,6,0,0,0,0,0,0,34,1,0,0,0,0,0,12,1,14,7,0,4,34,4,36,136,49.3,34,35.3,1
"07010100010220005200","070101000102200052 , Callao,Callao,Callao,Centro Poblado: Callao,Mza: 052","052",201,203,62,65,0,0,1,2,0,0,109,14,4,0,1,0,1,62,12,26,9,0,3,109,3,120,404,49.8,109,56.9,1
"07010100010220005300","070101000102200053 , Callao,Callao,Callao,Centro Poblado: Callao,Mza: 053","053",85,99,33,10,0,0,1,0,0,0,43,0,0,0,0,0,0,11,12,15,5,0,3,43,4,47,184,46.2,43,25.6,1.33
"07010100010220005500","070101000102200055 , Callao,Callao,Callao,Centro Poblado: Callao,Mza: 055","055",24,19,12,2,0,0,0,0,0,0,13,0,1,0,0,0,0,3,3,6,1,0,4,13,3,16,43,55.8,13,23.1,0.75
"07010100010220005600","070101000102200056 , Callao,Callao,Callao,Centro Poblado: Callao,Mza: 056","056",145,134,50,17,0,0,4,0,0,0,64,2,0,0,1,0,0,23,12,21,8,0,3,64,3,79,279,52,64,35.9,1
"07010100010220005700","070101000102200057 , Callao,Callao,Callao,Centro Poblado: Callao,Mza: 057","057",114,125,48,7,0,0,0,0,0,0,55,0,0,0,0,0,0,16,10,22,7,0,3,55,4,63,239,47.7,55,29.1,1.33
"07010100010220005800","070101000102200058 , Callao,Callao,Callao,Centro Poblado: Callao,Mza: 058","058",137,141,70,16,0,0,0,0,0,0,84,1,0,0,0,0,1,37,6,29,12,0,3,84,3,84,278,49.3,84,44,1
"07010100010220088888","0701010001022008888, Callao,Callao,Callao,Centro Poblado: Callao,Mza: 8888","8888",5,2,5,0,0,0,0,0,0,0,5,0,0,0,0,0,0,0,0,4,1,0,2,5,1,5,7,71.4,5,0,0.5
"07010100010230000100","070101000102300001 , Callao,Callao,Callao,Centro Poblado: Callao,Mza: 001","001",137,152,70,18,2,0,2,0,0,0,87,0,2,0,0,1,0,41,12,23,11,0,3,87,3,90,289,47.4,87,47.1,1
"07010100010230000200","070101000102300002 , Callao,Callao,Callao,Centro Poblado: Callao,Mza: 002","002",102,124,35,31,0,0,3,0,0,0,66,0,0,0,0,0,0,30,6,22,8,0,3,66,3,70,226,45.1,66,45.5,1
"07010100010230000300","070101000102300003 , Callao,Callao,Callao,Centro Poblado: Callao,Mza: 003","003",92,86,32,22,0,0,1,6,0,0,51,3,2,0,3,0,1,22,7,20,2,0,3,51,3,53,178,51.7,51,43.1,1
"07010100010230000400","070101000102300004 , Callao,Callao,Callao,Centro Poblado: Callao,Mza: 004","004",81,70,34,17,0,0,0,0,0,0,41,2,3,0,5,0,0,19,4,9,9,0,3,41,3,44,151,53.6,41,46.3,1
"07010100010230000500","070101000102300005 , Callao,Callao,Callao,Centro Poblado: Callao,Mza: 005","005",150,133,79,3,0,0,1,0,1,0,75,3,2,2,1,0,0,25,12,34,4,0,3,75,3,76,283,53,75,33.3,1
"07010100010230000700","070101000102300007 , Callao,Callao,Callao,Centro Poblado: Callao,Mza: 007","007",90,111,47,14,0,0,0,9,0,0,67,3,0,0,0,0,0,30,10,19,8,0,3,67,3,68,201,44.8,67,44.8,1
"07010100010230000800","070101000102300008 , Callao,Callao,Callao,Centro Poblado: Callao,Mza: 008","008",149,185,49,49,2,0,1,0,0,0,100,0,0,0,0,0,0,65,7,20,8,0,3,100,3,104,334,44.6,100,65,1
"07010100010230000900","070101000102300009 , Callao,Callao,Callao,Centro Poblado: Callao,Mza: 009","009",104,114,56,8,0,0,0,0,0,0,63,0,0,1,0,0,0,29,2,26,6,0,2,63,3,64,218,47.7,63,46,1.5
"07010100010230001000","070101000102300010 , Callao,Callao,Callao,Centro Poblado: Callao,Mza: 010","010",108,138,67,9,0,0,2,0,0,0,74,1,0,0,0,1,0,41,13,19,1,0,3,74,3,81,246,43.9,74,55.4,1
"07010100010230001100","070101000102300011 , Callao,Callao,Callao,Centro Poblado: Callao,Mza: 011","011",164,172,47,8,0,0,8,0,0,0,54,1,0,0,0,0,0,18,11,22,3,0,4,54,4,78,336,48.8,54,33.3,1
"07010100010230001200","070101000102300012 , Callao,Callao,Callao,Centro Poblado: Callao,Mza: 012","012",170,183,85,11,0,0,0,0,0,0,92,2,1,0,1,0,0,29,21,31,11,0,3,92,4,93,353,48.2,92,31.5,1.33
"07010100010230001400","070101000102300014 , Callao,Callao,Callao,Centro Poblado: Callao,Mza: 014","014",191,222,103,20,0,0,4,0,0,0,111,8,4,0,0,0,0,57,17,29,8,0,3,111,3,120,413,46.2,111,51.4,1
"07010100010230001500","070101000102300015 , Callao,Callao,Callao,Centro Poblado: Callao,Mza: 015","015",218,215,133,8,0,0,2,0,1,0,125,9,7,0,1,0,0,65,18,28,14,0,3,125,3,135,433,50.3,125,52,1
"07010100010230001600","070101000102300016 , Callao,Callao,Callao,Centro Poblado: Callao,Mza: 016","016",94,93,45,14,0,0,0,0,0,0,57,0,0,0,2,0,0,30,9,13,5,0,2,57,3,58,187,50.3,57,52.6,1.5
"07010100010230001700","070101000102300017 , Callao,Callao,Callao,Centro Poblado: Callao,Mza: 017","017",215,208,109,15,0,0,0,8,0,0,123,8,1,0,0,0,0,55,12,47,9,0,3,123,3,144,423,50.8,123,44.7,1
"07010100010230002000","070101000102300020 , Callao,Callao,Callao,Centro Poblado: Callao,Mza: 020","020",88,81,38,9,0,0,1,4,0,0,51,0,0,0,0,0,0,28,7,13,3,0,3,51,3,52,169,52.1,51,54.9,1
"07010100010230002100","070101000102300021 , Callao,Callao,Callao,Centro Poblado: Callao,Mza: 021","021",59,74,32,2,0,0,0,0,0,0,30,2,1,0,0,0,1,9,8,11,2,0,4,30,4,34,133,44.4,30,30,1
"07010100010230002200","070101000102300022 , Callao,Callao,Callao,Centro Poblado: Callao,Mza: 022","022",108,115,46,25,0,0,0,0,0,0,56,2,11,0,2,0,0,30,9,12,5,0,3,56,3,69,223,48.4,56,53.6,1
"07010100010230002300","070101000102300023 , Callao,Callao,Callao,Centro Poblado: Callao,Mza: 023","023",157,172,65,12,0,0,0,0,1,0,60,2,16,0,0,0,0,21,11,25,3,0,4,60,3,105,329,47.7,60,35,0.75
"07010100010230002400","070101000102300024 , Callao,Callao,Callao,Centro Poblado: Callao,Mza: 024","024",35,45,11,4,0,0,0,0,0,0,15,0,0,0,0,0,0,5,1,9,0,0,4,15,4,22,80,43.8,15,33.3,1
"07010100010230002600","070101000102300026 , Callao,Callao,Callao,Centro Poblado: Callao,Mza: 026","026",101,119,46,0,0,0,0,0,0,0,41,1,0,0,2,2,0,10,3,28,0,0,5,41,4,51,220,45.9,41,24.4,0.8
"07010100010230002700","070101000102300027 , Callao,Callao,Callao,Centro Poblado: Callao,Mza: 027","027",34,38,9,0,0,0,0,10,0,0,17,0,0,0,2,0,0,5,4,7,1,0,4,17,4,17,72,47.2,17,29.4,1
"07010100010230002800","070101000102300028 , Callao,Callao,Callao,Centro Poblado: Callao,Mza: 028","028",24,26,17,0,0,0,0,0,0,0,13,1,0,0,2,1,0,4,2,7,0,0,3,13,4,13,50,48,13,30.8,1.33
"07010100010230002900","070101000102300029 , Callao,Callao,Callao,Centro Poblado: Callao,Mza: 029","029",32,47,23,0,0,0,0,0,0,0,22,0,0,0,0,0,1,8,2,11,1,0,3,22,4,22,79,40.5,22,36.4,1.33
"07010100010230003000","070101000102300030 , Callao,Callao,Callao,Centro Poblado: Callao,Mza: 030","030",101,81,34,7,0,0,0,0,0,0,41,0,0,0,0,0,0,6,0,27,8,0,5,41,4,41,182,55.5,41,14.6,0.8
"07010100010230003100","070101000102300031 , Callao,Callao,Callao,Centro Poblado: Callao,Mza: 031","031",36,41,24,3,0,0,0,0,0,0,26,0,0,0,1,0,0,10,3,11,2,0,4,26,3,27,77,46.8,26,38.5,0.75
"07010100010230003300","070101000102300033 , Callao,Callao,Callao,Centro Poblado: Callao,Mza: 033","033",87,77,31,0,0,0,0,0,0,0,30,1,0,0,0,0,0,9,4,16,1,0,5,30,3,47,164,53,30,30,0.6
"07010100010230003400","070101000102300034 , Callao,Callao,Callao,Centro Poblado: Callao,Mza: 034","034",26,43,13,0,0,0,0,0,0,0,12,1,0,0,0,0,0,0,0,11,1,0,5,12,5,15,69,37.7,12,0,1
"07010100010230003500","070101000102300035 , Callao,Callao,Callao,Centro Poblado: Callao,Mza: 035","035",44,36,23,0,0,0,0,0,0,0,23,0,0,0,0,0,0,5,9,8,1,0,3,23,3,25,80,55,23,21.7,1
"07010100010230003600","070101000102300036 , Callao,Callao,Callao,Centro Poblado: Callao,Mza: 036","036",76,80,45,0,0,0,0,0,0,0,42,3,0,0,0,0,0,8,1,29,4,0,4,42,3,50,156,48.7,42,19,0.75
"07010100010230003700","070101000102300037 , Callao,Callao,Callao,Centro Poblado: Callao,Mza: 037","037",40,37,24,0,0,0,0,0,0,0,20,1,3,0,0,0,0,6,1,13,0,0,4,20,3,26,77,51.9,20,30,0.75
"07010100010230003800","070101000102300038 , Callao,Callao,Callao,Centro Poblado: Callao,Mza: 038","038",66,80,34,0,0,0,0,0,0,0,29,1,2,1,1,0,0,9,2,15,3,0,4,29,4,33,146,45.2,29,31,1
"07010100010230003900","070101000102300039 , Callao,Callao,Callao,Centro Poblado: Callao,Mza: 039","039",45,49,9,12,0,0,0,0,0,0,21,0,0,0,0,0,0,6,3,12,0,0,4,21,4,23,94,47.9,21,28.6,1
"07010100010230004100","070101000102300041 , Callao,Callao,Callao,Centro Poblado: Callao,Mza: 041","041",25,26,10,0,0,0,0,0,0,0,8,1,0,0,0,0,1,0,0,6,2,0,4,8,5,10,51,49,8,0,1.25
"07010100010230004200","070101000102300042 , Callao,Callao,Callao,Centro Poblado: Callao,Mza: 042","042",43,46,26,0,2,0,1,0,0,0,28,0,0,0,0,0,0,5,8,14,1,0,3,28,3,33,89,48.3,28,17.9,1
"07010100010230004300","070101000102300043 , Callao,Callao,Callao,Centro Poblado: Callao,Mza: 043","043",19,21,8,0,0,0,0,0,0,0,8,0,0,0,0,0,0,1,3,4,0,0,4,8,3,12,40,47.5,8,12.5,0.75
"07010100010230004400","070101000102300044 , Callao,Callao,Callao,Centro Poblado: Callao,Mza: 044","044",32,26,13,0,0,0,0,0,0,0,13,0,0,0,0,0,0,2,3,8,0,0,4,13,3,17,58,55.2,13,15.4,0.75
"07010100010230004500","070101000102300045 , Callao,Callao,Callao,Centro Poblado: Callao,Mza: 045","045",103,99,37,0,0,0,1,0,0,0,37,0,0,0,0,0,0,6,7,22,2,0,4,37,4,52,202,51,37,16.2,1
"07010100010230004600","070101000102300046 , Callao,Callao,Callao,Centro Poblado: Callao,Mza: 046","046",42,52,14,4,0,0,0,0,0,0,16,1,0,0,1,0,0,5,0,10,1,0,4,16,5,20,94,44.7,16,31.2,1.25
"07010100010230004700","070101000102300047 , Callao,Callao,Callao,Centro Poblado: Callao,Mza: 047","047",88,85,35,13,0,0,0,0,0,0,45,2,0,0,0,0,1,8,4,29,4,0,5,45,3,52,173,50.9,45,17.8,0.6
"07010100010230004800","070101000102300048 , Callao,Callao,Callao,Centro Poblado: Callao,Mza: 048","048",56,51,34,8,0,0,0,0,0,0,38,2,2,0,0,0,0,23,5,9,1,0,3,38,3,38,107,52.3,38,60.5,1
"07010100010230004900","070101000102300049 , Callao,Callao,Callao,Centro Poblado: Callao,Mza: 049","049",98,108,55,4,0,0,0,0,0,0,56,1,1,0,1,0,0,12,9,31,4,0,4,56,3,65,206,47.6,56,21.4,0.75
"07010100010230005000","070101000102300050 , Callao,Callao,Callao,Centro Poblado: Callao,Mza: 050","050",43,50,25,0,0,0,0,0,0,0,25,0,0,0,0,0,0,3,0,17,5,0,4,25,3,27,93,46.2,25,12,0.75
"07010100010230005100","070101000102300051 , Callao,Callao,Callao,Centro Poblado: Callao,Mza: 051","051",76,74,23,6,0,0,0,0,0,0,29,0,0,0,0,0,0,2,11,14,2,0,4,29,4,42,150,50.7,29,6.9,1
"07010100010230005200","070101000102300052 , Callao,Callao,Callao,Centro Poblado: Callao,Mza: 052","052",37,29,20,0,0,0,0,0,0,0,20,0,0,0,0,0,0,9,4,6,1,0,3,20,3,24,66,56.1,20,45,1
"07010100010230005300","070101000102300053 , Callao,Callao,Callao,Centro Poblado: Callao,Mza: 053","053",38,62,16,14,0,0,0,0,0,0,28,1,0,0,0,0,1,13,2,13,0,0,3,28,3,29,100,38,28,46.4,1
"07010100010230005400","070101000102300054 , Callao,Callao,Callao,Centro Poblado: Callao,Mza: 054","054",43,41,19,2,0,0,0,0,0,0,20,0,0,0,0,0,1,3,1,13,3,0,5,20,4,23,84,51.2,20,15,0.8
"07010100010230005500","070101000102300055 , Callao,Callao,Callao,Centro Poblado: Callao,Mza: 055","055",151,159,57,0,0,0,0,0,0,0,57,0,0,0,0,0,0,5,12,33,7,0,4,57,4,80,310,48.7,57,8.8,1
"07010100010230005600","070101000102300056 , Callao,Callao,Callao,Centro Poblado: Callao,Mza: 056","056",56,58,16,4,0,0,0,0,0,0,18,1,0,0,1,0,0,2,2,12,2,0,5,18,5,21,114,49.1,18,11.1,1
"07010100010230005700","070101000102300057 , Callao,Callao,Callao,Centro Poblado: Callao,Mza: 057","057",52,50,24,0,0,0,0,0,0,0,22,1,0,0,1,0,0,11,0,11,0,0,3,22,3,30,102,51,22,50,1
"07010100010230088888","0701010001023008888, Callao,Callao,Callao,Centro Poblado: Callao,Mza: 8888","8888",37,24,11,2,0,0,0,0,1,0,11,3,0,0,0,0,0,0,0,6,5,0,4,11,5,12,61,60.7,11,0,1.25
"07010100010240000100","070101000102400001 , Callao,Callao,Callao,Centro Poblado: Callao,Mza: 001","001",68,72,39,3,0,0,1,0,0,0,38,2,0,1,0,0,1,12,8,10,8,0,4,38,3,45,140,48.6,38,31.6,0.75
"07010100010240000200","070101000102400002 , Callao,Callao,Callao,Centro Poblado: Callao,Mza: 002","002",72,66,22,8,0,0,1,0,0,0,28,2,0,0,0,0,0,5,5,16,2,0,4,28,4,33,138,52.2,28,17.9,1
"07010100010240000300","070101000102400003 , Callao,Callao,Callao,Centro Poblado: Callao,Mza: 003","003",94,92,34,16,0,0,2,0,1,0,42,3,5,0,0,1,0,17,7,16,2,0,3,42,3,54,186,50.5,42,40.5,1
"07010100010240000500","070101000102400005 , Callao,Callao,Callao,Centro Poblado: Callao,Mza: 005","005",31,30,7,8,0,0,0,0,1,0,15,0,1,0,0,0,0,2,0,8,5,0,4,15,4,16,61,50.8,15,13.3,1
"07010100010240000600","070101000102400006 , Callao,Callao,Callao,Centro Poblado: Callao,Mza: 006","006",39,29,23,3,0,0,0,0,0,0,22,1,0,3,0,0,0,5,0,15,2,0,2,22,3,22,68,57.4,22,22.7,1.5
"07010100010240000700","070101000102400007 , Callao,Callao,Callao,Centro Poblado: Callao,Mza: 007","007",65,70,39,0,0,0,0,0,0,0,34,1,0,2,2,0,0,4,2,23,5,0,5,34,4,38,135,48.1,34,11.8,0.8
"07010100010240000800","070101000102400008 , Callao,Callao,Callao,Centro Poblado: Callao,Mza: 008","008",71,73,32,0,0,0,0,8,0,0,37,1,2,0,0,0,0,6,0,27,4,0,3,37,3,42,144,49.3,37,16.2,1
"07010100010240000900","070101000102400009 , Callao,Callao,Callao,Centro Poblado: Callao,Mza: 009","009",25,24,14,0,0,0,0,0,0,0,13,1,0,0,0,0,0,4,1,8,0,0,5,13,4,13,49,51,13,30.8,0.8
"07010100010240001000","070101000102400010 , Callao,Callao,Callao,Centro Poblado: Callao,Mza: 010","010",22,20,12,0,0,0,0,0,0,0,12,0,0,0,0,0,0,3,0,9,0,0,3,12,4,12,42,52.4,12,25,1.33
"07010100010240001400","070101000102400014 , Callao,Callao,Callao,Centro Poblado: Callao,Mza: 014","014",67,73,34,0,0,0,0,0,0,0,32,1,0,0,1,0,0,8,5,17,2,0,4,32,4,37,140,47.9,32,25,1
"07010100010240001500","070101000102400015 , Callao,Callao,Callao,Centro Poblado: Callao,Mza: 015","015",101,129,68,5,0,0,0,0,0,0,67,4,2,0,0,0,0,22,11,28,6,0,4,67,3,69,230,43.9,67,32.8,0.75
"07010100010240001700","070101000102400017 , Callao,Callao,Callao,Centro Poblado: Callao,Mza: 017","017",55,78,35,12,0,0,0,0,0,0,39,0,6,0,1,1,0,14,3,18,4,0,3,39,3,40,133,41.4,39,35.9,1
"07010100010240001800","070101000102400018 , Callao,Callao,Callao,Centro Poblado: Callao,Mza: 018","018",109,120,55,14,0,0,1,0,1,0,70,0,0,0,0,0,0,39,5,18,8,0,3,70,3,73,229,47.6,70,55.7,1
"07010100010240001900","070101000102400019 , Callao,Callao,Callao,Centro Poblado: Callao,Mza: 019","019",89,105,31,29,0,0,0,0,0,0,46,2,6,1,4,0,1,14,8,23,1,0,3,46,4,52,194,45.9,46,30.4,1.33
"07010100010240002000","070101000102400020 , Callao,Callao,Callao,Centro Poblado: Callao,Mza: 020","020",87,85,27,2,8,0,1,4,0,0,36,1,0,0,1,0,3,13,3,14,6,0,3,36,4,43,172,50.6,36,36.1,1.33
"07010100010240002100","070101000102400021 , Callao,Callao,Callao,Centro Poblado: Callao,Mza: 021","021",85,94,38,6,0,0,2,0,0,0,43,1,0,0,0,0,0,15,8,19,1,0,4,43,3,60,179,47.5,43,34.9,0.75
"07010100010240002200","070101000102400022 , Callao,Callao,Callao,Centro Poblado: Callao,Mza: 022","022",78,88,44,12,0,0,0,0,0,0,47,2,7,0,0,0,0,13,18,13,3,0,3,47,3,48,166,47,47,27.7,1
"07010100010240002500","070101000102400025 , Callao,Callao,Callao,Centro Poblado: Callao,Mza: 025","025",34,41,11,0,0,0,0,11,0,0,20,1,0,1,0,0,0,6,0,13,1,0,4,20,4,21,75,45.3,20,30,1
"07010100010240002600","070101000102400026 , Callao,Callao,Callao,Centro Poblado: Callao,Mza: 026","026",32,33,24,2,0,0,0,0,0,0,24,1,1,0,0,0,0,8,1,7,8,0,2,24,3,24,65,49.2,24,33.3,1.5
"07010100010240002700","070101000102400027 , Callao,Callao,Callao,Centro Poblado: Callao,Mza: 027","027",68,75,18,14,0,0,0,0,0,0,32,0,0,0,0,0,0,14,0,12,6,0,4,32,4,34,143,47.6,32,43.8,1
"07010100010240002800","070101000102400028 , Callao,Callao,Callao,Centro Poblado: Callao,Mza: 028","028",26,31,12,4,0,0,0,0,0,0,15,1,0,0,0,0,0,3,0,11,1,0,5,15,3,19,57,45.6,15,20,0.6
"07010100010240002900","070101000102400029 , Callao,Callao,Callao,Centro Poblado: Callao,Mza: 029","029",37,49,12,0,2,0,0,5,0,0,17,1,0,0,0,0,1,7,1,8,1,0,4,17,4,23,86,43,17,41.2,1
"07010100010240003300","070101000102400033 , Callao,Callao,Callao,Centro Poblado: Callao,Mza: 033","033",57,72,11,0,0,0,0,14,0,0,23,0,0,1,0,0,1,9,1,8,5,0,4,23,4,32,129,44.2,23,39.1,1
"07010100010240003400","070101000102400034 , Callao,Callao,Callao,Centro Poblado: Callao,Mza: 034","034",40,45,19,0,0,0,0,0,0,0,18,1,0,0,0,0,0,1,1,16,0,0,6,18,3,25,85,47.1,18,5.6,0.5
"07010100010240003500","070101000102400035 , Callao,Callao,Callao,Centro Poblado: Callao,Mza: 035","035",11,23,8,0,0,0,0,0,0,0,8,0,0,0,0,0,0,1,1,6,0,0,4,8,3,11,34,32.4,8,12.5,0.75
"07010100010240003600","070101000102400036 , Callao,Callao,Callao,Centro Poblado: Callao,Mza: 036","036",42,46,12,0,0,0,0,0,0,0,12,0,0,0,0,0,0,1,1,8,2,0,5,12,4,24,88,47.7,12,8.3,0.8
"07010100010240003700","070101000102400037 , Callao,Callao,Callao,Centro Poblado: Callao,Mza: 037","037",67,94,32,5,5,0,0,2,0,0,42,0,0,1,1,0,0,12,2,20,8,0,3,42,3,50,161,41.6,42,28.6,1
"07010100010240003800","070101000102400038 , Callao,Callao,Callao,Centro Poblado: Callao,Mza: 038","038",86,85,52,1,0,0,0,0,0,0,48,4,0,0,0,0,1,20,5,21,2,0,3,48,4,48,171,50.3,48,41.7,1.33
"07010100010240003900","070101000102400039 , Callao,Callao,Callao,Centro Poblado: Callao,Mza: 039","039",34,43,21,0,0,0,0,0,0,0,21,0,0,0,0,0,0,4,2,11,4,0,3,21,3,24,77,44.2,21,19,1
"07010100010240004200","070101000102400042 , Callao,Callao,Callao,Centro Poblado: Callao,Mza: 042","042",102,96,38,0,0,0,0,0,0,0,38,0,0,0,0,0,0,3,6,26,3,0,4,38,4,49,198,51.5,38,7.9,1
"07010100010240004300","070101000102400043 , Callao,Callao,Callao,Centro Poblado: Callao,Mza: 043","043",40,61,22,4,0,0,0,0,0,0,26,0,0,0,0,0,0,8,5,12,1,0,3,26,4,26,101,39.6,26,30.8,1.33
"07010100010240004400","070101000102400044 , Callao,Callao,Callao,Centro Poblado: Callao,Mza: 044","044",57,47,21,0,0,0,0,0,0,0,21,0,0,0,0,0,0,3,4,12,2,0,5,21,4,26,104,54.8,21,14.3,0.8
"07010100010240004500","070101000102400045 , Callao,Callao,Callao,Centro Poblado: Callao,Mza: 045","045",79,79,42,0,0,0,0,0,0,0,39,3,0,0,0,0,0,4,2,25,8,0,4,39,4,39,158,50,39,10.3,1
"07010100010240004600","070101000102400046 , Callao,Callao,Callao,Centro Poblado: Callao,Mza: 046","046",50,46,16,7,0,0,1,0,0,0,22,0,1,0,0,0,0,8,0,13,1,0,3,22,3,27,96,52.1,22,36.4,1
"07010100010240004701","070101000102400047A, Callao,Callao,Callao,Centro Poblado: Callao,Mza: 047A","047A",59,81,45,0,0,0,0,0,0,0,38,4,1,1,1,0,0,3,8,22,5,0,4,38,4,38,140,42.1,38,7.9,1
"07010100010240004702","070101000102400047B, Callao,Callao,Callao,Centro Poblado: Callao,Mza: 047B","047B",47,45,15,8,0,0,0,0,0,0,20,2,0,0,1,0,0,0,1,19,0,0,4,20,4,25,92,51.1,20,0,1
"07010100010240004800","070101000102400048 , Callao,Callao,Callao,Centro Poblado: Callao,Mza: 048","048",33,37,18,2,0,0,0,0,0,0,19,1,0,0,0,0,0,1,3,11,4,0,4,19,4,19,70,47.1,19,5.3,1
"07010100010240004900","070101000102400049 , Callao,Callao,Callao,Centro Poblado: Callao,Mza: 049","049",29,36,15,3,0,0,0,0,0,0,15,2,1,0,0,0,0,4,4,6,1,0,4,15,4,16,65,44.6,15,26.7,1
"07010100010240005000","070101000102400050 , Callao,Callao,Callao,Centro Poblado: Callao,Mza: 050","050",51,41,23,2,0,0,0,0,0,0,21,0,4,0,0,0,0,0,3,15,3,0,3,21,4,26,92,55.4,21,0,1.33
"07010100010240005100","070101000102400051 , Callao,Callao,Callao,Centro Poblado: Callao,Mza: 051","051",49,59,21,0,0,0,0,0,0,0,20,0,0,0,1,0,0,3,5,11,1,0,4,20,4,26,108,45.4,20,15,1
"07010100010240005200","070101000102400052 , Callao,Callao,Callao,Centro Poblado: Callao,Mza: 052","052",42,52,19,0,0,0,0,0,0,0,18,1,0,0,0,0,0,1,6,8,3,0,4,18,5,19,94,44.7,18,5.6,1.25
"07010100010240005400","070101000102400054 , Callao,Callao,Callao,Centro Poblado: Callao,Mza: 054","054",95,83,43,16,0,0,1,0,0,0,52,5,1,0,1,0,0,23,3,24,2,0,3,52,3,55,178,53.4,52,44.2,1
"07010100010240005500","070101000102400055 , Callao,Callao,Callao,Centro Poblado: Callao,Mza: 055","055",155,150,61,34,0,0,0,0,0,0,84,6,3,0,1,0,1,37,8,30,9,0,3,84,3,90,305,50.8,84,44,1
"07010100010240005600","070101000102400056 , Callao,Callao,Callao,Centro Poblado: Callao,Mza: 056","056",79,70,28,10,0,0,1,0,0,0,36,1,0,0,1,0,0,18,4,14,0,0,3,36,3,42,149,53,36,50,1
"07010100010240088888","0701010001024008888, Callao,Callao,Callao,Centro Poblado: Callao,Mza: 8888","8888",19,15,21,9,0,0,0,0,0,0,21,2,1,6,0,0,0,12,5,0,4,0,2,21,2,21,34,55.9,21,57.1,1
"07010100010250000100","070101000102500001 , Callao,Callao,Callao,Centro Poblado: Callao,Mza: 001","001",100,117,32,18,0,0,2,0,1,0,50,1,0,0,0,0,0,23,8,16,3,0,3,50,3,53,217,46.1,50,46,1
"07010100010250000200","070101000102500002 , Callao,Callao,Callao,Centro Poblado: Callao,Mza: 002","002",97,117,32,15,0,0,3,0,0,0,42,3,1,0,0,0,1,21,7,14,0,0,3,42,4,46,214,45.3,42,50,1.33
"07010100010250000400","070101000102500004 , Callao,Callao,Callao,Centro Poblado: Callao,Mza: 004","004",31,30,17,0,0,0,0,0,0,0,17,0,0,0,0,0,0,11,1,5,0,0,3,17,4,17,61,50.8,17,64.7,1.33
"07010100010250000500","070101000102500005 , Callao,Callao,Callao,Centro Poblado: Callao,Mza: 005","005",119,145,55,19,0,0,0,0,0,0,70,2,0,0,0,0,2,25,13,22,10,0,3,70,4,74,264,45.1,70,35.7,1.33
"07010100010250000600","070101000102500006 , Callao,Callao,Callao,Centro Poblado: Callao,Mza: 006","006",25,28,10,0,0,0,0,0,0,0,10,0,0,0,0,0,0,2,0,8,0,0,4,10,4,15,53,47.2,10,20,1
"07010100010250000700","070101000102500007 , Callao,Callao,Callao,Centro Poblado: Callao,Mza: 007","007",34,39,13,0,0,0,0,0,0,0,13,0,0,0,0,0,0,1,1,11,0,0,3,13,4,17,73,46.6,13,7.7,1.33
"07010100010250000800","070101000102500008 , Callao,Callao,Callao,Centro Poblado: Callao,Mza: 008","008",121,147,36,0,0,0,0,0,0,0,36,0,0,0,0,0,0,2,6,27,1,0,5,36,5,56,268,45.1,36,5.6,1
"07010100010250000900","070101000102500009 , Callao,Callao,Callao,Centro Poblado: Callao,Mza: 009","009",90,86,29,0,0,0,0,0,0,0,29,0,0,0,0,0,0,2,0,24,3,0,4,29,4,50,176,51.1,29,6.9,1
"07010100010250001000","070101000102500010 , Callao,Callao,Callao,Centro Poblado: Callao,Mza: 010","010",45,53,31,0,0,0,0,0,0,0,27,3,1,0,0,0,0,7,6,13,1,0,3,27,4,27,98,45.9,27,25.9,1.33
"07010100010250001100","070101000102500011 , Callao,Callao,Callao,Centro Poblado: Callao,Mza: 011","011",64,56,24,5,0,0,0,0,0,0,28,1,0,0,0,0,0,5,7,14,2,0,3,28,4,31,120,53.3,28,17.9,1.33
"07010100010250001200","070101000102500012 , Callao,Callao,Callao,Centro Poblado: Callao,Mza: 012","012",134,162,38,4,0,0,0,0,0,0,42,0,0,0,0,0,0,5,6,29,2,0,5,42,4,68,296,45.3,42,11.9,0.8
"07010100010250001300","070101000102500013 , Callao,Callao,Callao,Centro Poblado: Callao,Mza: 013","013",89,71,41,3,0,0,1,0,0,0,43,0,1,0,0,0,0,4,6,31,2,0,4,43,4,44,160,55.6,43,9.3,1
"07010100010250001500","070101000102500015 , Callao,Callao,Callao,Centro Poblado: Callao,Mza: 015","015",53,56,21,0,0,0,0,0,0,0,20,1,0,0,0,0,0,2,5,10,3,0,4,20,4,26,109,48.6,20,10,1
"07010100010250001600","070101000102500016 , Callao,Callao,Callao,Centro Poblado: Callao,Mza: 016","016",77,82,44,0,0,0,0,0,0,0,40,3,0,1,0,0,0,5,0,30,5,0,3,40,4,42,159,48.4,40,12.5,1.33
"07010100010250001700","070101000102500017 , Callao,Callao,Callao,Centro Poblado: Callao,Mza: 017","017",92,78,36,5,0,0,0,0,0,0,41,0,0,0,0,0,0,9,9,19,4,0,3,41,4,41,170,54.1,41,22,1.33
"07010100010250001800","070101000102500018 , Callao,Callao,Callao,Centro Poblado: Callao,Mza: 018","018",69,92,34,0,0,0,0,0,0,0,34,0,0,0,0,0,0,1,0,24,9,0,3,34,4,42,161,42.9,34,2.9,1.33
"07010100010250001900","070101000102500019 , Callao,Callao,Callao,Centro Poblado: Callao,Mza: 019","019",154,184,65,13,0,0,0,0,0,0,77,0,0,0,0,0,1,15,3,55,4,0,3,77,4,81,338,45.6,77,19.5,1.33
"07010100010250002000","070101000102500020 , Callao,Callao,Callao,Centro Poblado: Callao,Mza: 020","020",83,102,52,2,0,0,0,0,0,0,50,3,0,0,1,0,0,6,4,30,10,0,3,50,4,51,185,44.9,50,12,1.33
"07010100010250002100","070101000102500021 , Callao,Callao,Callao,Centro Poblado: Callao,Mza: 021","021",111,130,42,8,0,1,0,0,0,0,49,1,1,0,0,0,0,12,5,27,5,0,3,49,4,57,241,46.1,49,24.5,1.33
"07010100010250002300","070101000102500023 , Callao,Callao,Callao,Centro Poblado: Callao,Mza: 023","023",74,75,45,11,0,0,0,0,1,0,34,0,23,0,0,0,0,7,5,21,1,0,3,34,3,45,149,49.7,34,20.6,1
"07010100010250002400","070101000102500024 , Callao,Callao,Callao,Centro Poblado: Callao,Mza: 024","024",52,63,40,0,0,0,0,0,0,0,28,1,11,0,0,0,0,3,0,18,7,0,3,28,4,32,115,45.2,28,10.7,1.33
"07010100010250002500","070101000102500025 , Callao,Callao,Callao,Centro Poblado: Callao,Mza: 025","025",12,18,7,0,1,0,0,0,0,0,8,0,0,0,0,0,0,3,1,4,0,0,4,8,4,8,30,40,8,37.5,1
"07010100010250002600","070101000102500026 , Callao,Callao,Callao,Centro Poblado: Callao,Mza: 026","026",91,81,43,0,0,0,0,0,0,0,39,0,4,0,0,0,0,1,6,28,4,0,4,39,4,43,172,52.9,39,2.6,1
"07010100010250002700","070101000102500027 , Callao,Callao,Callao,Centro Poblado: Callao,Mza: 027","027",95,91,36,3,0,0,0,0,0,0,38,0,0,0,1,0,0,10,9,18,1,0,4,38,5,41,186,51.1,38,26.3,1.25
"07010100010250002900","070101000102500029 , Callao,Callao,Callao,Centro Poblado: Callao,Mza: 029","029",70,83,35,0,0,0,0,0,0,0,35,0,0,0,0,0,0,7,1,18,9,0,3,35,4,41,153,45.8,35,20,1.33
"07010100010250003000","070101000102500030 , Callao,Callao,Callao,Centro Poblado: Callao,Mza: 030","030",50,48,23,0,0,0,0,0,0,0,23,0,0,0,0,0,0,8,0,15,0,0,3,23,4,27,98,51,23,34.8,1.33
"07010100010250003100","070101000102500031 , Callao,Callao,Callao,Centro Poblado: Callao,Mza: 031","031",61,57,31,0,0,0,0,0,0,0,30,0,0,0,1,0,0,6,0,21,3,0,3,30,4,30,118,51.7,30,20,1.33
"07010100010250003200","070101000102500032 , Callao,Callao,Callao,Centro Poblado: Callao,Mza: 032","032",101,113,51,0,0,0,0,0,0,0,49,0,1,0,1,0,0,8,6,29,6,0,3,49,4,57,214,47.2,49,16.3,1.33
"07010100010250003300","070101000102500033 , Callao,Callao,Callao,Centro Poblado: Callao,Mza: 033","033",112,129,64,10,0,0,0,0,0,0,71,2,0,0,1,0,0,26,5,29,11,0,2,71,3,72,241,46.5,71,36.6,1.5
"07010100010250003400","070101000102500034 , Callao,Callao,Callao,Centro Poblado: Callao,Mza: 034","034",55,48,33,0,0,0,0,0,0,0,33,0,0,0,0,0,0,6,14,13,0,0,3,33,3,33,103,53.4,33,18.2,1
"07010100010250003600","070101000102500036 , Callao,Callao,Callao,Centro Poblado: Callao,Mza: 036","036",114,117,34,7,0,0,0,0,0,0,40,1,0,0,0,0,0,12,1,24,3,0,4,40,5,47,231,49.4,40,30,1.25
"07010100010250003800","070101000102500038 , Callao,Callao,Callao,Centro Poblado: Callao,Mza: 038","038",118,116,42,2,0,0,0,0,0,0,43,0,1,0,0,0,0,5,5,31,2,0,4,43,4,56,234,50.4,43,11.6,1
"07010100010250003900","070101000102500039 , Callao,Callao,Callao,Centro Poblado: Callao,Mza: 039","039",67,63,22,0,0,0,0,0,0,0,21,1,0,0,0,0,0,2,1,18,0,0,4,21,4,29,130,51.5,21,9.5,1
"07010100010250004000","070101000102500040 , Callao,Callao,Callao,Centro Poblado: Callao,Mza: 040","040",94,103,40,0,0,0,0,0,0,0,37,1,0,0,0,0,2,9,6,14,8,0,3,37,4,48,197,47.7,37,24.3,1.33
"07010100010250004100","070101000102500041 , Callao,Callao,Callao,Centro Poblado: Callao,Mza: 041","041",95,96,34,2,0,1,0,0,0,0,36,1,0,0,0,0,0,5,6,24,1,0,4,36,5,37,191,49.7,36,13.9,1.25
"07010100010250004200","070101000102500042 , Callao,Callao,Callao,Centro Poblado: Callao,Mza: 042","042",40,41,12,0,0,0,1,2,0,0,14,0,0,0,0,0,0,2,1,11,0,0,3,14,5,15,81,49.4,14,14.3,1.67
"07010100010250004400","070101000102500044 , Callao,Callao,Callao,Centro Poblado: Callao,Mza: 044","044",24,25,13,0,0,1,0,0,0,0,13,1,0,0,0,0,0,6,1,6,0,0,3,13,4,14,49,49,13,46.2,1.33
"07010100010250004500","070101000102500045 , Callao,Callao,Callao,Centro Poblado: Callao,Mza: 045","045",183,204,98,14,0,0,0,0,0,0,99,8,4,1,0,0,0,30,5,52,12,0,2,99,4,107,387,47.3,99,30.3,2
"07010100010250004600","070101000102500046 , Callao,Callao,Callao,Centro Poblado: Callao,Mza: 046","046",63,62,29,2,0,0,0,0,0,0,31,0,0,0,0,0,0,2,10,12,7,0,3,31,4,32,125,50.4,31,6.5,1.33
"07010100010250004800","070101000102500048 , Callao,Callao,Callao,Centro Poblado: Callao,Mza: 048","048",41,49,16,0,0,0,0,0,0,0,16,0,0,0,0,0,0,2,2,8,3,1,3,16,4,20,90,45.6,16,12.5,1.33
"07010100010250004900","070101000102500049 , Callao,Callao,Callao,Centro Poblado: Callao,Mza: 049","049",103,99,36,15,0,0,0,0,0,0,50,1,0,0,0,0,0,7,5,30,6,2,3,50,4,51,202,51,50,14,1.33
"07010100010250005000","070101000102500050 , Callao,Callao,Callao,Centro Poblado: Callao,Mza: 050","050",82,97,42,12,0,0,0,0,0,0,53,0,0,0,1,0,0,23,6,22,2,0,3,53,3,57,179,45.8,53,43.4,1
"07010100010250005100","070101000102500051 , Callao,Callao,Callao,Centro Poblado: Callao,Mza: 051","051",115,126,49,6,0,0,0,0,0,0,53,1,0,0,1,0,0,9,9,29,6,0,3,53,4,58,241,47.7,53,17,1.33
"07010100010250005200","070101000102500052 , Callao,Callao,Callao,Centro Poblado: Callao,Mza: 052","052",122,130,70,0,0,0,0,0,0,0,69,1,0,0,0,0,0,33,1,28,7,0,3,69,3,74,252,48.4,69,47.8,1
"07010100010250005300","070101000102500053 , Callao,Callao,Callao,Centro Poblado: Callao,Mza: 053","053",57,74,34,0,0,0,0,0,0,0,34,0,0,0,0,0,0,1,0,29,4,0,3,34,3,38,131,43.5,34,2.9,1
"07010100010250005400","070101000102500054 , Callao,Callao,Callao,Centro Poblado: Callao,Mza: 054","054",67,60,33,0,0,0,0,0,0,0,31,2,0,0,0,0,0,7,0,17,7,0,2,31,4,31,127,52.8,31,22.6,2
"07010100010250005500","070101000102500055 , Callao,Callao,Callao,Centro Poblado: Callao,Mza: 055","055",48,44,29,0,0,0,0,0,0,0,21,1,6,0,0,0,1,3,4,9,5,0,3,21,4,23,92,52.2,21,14.3,1.33
"07010100010250005600","070101000102500056 , Callao,Callao,Callao,Centro Poblado: Callao,Mza: 056","056",72,73,62,0,0,0,0,0,0,0,45,2,10,0,0,0,5,13,6,15,11,0,2,45,3,45,145,49.7,45,28.9,1.5
"07010100010250088888","0701010001025008888, Callao,Callao,Callao,Centro Poblado: Callao,Mza: 8888","8888",4,5,0,4,0,0,0,0,0,0,4,0,0,0,0,0,0,0,0,1,3,0,2,4,2,4,9,44.4,4,0,1
"07010100010260000100","070101000102600001 , Callao,Callao,Callao,Centro Poblado: Callao,Mza: 001","001",158,158,38,14,0,0,0,0,0,0,52,0,0,0,0,0,0,5,5,32,10,0,4,52,4,77,316,50,52,9.6,1
"07010100010260000200","070101000102600002 , Callao,Callao,Callao,Centro Poblado: Callao,Mza: 002","002",61,74,19,16,0,0,0,0,0,0,35,0,0,0,0,0,0,3,0,26,6,0,3,35,3,42,135,45.2,35,8.6,1
"07010100010260000500","070101000102600005 , Callao,Callao,Callao,Centro Poblado: Callao,Mza: 005","005",85,103,45,0,0,0,0,0,0,0,44,0,0,1,0,0,0,18,4,19,3,0,3,44,4,46,188,45.2,44,40.9,1.33
"07010100010260000600","070101000102600006 , Callao,Callao,Callao,Centro Poblado: Callao,Mza: 006","006",168,165,65,0,0,0,0,0,0,0,62,0,0,0,2,0,1,23,0,31,8,0,3,62,5,64,333,50.5,62,37.1,1.67
"07010100010260000700","070101000102600007 , Callao,Callao,Callao,Centro Poblado: Callao,Mza: 007","007",92,102,43,12,0,0,0,0,0,0,52,1,2,0,0,0,0,20,4,21,7,0,2,52,4,55,194,47.4,52,38.5,2
"07010100010260000800","070101000102600008 , Callao,Callao,Callao,Centro Poblado: Callao,Mza: 008","008",83,91,54,0,0,0,0,0,0,0,54,0,0,0,0,0,0,21,1,26,6,0,2,54,3,56,174,47.7,54,38.9,1.5
"07010100010260000900","070101000102600009 , Callao,Callao,Callao,Centro Poblado: Callao,Mza: 009","009",70,59,33,0,8,0,0,0,0,0,36,4,1,0,0,0,0,9,0,23,4,0,3,36,3,39,129,54.3,36,25,1
"07010100010260001000","070101000102600010 , Callao,Callao,Callao,Centro Poblado: Callao,Mza: 010","010",84,87,31,0,5,0,0,0,0,0,33,3,0,0,0,0,0,14,1,15,3,0,3,33,4,47,171,49.1,33,42.4,1.33
"07010100010260001100","070101000102600011 , Callao,Callao,Callao,Centro Poblado: Callao,Mza: 011","011",119,119,59,9,0,0,0,0,0,0,68,0,0,0,0,0,0,24,2,41,1,0,2,68,3,76,238,50,68,35.3,1.5
"07010100010260001200","070101000102600012 , Callao,Callao,Callao,Centro Poblado: Callao,Mza: 012","012",199,195,90,16,0,1,0,0,0,0,105,2,0,0,0,0,0,19,12,66,8,0,3,105,4,107,394,50.5,105,18.1,1.33
"07010100010260001300","070101000102600013 , Callao,Callao,Callao,Centro Poblado: Callao,Mza: 013","013",103,125,43,7,0,0,0,0,0,0,50,0,0,0,0,0,0,5,2,37,6,0,3,50,4,65,228,45.2,50,10,1.33
"07010100010260001400","070101000102600014 , Callao,Callao,Callao,Centro Poblado: Callao,Mza: 014","014",136,160,56,6,0,0,0,0,0,0,60,2,0,0,0,0,0,13,2,36,9,0,3,60,4,73,296,45.9,60,21.7,1.33
"07010100010260001500","070101000102600015 , Callao,Callao,Callao,Centro Poblado: Callao,Mza: 015","015",48,67,21,13,0,0,0,0,0,0,32,2,0,0,0,0,0,7,4,21,0,0,3,32,4,32,115,41.7,32,21.9,1.33
"07010100010260001700","070101000102600017 , Callao,Callao,Callao,Centro Poblado: Callao,Mza: 017","017",29,25,13,2,0,0,0,0,0,0,13,0,2,0,0,0,0,1,2,8,2,0,3,13,4,13,54,53.7,13,7.7,1.33
"07010100010260001800","070101000102600018 , Callao,Callao,Callao,Centro Poblado: Callao,Mza: 018","018",117,131,50,0,0,0,0,0,0,0,50,0,0,0,0,0,0,10,2,30,8,0,3,50,4,64,248,47.2,50,20,1.33
"07010100010260001900","070101000102600019 , Callao,Callao,Callao,Centro Poblado: Callao,Mza: 019","019",142,142,54,2,0,0,0,0,0,0,55,0,1,0,0,0,0,16,3,34,2,0,4,55,5,57,284,50,55,29.1,1.25
"07010100010260002000","070101000102600020 , Callao,Callao,Callao,Centro Poblado: Callao,Mza: 020","020",59,61,27,0,0,0,0,0,0,0,26,1,0,0,0,0,0,2,2,22,0,0,3,26,4,27,120,49.2,26,7.7,1.33
"07010100010260002100","070101000102600021 , Callao,Callao,Callao,Centro Poblado: Callao,Mza: 021","021",95,78,37,7,0,0,0,0,0,0,42,1,0,0,1,0,0,10,2,24,6,0,3,42,4,42,173,54.9,42,23.8,1.33
"07010100010260002300","070101000102600023 , Callao,Callao,Callao,Centro Poblado: Callao,Mza: 023","023",54,46,30,0,0,0,0,0,0,0,30,0,0,0,0,0,0,7,3,14,6,0,3,30,3,33,100,54,30,23.3,1
"07010100010260002400","070101000102600024 , Callao,Callao,Callao,Centro Poblado: Callao,Mza: 024","024",86,104,40,6,0,0,0,0,0,0,46,0,0,0,0,0,0,8,2,33,3,0,3,46,4,47,190,45.3,46,17.4,1.33
"07010100010260002500","070101000102600025 , Callao,Callao,Callao,Centro Poblado: Callao,Mza: 025","025",76,74,14,13,0,0,0,0,0,0,26,1,0,0,0,0,0,9,1,13,3,0,3,26,4,34,150,50.7,26,34.6,1.33
"07010100010260002600","070101000102600026 , Callao,Callao,Callao,Centro Poblado: Callao,Mza: 026","026",162,175,51,16,0,0,0,0,0,0,64,0,1,0,2,0,0,19,2,37,6,0,3,64,4,76,337,48.1,64,29.7,1.33
"07010100010260002800","070101000102600028 , Callao,Callao,Callao,Centro Poblado: Callao,Mza: 028","028",65,74,24,0,0,0,0,0,0,0,23,1,0,0,0,0,0,2,1,19,1,0,4,23,4,39,139,46.8,23,8.7,1
"07010100010260002900","070101000102600029 , Callao,Callao,Callao,Centro Poblado: Callao,Mza: 029","029",63,58,18,4,0,0,0,0,0,0,20,1,1,0,0,0,0,3,0,15,2,0,4,20,3,38,121,52.1,20,15,0.75
"07010100010260003101","070101000102600031A, Callao,Callao,Callao,Centro Poblado: Callao,Mza: 031A","031A",42,47,10,0,0,0,1,0,0,0,10,0,0,0,0,0,0,2,0,7,1,0,3,10,3,11,89,47.2,10,20,1
"07010100010260003201","070101000102600032A, Callao,Callao,Callao,Centro Poblado: Callao,Mza: 032A","032A",81,85,41,0,0,0,0,0,0,0,40,0,0,0,0,0,1,13,11,16,0,0,3,40,4,45,166,48.8,40,32.5,1.33
"07010100010260003300","070101000102600033 , Callao,Callao,Callao,Centro Poblado: Callao,Mza: 033","033",123,142,53,9,0,0,0,3,0,0,63,2,0,0,0,0,0,29,2,28,4,0,3,63,4,69,265,46.4,63,46,1.33
"07010100010260003400","070101000102600034 , Callao,Callao,Callao,Centro Poblado: Callao,Mza: 034","034",103,136,38,8,0,0,1,0,0,0,45,1,0,0,0,0,0,6,0,34,5,0,3,45,4,52,239,43.1,45,13.3,1.33
"07010100010260003500","070101000102600035 , Callao,Callao,Callao,Centro Poblado: Callao,Mza: 035","035",194,186,72,29,0,0,0,0,0,0,99,1,0,0,0,1,0,29,4,54,12,0,3,99,4,108,380,51.1,99,29.3,1.33
"07010100010260003600","070101000102600036 , Callao,Callao,Callao,Centro Poblado: Callao,Mza: 036","036",78,73,22,19,0,0,0,0,0,0,41,0,0,0,0,0,0,8,2,24,7,0,3,41,3,45,151,51.7,41,19.5,1
"07010100010260003700","070101000102600037 , Callao,Callao,Callao,Centro Poblado: Callao,Mza: 037","037",58,57,29,3,0,0,1,0,0,0,32,0,0,0,0,0,0,10,1,17,4,0,3,32,3,34,115,50.4,32,31.2,1
"07010100010260003900","070101000102600039 , Callao,Callao,Callao,Centro Poblado: Callao,Mza: 039","039",169,201,59,39,1,0,1,2,0,0,97,2,0,1,0,0,1,53,6,35,3,0,3,97,4,100,370,45.7,97,54.6,1.33
"07010100010260004000","070101000102600040 , Callao,Callao,Callao,Centro Poblado: Callao,Mza: 040","040",147,164,57,19,0,0,0,0,0,0,72,3,0,0,1,0,0,14,4,38,16,0,3,72,4,77,311,47.3,72,19.4,1.33
"07010100010260004100","070101000102600041 , Callao,Callao,Callao,Centro Poblado: Callao,Mza: 041","041",145,178,72,1,0,0,0,0,0,0,71,0,0,0,1,0,1,19,4,40,8,0,3,71,4,81,323,44.9,71,26.8,1.33
"07010100010260004200","070101000102600042 , Callao,Callao,Callao,Centro Poblado: Callao,Mza: 042","042",172,189,80,9,0,0,0,2,0,0,89,0,1,0,1,0,0,23,5,52,9,0,3,89,4,95,361,47.6,89,25.8,1.33
"07010100010260004400","070101000102600044 , Callao,Callao,Callao,Centro Poblado: Callao,Mza: 044","044",53,70,28,4,0,0,0,0,0,0,32,0,0,0,0,0,0,10,3,18,1,0,3,32,4,33,123,43.1,32,31.2,1.33
"07010100010260004500","070101000102600045 , Callao,Callao,Callao,Centro Poblado: Callao,Mza: 045","045",68,77,29,9,0,0,0,0,0,0,36,0,1,0,1,0,0,10,5,20,1,0,3,36,4,37,145,46.9,36,27.8,1.33
"07010100010260004600","070101000102600046 , Callao,Callao,Callao,Centro Poblado: Callao,Mza: 046","046",56,71,21,9,0,0,0,0,0,0,29,1,0,0,0,0,0,5,5,18,1,0,4,29,4,31,127,44.1,29,17.2,1
"07010100010260004700","070101000102600047 , Callao,Callao,Callao,Centro Poblado: Callao,Mza: 047","047",75,79,27,9,0,0,0,4,0,0,40,0,0,0,0,0,0,12,1,18,9,0,2,40,4,43,154,48.7,40,30,2
"07010100010260005100","070101000102600051 , Callao,Callao,Callao,Centro Poblado: Callao,Mza: 051","051",109,113,32,14,0,0,0,1,0,0,46,1,0,0,0,0,0,15,3,23,5,0,3,46,5,49,222,49.1,46,32.6,1.67
"07010100010260005200","070101000102600052 , Callao,Callao,Callao,Centro Poblado: Callao,Mza: 052","052",92,80,28,9,0,0,0,2,0,0,39,0,0,0,0,0,0,13,1,23,2,0,3,39,4,40,172,53.5,39,33.3,1.33
"07010100010260005300","070101000102600053 , Callao,Callao,Callao,Centro Poblado: Callao,Mza: 053","053",130,122,63,6,3,0,0,0,0,0,72,0,0,0,0,0,0,24,4,41,3,0,3,72,3,73,252,51.6,72,33.3,1
"07010100010260005400","070101000102600054 , Callao,Callao,Callao,Centro Poblado: Callao,Mza: 054","054",90,105,39,10,0,0,0,0,0,0,47,1,1,0,0,0,0,16,0,20,11,0,3,47,4,48,195,46.2,47,34,1.33
"07010100010260005500","070101000102600055 , Callao,Callao,Callao,Centro Poblado: Callao,Mza: 055","055",50,56,15,13,0,0,0,0,0,0,25,1,2,0,0,0,0,13,0,12,0,0,3,25,4,27,106,47.2,25,52,1.33
"07010100010260005600","070101000102600056 , Callao,Callao,Callao,Centro Poblado: Callao,Mza: 056","056",206,188,68,27,0,0,0,2,0,0,97,0,0,0,0,0,0,45,8,35,9,0,3,97,4,99,394,52.3,97,46.4,1.33
"07010100010260005700","070101000102600057 , Callao,Callao,Callao,Centro Poblado: Callao,Mza: 057","057",146,145,72,9,0,0,0,0,0,0,81,0,0,0,0,0,0,15,11,44,11,0,3,81,4,82,291,50.2,81,18.5,1.33
"07010100010260005800","070101000102600058 , Callao,Callao,Callao,Centro Poblado: Callao,Mza: 058","058",186,192,66,33,0,0,0,0,0,0,97,2,0,0,0,0,0,35,5,54,3,0,3,97,4,99,378,49.2,97,36.1,1.33
"07010100010260005900","070101000102600059 , Callao,Callao,Callao,Centro Poblado: Callao,Mza: 059","059",147,174,85,0,0,0,0,0,0,0,81,4,0,0,0,0,0,17,24,39,1,0,3,81,4,87,321,45.8,81,21,1.33
"07010100010260006000","070101000102600060 , Callao,Callao,Callao,Centro Poblado: Callao,Mza: 060","060",109,104,52,2,0,0,0,0,0,0,53,0,0,1,0,0,0,8,6,37,2,0,3,53,4,56,213,51.2,53,15.1,1.33
"07010100010260006100","070101000102600061 , Callao,Callao,Callao,Centro Poblado: Callao,Mza: 061","061",22,24,16,2,0,0,0,0,0,0,15,0,2,0,1,0,0,7,0,7,1,0,3,15,3,15,46,47.8,15,46.7,1
"07010100010260088888","0701010001026008888, Callao,Callao,Callao,Centro Poblado: Callao,Mza: 8888","8888",4,0,1,0,0,0,1,0,0,0,1,0,0,0,0,0,0,0,0,1,0,0,2,1,0,2,4,100,1,0,0
"07010100010270000100","070101000102700001 , Callao,Callao,Callao,Centro Poblado: Callao,Mza: 001","001",66,77,29,2,0,0,0,0,0,0,31,0,0,0,0,0,0,3,0,22,6,0,3,31,4,36,143,46.2,31,9.7,1.33
"07010100010270000200","070101000102700002 , Callao,Callao,Callao,Centro Poblado: Callao,Mza: 002","002",128,126,50,10,0,0,0,0,0,0,60,0,0,0,0,0,0,5,0,42,13,0,3,60,4,68,254,50.4,60,8.3,1.33
"07010100010270000300","070101000102700003 , Callao,Callao,Callao,Centro Poblado: Callao,Mza: 003","003",56,54,26,4,0,0,0,0,0,0,27,1,2,0,0,0,0,5,3,15,4,0,3,27,4,29,110,50.9,27,18.5,1.33
"07010100010270000400","070101000102700004 , Callao,Callao,Callao,Centro Poblado: Callao,Mza: 004","004",139,155,56,10,0,0,0,0,0,0,62,4,0,0,0,0,0,10,11,34,7,0,4,62,4,72,294,47.3,62,16.1,1
"07010100010270000500","070101000102700005 , Callao,Callao,Callao,Centro Poblado: Callao,Mza: 005","005",90,89,44,3,0,0,0,0,0,0,44,2,0,0,1,0,0,8,4,29,2,1,4,44,3,52,179,50.3,44,18.2,0.75
"07010100010270000600","070101000102700006 , Callao,Callao,Callao,Centro Poblado: Callao,Mza: 006","006",113,133,49,15,0,0,0,0,0,0,55,1,0,2,6,0,0,8,8,36,3,0,3,55,4,61,246,45.9,55,14.5,1.33
"07010100010270000700","070101000102700007 , Callao,Callao,Callao,Centro Poblado: Callao,Mza: 007","007",113,136,57,1,0,0,0,0,0,0,57,1,0,0,0,0,0,6,5,40,6,0,3,57,4,63,249,45.4,57,10.5,1.33
"07010100010270000800","070101000102700008 , Callao,Callao,Callao,Centro Poblado: Callao,Mza: 008","008",100,93,50,6,0,0,0,0,0,0,45,1,10,0,0,0,0,9,3,30,3,0,4,45,4,47,193,51.8,45,20,1
"07010100010270000900","070101000102700009 , Callao,Callao,Callao,Centro Poblado: Callao,Mza: 009","009",69,75,41,0,0,0,0,0,0,0,33,1,5,0,2,0,0,0,5,25,3,0,4,33,4,40,144,47.9,33,0,1
"07010100010270001000","070101000102700010 , Callao,Callao,Callao,Centro Poblado: Callao,Mza: 010","010",76,94,39,0,0,0,0,0,0,0,35,3,0,0,1,0,0,5,0,25,5,0,3,35,4,38,170,44.7,35,14.3,1.33
"07010100010270001100","070101000102700011 , Callao,Callao,Callao,Centro Poblado: Callao,Mza: 011","011",148,159,52,4,0,0,0,0,0,0,50,4,0,1,0,1,0,8,0,41,1,0,4,50,4,73,307,48.2,50,16,1
"07010100010270001200","070101000102700012 , Callao,Callao,Callao,Centro Poblado: Callao,Mza: 012","012",184,219,66,18,0,0,0,0,0,0,82,1,0,0,1,0,0,18,15,45,4,0,4,82,4,106,403,45.7,82,22,1
"07010100010270001300","070101000102700013 , Callao,Callao,Callao,Centro Poblado: Callao,Mza: 013","013",186,201,79,20,0,0,0,0,0,0,92,5,0,1,1,0,0,31,5,52,3,1,3,92,4,102,387,48.1,92,33.7,1.33
"07010100010270001400","070101000102700014 , Callao,Callao,Callao,Centro Poblado: Callao,Mza: 014","014",152,165,77,3,0,0,0,0,0,0,76,4,0,0,0,0,0,15,15,42,4,0,3,76,4,82,317,47.9,76,19.7,1.33
"07010100010270001500","070101000102700015 , Callao,Callao,Callao,Centro Poblado: Callao,Mza: 015","015",110,118,40,10,0,0,0,0,0,0,47,2,0,0,0,1,0,14,4,29,0,0,4,47,3,66,228,48.2,47,29.8,0.75
"07010100010270001600","070101000102700016 , Callao,Callao,Callao,Centro Poblado: Callao,Mza: 016","016",122,127,53,4,0,0,0,0,0,0,57,0,0,0,0,0,0,12,5,38,2,0,3,57,4,67,249,49,57,21.1,1.33
"07010100010270001700","070101000102700017 , Callao,Callao,Callao,Centro Poblado: Callao,Mza: 017","017",60,48,19,7,0,0,0,0,0,0,23,0,0,3,0,0,0,8,0,14,1,0,3,23,4,26,108,55.6,23,34.8,1.33
"07010100010270001900","070101000102700019 , Callao,Callao,Callao,Centro Poblado: Callao,Mza: 019","019",105,111,61,2,0,0,0,0,0,0,53,0,1,7,0,2,0,7,2,39,5,0,3,53,4,53,216,48.6,53,13.2,1.33
"07010100010270002000","070101000102700020 , Callao,Callao,Callao,Centro Poblado: Callao,Mza: 020","020",95,90,39,12,0,0,0,0,0,0,46,4,1,0,0,0,0,9,0,29,8,0,3,46,4,46,185,51.4,46,19.6,1.33
"07010100010270002101","070101000102700021A, Callao,Callao,Callao,Centro Poblado: Callao,Mza: 021A","021A",73,84,42,6,0,0,0,0,1,0,41,0,5,0,0,2,1,11,2,25,3,0,3,41,4,41,157,46.5,41,26.8,1.33
"07010100010270002103","070101000102700021C, Callao,Callao,Callao,Centro Poblado: Callao,Mza: 021C","021C",65,80,19,12,0,0,1,0,0,0,31,0,0,0,0,0,0,13,2,13,3,0,3,31,3,33,145,44.8,31,41.9,1
"07010100010270002200","070101000102700022 , Callao,Callao,Callao,Centro Poblado: Callao,Mza: 022","022",105,87,47,7,0,0,0,0,0,0,49,4,0,0,1,0,0,11,7,21,10,0,3,49,4,50,192,54.7,49,22.4,1.33
"07010100010270002300","070101000102700023 , Callao,Callao,Callao,Centro Poblado: Callao,Mza: 023","023",87,101,38,11,0,0,0,0,0,0,46,2,1,0,0,0,0,17,5,17,7,0,3,46,4,48,188,46.3,46,37,1.33
"07010100010270002400","070101000102700024 , Callao,Callao,Callao,Centro Poblado: Callao,Mza: 024","024",85,80,42,20,0,0,0,0,0,0,43,2,14,0,0,3,0,12,5,23,3,0,3,43,3,52,165,51.5,43,27.9,1
"07010100010270002600","070101000102700026 , Callao,Callao,Callao,Centro Poblado: Callao,Mza: 026","026",24,27,12,2,0,0,0,0,0,0,13,1,0,0,0,0,0,2,0,11,0,0,4,13,4,14,51,47.1,13,15.4,1
"07010100010270002700","070101000102700027 , Callao,Callao,Callao,Centro Poblado: Callao,Mza: 027","027",65,66,33,0,0,0,0,0,0,0,32,1,0,0,0,0,0,3,1,27,1,0,3,32,4,32,131,49.6,32,9.4,1.33
"07010100010270002800","070101000102700028 , Callao,Callao,Callao,Centro Poblado: Callao,Mza: 028","028",65,90,47,0,0,0,0,0,0,0,42,1,0,0,2,1,1,27,0,13,2,0,3,42,4,43,155,41.9,42,64.3,1.33
"07010100010270002900","070101000102700029 , Callao,Callao,Callao,Centro Poblado: Callao,Mza: 029","029",98,108,44,4,0,0,0,0,0,0,44,2,0,0,0,0,2,14,4,24,2,0,3,44,3,66,206,47.6,44,31.8,1
"07010100010270003000","070101000102700030 , Callao,Callao,Callao,Centro Poblado: Callao,Mza: 030","030",88,111,31,2,0,0,0,0,0,0,32,0,0,0,1,0,0,9,3,18,2,0,4,32,4,52,199,44.2,32,28.1,1
"07010100010270003100","070101000102700031 , Callao,Callao,Callao,Centro Poblado: Callao,Mza: 031","031",130,106,50,0,0,0,0,0,0,0,47,2,0,0,1,0,0,12,1,31,3,0,3,47,4,57,236,55.1,47,25.5,1.33
"07010100010270003200","070101000102700032 , Callao,Callao,Callao,Centro Poblado: Callao,Mza: 032","032",63,70,29,3,0,0,0,0,0,0,29,1,0,1,1,0,0,3,3,22,1,0,4,29,4,37,133,47.4,29,10.3,1
"07010100010270003300","070101000102700033 , Callao,Callao,Callao,Centro Poblado: Callao,Mza: 033","033",67,88,36,0,0,0,0,0,0,0,36,0,0,0,0,0,0,13,4,19,0,0,3,36,4,37,155,43.2,36,36.1,1.33
"07010100010270003400","070101000102700034 , Callao,Callao,Callao,Centro Poblado: Callao,Mza: 034","034",92,115,60,2,0,0,0,0,0,0,57,2,1,0,2,0,0,20,6,27,4,0,3,57,4,59,207,44.4,57,35.1,1.33
"07010100010270003500","070101000102700035 , Callao,Callao,Callao,Centro Poblado: Callao,Mza: 035","035",103,107,51,0,0,0,1,0,0,0,50,1,0,0,0,0,0,24,8,15,3,0,3,50,3,55,210,49,50,48,1
"07010100010270003600","070101000102700036 , Callao,Callao,Callao,Centro Poblado: Callao,Mza: 036","036",99,92,44,0,0,0,0,0,0,0,43,0,0,0,1,0,0,10,4,23,5,1,3,43,4,49,191,51.8,43,23.3,1.33
"07010100010270003800","070101000102700038 , Callao,Callao,Callao,Centro Poblado: Callao,Mza: 038","038",70,82,14,7,2,0,0,0,0,0,23,0,0,0,0,0,0,5,1,16,1,0,3,23,5,32,152,46.1,23,21.7,1.67
"07010100010270003900","070101000102700039 , Callao,Callao,Callao,Centro Poblado: Callao,Mza: 039","039",102,107,39,2,0,0,0,0,0,0,35,3,2,0,1,0,0,7,3,22,3,0,5,35,5,45,209,48.8,35,20,1
"07010100010270004000","070101000102700040 , Callao,Callao,Callao,Centro Poblado: Callao,Mza: 040","040",79,73,25,16,0,0,0,0,0,0,40,0,0,0,1,0,0,9,6,20,5,0,3,40,4,43,152,52,40,22.5,1.33
"07010100010270004100","070101000102700041 , Callao,Callao,Callao,Centro Poblado: Callao,Mza: 041","041",23,28,13,17,0,0,0,0,0,0,23,1,5,0,1,0,0,4,3,15,1,0,3,23,2,23,51,45.1,23,17.4,0.67
"07010100010270004200","070101000102700042 , Callao,Callao,Callao,Centro Poblado: Callao,Mza: 042","042",95,97,34,0,0,0,0,0,0,0,29,1,4,0,0,0,0,3,3,15,7,1,5,29,4,48,192,49.5,29,10.3,0.8
"07010100010270004300","070101000102700043 , Callao,Callao,Callao,Centro Poblado: Callao,Mza: 043","043",84,102,43,0,2,0,0,0,0,0,44,1,0,0,0,0,0,14,7,17,6,0,3,44,4,47,186,45.2,44,31.8,1.33
"07010100010270004400","070101000102700044 , Callao,Callao,Callao,Centro Poblado: Callao,Mza: 044","044",66,64,39,1,0,0,0,0,1,0,40,0,0,0,1,0,0,14,1,25,0,0,3,40,3,42,130,50.8,40,35,1
"07010100010270004500","070101000102700045 , Callao,Callao,Callao,Centro Poblado: Callao,Mza: 045","045",65,71,27,13,0,0,0,0,0,0,35,1,1,0,0,3,0,8,6,18,3,0,3,35,3,39,136,47.8,35,22.9,1
"07010100010270004600","070101000102700046 , Callao,Callao,Callao,Centro Poblado: Callao,Mza: 046","046",67,66,24,0,0,0,0,0,0,0,23,1,0,0,0,0,0,1,1,19,2,0,4,23,4,31,133,50.4,23,4.3,1
"07010100010270004700","070101000102700047 , Callao,Callao,Callao,Centro Poblado: Callao,Mza: 047","047",96,93,46,0,0,0,0,0,0,0,46,0,0,0,0,0,0,11,3,30,2,0,3,46,4,50,189,50.8,46,23.9,1.33
"07010100010270004800","070101000102700048 , Callao,Callao,Callao,Centro Poblado: Callao,Mza: 048","048",77,83,33,0,0,0,0,0,0,0,32,1,0,0,0,0,0,3,6,23,0,0,4,32,4,38,160,48.1,32,9.4,1
"07010100010270004900","070101000102700049 , Callao,Callao,Callao,Centro Poblado: Callao,Mza: 049","049",96,103,34,14,0,0,0,0,0,0,47,0,0,0,1,0,0,15,3,25,4,0,3,47,4,52,199,48.2,47,31.9,1.33
"07010100010270005000","070101000102700050 , Callao,Callao,Callao,Centro Poblado: Callao,Mza: 050","050",82,105,28,11,0,0,0,0,0,0,37,1,0,0,1,0,0,5,4,25,3,0,3,37,4,50,187,43.9,37,13.5,1.33
"07010100010270005100","070101000102700051 , Callao,Callao,Callao,Centro Poblado: Callao,Mza: 051","051",22,28,11,0,0,0,0,0,1,0,12,0,0,0,0,0,0,0,1,9,2,0,4,12,3,16,50,44,12,0,0.75
"07010100010270005200","070101000102700052 , Callao,Callao,Callao,Centro Poblado: Callao,Mza: 052","052",113,124,44,5,0,0,0,0,0,0,49,0,0,0,0,0,0,3,2,37,7,0,4,49,4,58,237,47.7,49,6.1,1
"07010100010270005300","070101000102700053 , Callao,Callao,Callao,Centro Poblado: Callao,Mza: 053","053",121,119,56,2,0,0,0,0,0,0,58,0,0,0,0,0,0,11,5,32,10,0,3,58,4,59,240,50.4,58,19,1.33
"07010100010270005401","070101000102700054A, Callao,Callao,Callao,Centro Poblado: Callao,Mza: 054A","054A",82,71,45,0,0,0,0,0,0,0,42,1,0,0,1,1,0,3,0,26,12,1,3,42,3,44,153,53.6,42,7.1,1
"07010100010270005500","070101000102700055 , Callao,Callao,Callao,Centro Poblado: Callao,Mza: 055","055",75,67,27,7,0,0,0,0,0,0,33,0,1,0,0,0,0,5,7,18,3,0,4,33,3,46,142,52.8,33,15.2,0.75
"07010100010270005600","070101000102700056 , Callao,Callao,Callao,Centro Poblado: Callao,Mza: 056","056",92,93,43,3,0,0,0,0,0,0,41,0,4,1,0,0,0,2,3,31,5,0,4,41,5,41,185,49.7,41,4.9,1.25
"07010100010270005800","070101000102700058 , Callao,Callao,Callao,Centro Poblado: Callao,Mza: 058","058",57,80,29,0,0,0,0,0,0,0,27,2,0,0,0,0,0,10,0,15,2,0,4,27,4,31,137,41.6,27,37,1
"07010100010270005900","070101000102700059 , Callao,Callao,Callao,Centro Poblado: Callao,Mza: 059","059",131,121,35,11,0,0,0,2,0,0,47,1,0,0,0,0,0,10,3,21,13,0,3,47,4,60,252,52,47,21.3,1.33
"07010100010270006000","070101000102700060 , Callao,Callao,Callao,Centro Poblado: Callao,Mza: 060","060",125,150,59,8,2,0,1,0,0,0,66,2,1,0,0,0,0,23,3,27,12,1,3,66,3,78,275,45.5,66,34.8,1
"07010100010270088888","0701010001027008888, Callao,Callao,Callao,Centro Poblado: Callao,Mza: 8888","8888",4,6,4,0,0,0,0,0,0,0,4,0,0,0,0,0,0,0,0,4,0,0,5,4,2,4,10,40,4,0,0.4
"07010100010280000200","070101000102800002 , Callao,Callao,Callao,Centro Poblado: Callao,Mza: 002","002",63,68,31,0,0,0,0,0,0,0,31,0,0,0,0,0,0,1,0,23,7,0,3,31,4,32,131,48.1,31,3.2,1.33
"07010100010280000400","070101000102800004 , Callao,Callao,Callao,Centro Poblado: Callao,Mza: 004","004",85,97,28,0,0,0,1,0,0,0,26,0,1,0,1,0,0,5,2,16,3,0,4,26,5,35,182,46.7,26,19.2,1.25
"07010100010280000500","070101000102800005 , Callao,Callao,Callao,Centro Poblado: Callao,Mza: 005","005",73,91,39,1,0,0,0,0,0,0,40,0,0,0,0,0,0,18,5,12,5,0,3,40,4,42,164,44.5,40,45,1.33
"07010100010280000600","070101000102800006 , Callao,Callao,Callao,Centro Poblado: Callao,Mza: 006","006",108,106,35,6,2,1,0,4,0,0,48,0,0,0,0,0,0,10,2,30,6,0,3,48,4,58,214,50.5,48,20.8,1.33
"07010100010280000700","070101000102800007 , Callao,Callao,Callao,Centro Poblado: Callao,Mza: 007","007",80,88,42,0,0,0,0,0,0,0,41,0,1,0,0,0,0,9,2,26,4,0,2,41,4,44,168,47.6,41,22,2
"07010100010280000800","070101000102800008 , Callao,Callao,Callao,Centro Poblado: Callao,Mza: 008","008",73,85,31,5,0,0,0,0,0,0,35,0,0,0,1,0,0,9,6,17,3,0,4,35,4,40,158,46.2,35,25.7,1
"07010100010280000900","070101000102800009 , Callao,Callao,Callao,Centro Poblado: Callao,Mza: 009","009",72,75,31,0,0,0,0,0,0,0,27,0,1,0,0,1,2,1,2,23,1,0,3,27,4,34,147,49,27,3.7,1.33
"07010100010280001000","070101000102800010 , Callao,Callao,Callao,Centro Poblado: Callao,Mza: 010","010",92,92,28,9,0,0,0,0,0,0,36,1,0,0,0,0,0,10,2,17,7,0,4,36,5,36,184,50,36,27.8,1.25
"07010100010280001100","070101000102800011 , Callao,Callao,Callao,Centro Poblado: Callao,Mza: 011","011",67,79,38,0,0,0,0,0,0,0,37,0,0,0,1,0,0,4,0,29,4,0,4,37,4,39,146,45.9,37,10.8,1
"07010100010280001200","070101000102800012 , Callao,Callao,Callao,Centro Poblado: Callao,Mza: 012","012",122,105,46,14,0,0,0,0,0,0,59,0,1,0,0,0,0,20,2,24,13,0,3,59,4,61,227,53.7,59,33.9,1.33
"07010100010280001300","070101000102800013 , Callao,Callao,Callao,Centro Poblado: Callao,Mza: 013","013",76,72,31,2,0,0,0,0,0,0,32,0,1,0,0,0,0,16,0,15,1,0,3,32,5,32,148,51.4,32,50,1.67
"07010100010280001500","070101000102800015 , Callao,Callao,Callao,Centro Poblado: Callao,Mza: 015","015",117,139,63,2,0,0,0,0,0,0,57,4,2,0,1,1,0,13,11,24,9,0,3,57,4,72,256,45.7,57,22.8,1.33
"07010100010280001600","070101000102800016 , Callao,Callao,Callao,Centro Poblado: Callao,Mza: 016","016",80,93,43,0,0,0,0,0,0,0,40,1,0,0,2,0,0,9,5,22,4,0,3,40,4,45,173,46.2,40,22.5,1.33
"07010100010280001900","070101000102800019 , Callao,Callao,Callao,Centro Poblado: Callao,Mza: 019","019",91,84,35,0,0,0,0,0,1,0,35,1,0,0,0,0,0,6,3,20,6,0,3,35,5,38,175,52,35,17.1,1.67
"07010100010280002000","070101000102800020 , Callao,Callao,Callao,Centro Poblado: Callao,Mza: 020","020",165,178,68,1,0,0,1,0,0,0,67,1,0,0,1,0,0,14,3,45,5,0,3,67,4,79,343,48.1,67,20.9,1.33
"07010100010280002200","070101000102800022 , Callao,Callao,Callao,Centro Poblado: Callao,Mza: 022","022",128,144,74,5,0,0,0,0,0,0,74,4,1,0,0,0,0,30,2,41,1,0,3,74,4,76,272,47.1,74,40.5,1.33
"07010100010280002400","070101000102800024 , Callao,Callao,Callao,Centro Poblado: Callao,Mza: 024","024",51,52,25,0,0,0,0,0,0,0,25,0,0,0,0,0,0,2,21,0,2,0,2,25,4,27,103,49.5,25,8,2
"07010100010280002600","070101000102800026 , Callao,Callao,Callao,Centro Poblado: Callao,Mza: 026","026",127,121,68,0,0,0,1,7,0,0,70,4,0,0,0,1,0,30,8,21,10,1,3,70,3,71,248,51.2,70,42.9,1
"07010100010280002800","070101000102800028 , Callao,Callao,Callao,Centro Poblado: Callao,Mza: 028","028",55,67,19,17,0,0,0,0,0,0,31,1,3,0,1,0,0,13,2,8,8,0,3,31,4,33,122,45.1,31,41.9,1.33
"07010100010280002900","070101000102800029 , Callao,Callao,Callao,Centro Poblado: Callao,Mza: 029","029",180,185,100,2,0,0,1,0,0,0,99,2,0,0,1,0,0,13,16,60,10,0,3,99,3,103,365,49.3,99,13.1,1
"07010100010280003000","070101000102800030 , Callao,Callao,Callao,Centro Poblado: Callao,Mza: 030","030",233,220,85,27,0,0,0,0,0,0,109,3,0,0,0,0,0,15,14,47,32,1,3,109,4,118,453,51.4,109,13.8,1.33
"07010100010280003100","070101000102800031 , Callao,Callao,Callao,Centro Poblado: Callao,Mza: 031","031",131,118,49,8,0,0,0,0,0,0,57,0,0,0,0,0,0,10,4,32,11,0,4,57,3,72,249,52.6,57,17.5,0.75
"07010100010280003200","070101000102800032 , Callao,Callao,Callao,Centro Poblado: Callao,Mza: 032","032",111,155,59,5,0,0,0,0,0,0,64,0,0,0,0,0,0,12,7,39,6,0,4,64,4,65,266,41.7,64,18.8,1
"07010100010280003300","070101000102800033 , Callao,Callao,Callao,Centro Poblado: Callao,Mza: 033","033",155,187,81,1,0,0,0,0,0,0,82,0,0,0,0,0,0,11,5,54,12,0,4,82,4,84,342,45.3,82,13.4,1
"07010100010280003400","070101000102800034 , Callao,Callao,Callao,Centro Poblado: Callao,Mza: 034","034",94,95,59,4,0,0,2,0,0,0,60,0,0,1,0,0,2,11,1,47,1,0,3,60,3,64,189,49.7,60,18.3,1
"07010100010280003500","070101000102800035 , Callao,Callao,Callao,Centro Poblado: Callao,Mza: 035","035",116,130,51,4,0,0,0,0,0,0,52,0,0,0,0,3,0,8,0,40,4,0,4,52,4,59,246,47.2,52,15.4,1
"07010100010280003800","070101000102800038 , Callao,Callao,Callao,Centro Poblado: Callao,Mza: 038","038",169,174,75,25,0,0,0,0,0,0,91,2,1,0,5,0,1,25,2,57,7,0,3,91,4,96,343,49.3,91,27.5,1.33
"07010100010280003900","070101000102800039 , Callao,Callao,Callao,Centro Poblado: Callao,Mza: 039","039",100,108,54,12,0,0,0,0,0,0,65,0,0,0,1,0,0,30,3,28,4,0,2,65,3,68,208,48.1,65,46.2,1.5
"07010100010280004000","070101000102800040 , Callao,Callao,Callao,Centro Poblado: Callao,Mza: 040","040",147,150,52,18,0,0,0,0,0,0,65,1,0,3,1,0,0,10,7,37,11,0,3,65,4,71,297,49.5,65,15.4,1.33
"07010100010280004100","070101000102800041 , Callao,Callao,Callao,Centro Poblado: Callao,Mza: 041","041",124,126,62,7,0,0,1,0,1,0,60,0,0,7,3,0,0,16,1,40,3,0,3,60,4,65,250,49.6,60,26.7,1.33
"07010100010280004200","070101000102800042 , Callao,Callao,Callao,Centro Poblado: Callao,Mza: 042","042",124,121,39,21,1,0,0,0,0,0,52,3,4,0,2,0,0,8,6,32,6,0,4,52,4,64,245,50.6,52,15.4,1
"07010100010280004300","070101000102800043 , Callao,Callao,Callao,Centro Poblado: Callao,Mza: 043","043",67,69,35,1,0,0,2,0,0,0,23,0,3,0,6,0,4,2,3,17,1,0,4,23,4,33,136,49.3,23,8.7,1
"07010100010280004400","070101000102800044 , Callao,Callao,Callao,Centro Poblado: Callao,Mza: 044","044",133,166,66,24,0,0,4,0,0,0,77,1,11,0,0,0,1,27,6,35,9,0,4,77,3,82,299,44.5,77,35.1,0.75
"07010100010280004500","070101000102800045 , Callao,Callao,Callao,Centro Poblado: Callao,Mza: 045","045",123,126,46,20,0,0,1,0,0,0,66,0,0,0,0,0,0,20,10,22,14,0,4,66,4,68,249,49.4,66,30.3,1
"07010100010280004600","070101000102800046 , Callao,Callao,Callao,Centro Poblado: Callao,Mza: 046","046",73,94,41,1,0,0,0,0,0,0,37,2,3,0,0,0,0,9,1,27,0,0,4,37,4,38,167,43.7,37,24.3,1
"07010100010280004700","070101000102800047 , Callao,Callao,Callao,Centro Poblado: Callao,Mza: 047","047",67,80,23,30,0,0,0,0,1,0,47,2,3,0,2,0,0,25,3,17,2,0,2,47,3,47,147,45.6,47,53.2,1.5
"07010100010280004800","070101000102800048 , Callao,Callao,Callao,Centro Poblado: Callao,Mza: 048","048",139,164,43,57,0,0,0,0,0,0,88,1,8,0,0,0,3,37,13,38,0,0,3,88,3,88,303,45.9,88,42,1
"07010100010280004900","070101000102800049 , Callao,Callao,Callao,Centro Poblado: Callao,Mza: 049","049",139,149,49,27,0,0,0,0,0,0,76,0,0,0,0,0,0,33,9,30,4,0,3,76,4,80,288,48.3,76,43.4,1.33
"07010100010280005000","070101000102800050 , Callao,Callao,Callao,Centro Poblado: Callao,Mza: 050","050",68,73,33,8,0,0,0,0,0,0,38,0,3,0,0,0,0,10,8,16,4,0,3,38,3,42,141,48.2,38,26.3,1
"07010100010280005500","070101000102800055 , Callao,Callao,Callao,Centro Poblado: Callao,Mza: 055","055",80,84,28,23,0,0,0,0,0,0,50,1,0,0,0,0,0,15,13,21,1,0,3,50,3,50,164,48.8,50,30,1
"07010100010280005600","070101000102800056 , Callao,Callao,Callao,Centro Poblado: Callao,Mza: 056","056",139,135,62,2,0,0,0,0,0,0,61,1,0,0,2,0,0,12,14,31,4,0,4,61,4,61,274,50.7,61,19.7,1
"07010100010280005700","070101000102800057 , Callao,Callao,Callao,Centro Poblado: Callao,Mza: 057","057",145,174,52,2,0,0,0,0,0,0,53,1,0,0,0,0,0,13,13,22,5,0,4,53,4,80,319,45.5,53,24.5,1
"07010100010280005900","070101000102800059 , Callao,Callao,Callao,Centro Poblado: Callao,Mza: 059","059",134,134,75,5,5,0,0,0,0,0,82,2,1,0,0,0,0,31,6,28,17,0,3,82,3,84,268,50,82,37.8,1
"07010100010280006000","070101000102800060 , Callao,Callao,Callao,Centro Poblado: Callao,Mza: 060","060",178,179,43,16,0,0,0,0,0,0,59,0,0,0,0,0,0,14,21,18,6,0,4,59,4,94,357,49.9,59,23.7,1
"07010100010280088888","0701010001028008888, Callao,Callao,Callao,Centro Poblado: Callao,Mza: 8888","8888",21,21,11,0,0,0,2,0,1,0,11,0,0,1,0,0,0,2,1,4,4,0,2,11,2,14,42,50,11,18.2,1
"07010100010290000100","070101000102900001 , Callao,Callao,Callao,Centro Poblado: Callao,Mza: 001","001",43,47,24,0,0,0,0,0,0,0,24,0,0,0,0,0,0,1,3,20,0,0,3,24,3,28,90,47.8,24,4.2,1
"07010100010290000200","070101000102900002 , Callao,Callao,Callao,Centro Poblado: Callao,Mza: 002","002",69,85,32,0,0,0,0,0,0,0,32,0,0,0,0,0,0,1,0,28,3,0,3,32,5,33,154,44.8,32,3.1,1.67
"07010100010290000300","070101000102900003 , Callao,Callao,Callao,Centro Poblado: Callao,Mza: 003","003",88,80,28,0,0,0,0,0,0,0,27,0,0,1,0,0,0,2,2,21,2,0,4,27,5,34,168,52.4,27,7.4,1.25
"07010100010290000400","070101000102900004 , Callao,Callao,Callao,Centro Poblado: Callao,Mza: 004","004",80,91,27,0,0,0,0,0,0,0,27,0,0,0,0,0,0,5,1,21,0,0,4,27,5,37,171,46.8,27,18.5,1.25
"07010100010290000500","070101000102900005 , Callao,Callao,Callao,Centro Poblado: Callao,Mza: 005","005",77,84,38,0,0,0,0,0,0,0,38,0,0,0,0,0,0,5,3,23,7,0,3,38,4,38,161,47.8,38,13.2,1.33
"07010100010290000600","070101000102900006 , Callao,Callao,Callao,Centro Poblado: Callao,Mza: 006","006",75,83,37,0,0,0,0,0,0,0,37,0,0,0,0,0,0,4,4,28,1,0,3,37,4,38,158,47.5,37,10.8,1.33
"07010100010290000700","070101000102900007 , Callao,Callao,Callao,Centro Poblado: Callao,Mza: 007","007",92,86,32,0,0,0,1,0,0,0,32,0,0,0,0,0,0,3,6,21,2,0,4,32,4,37,178,51.7,32,9.4,1
"07010100010290000800","070101000102900008 , Callao,Callao,Callao,Centro Poblado: Callao,Mza: 008","008",85,94,25,0,0,0,0,0,0,0,25,0,0,0,0,0,0,4,0,18,3,0,4,25,5,38,179,47.5,25,16,1.25
"07010100010290000900","070101000102900009 , Callao,Callao,Callao,Centro Poblado: Callao,Mza: 009","009",160,166,63,11,0,0,1,0,0,0,67,3,3,0,1,0,0,11,2,50,4,0,3,67,4,78,326,49.1,67,16.4,1.33
"07010100010290001000","070101000102900010 , Callao,Callao,Callao,Centro Poblado: Callao,Mza: 010","010",104,132,53,0,0,0,0,0,0,0,53,0,0,0,0,0,0,4,1,44,4,0,3,53,4,57,236,44.1,53,7.5,1.33
"07010100010290001100","070101000102900011 , Callao,Callao,Callao,Centro Poblado: Callao,Mza: 011","011",124,114,56,0,0,0,0,0,0,0,56,0,0,0,0,0,0,8,2,36,10,0,3,56,4,60,238,52.1,56,14.3,1.33
"07010100010290001200","070101000102900012 , Callao,Callao,Callao,Centro Poblado: Callao,Mza: 012","012",125,125,54,0,0,0,0,0,0,0,50,3,1,0,0,0,0,8,4,31,6,1,3,50,4,56,250,50,50,16,1.33
"07010100010290001600","070101000102900016 , Callao,Callao,Callao,Centro Poblado: Callao,Mza: 016","016",131,127,44,1,0,0,0,0,0,0,45,0,0,0,0,0,0,6,16,23,0,0,3,45,5,52,258,50.8,45,13.3,1.67
"07010100010290001700","070101000102900017 , Callao,Callao,Callao,Centro Poblado: Callao,Mza: 017","017",124,135,44,0,0,0,0,0,0,0,43,0,0,0,1,0,0,5,2,28,8,0,4,43,4,64,259,47.9,43,11.6,1
"07010100010290001800","070101000102900018 , Callao,Callao,Callao,Centro Poblado: Callao,Mza: 018","018",135,118,52,1,0,0,0,0,0,0,53,0,0,0,0,0,0,6,9,27,11,0,3,53,5,54,253,53.4,53,11.3,1.67
"07010100010290002000","070101000102900020 , Callao,Callao,Callao,Centro Poblado: Callao,Mza: 020","020",138,119,48,0,0,0,1,0,0,0,48,0,0,0,0,0,0,6,7,34,1,0,3,48,5,55,257,53.7,48,12.5,1.67
"07010100010290002200","070101000102900022 , Callao,Callao,Callao,Centro Poblado: Callao,Mza: 022","022",143,165,66,6,7,0,0,0,0,0,76,3,0,0,0,0,0,28,13,29,6,0,3,76,4,83,308,46.4,76,36.8,1.33
"07010100010290002300","070101000102900023 , Callao,Callao,Callao,Centro Poblado: Callao,Mza: 023","023",230,230,101,5,0,0,0,0,0,0,104,1,0,1,0,0,0,32,7,52,13,0,3,104,4,106,460,50,104,30.8,1.33
"07010100010290002400","070101000102900024 , Callao,Callao,Callao,Centro Poblado: Callao,Mza: 024","024",100,113,31,0,9,0,0,0,0,0,40,0,0,0,0,0,0,13,0,22,5,0,4,40,5,43,213,46.9,40,32.5,1.25
"07010100010290002500","070101000102900025 , Callao,Callao,Callao,Centro Poblado: Callao,Mza: 025","025",88,101,50,1,0,0,0,0,1,0,50,2,0,0,0,0,0,5,0,18,27,0,3,50,4,51,189,46.6,50,10,1.33
"07010100010290002600","070101000102900026 , Callao,Callao,Callao,Centro Poblado: Callao,Mza: 026","026",209,187,72,0,0,0,0,0,0,0,70,2,0,0,0,0,0,15,2,43,10,0,4,70,4,96,396,52.8,70,21.4,1
"07010100010290002800","070101000102900028 , Callao,Callao,Callao,Centro Poblado: Callao,Mza: 028","028",92,100,32,0,0,0,0,2,0,0,33,0,1,0,0,0,0,1,3,24,5,0,3,33,5,41,192,47.9,33,3,1.67
"07010100010290002900","070101000102900029 , Callao,Callao,Callao,Centro Poblado: Callao,Mza: 029","029",137,137,44,9,0,0,1,2,0,0,53,0,0,0,2,0,0,6,1,40,6,0,4,53,4,66,274,50,53,11.3,1
"07010100010290003000","070101000102900030 , Callao,Callao,Callao,Centro Poblado: Callao,Mza: 030","030",207,198,93,0,0,0,0,0,0,0,91,1,1,0,0,0,0,12,6,60,13,0,3,91,4,97,405,51.1,91,13.2,1.33
"07010100010290003100","070101000102900031 , Callao,Callao,Callao,Centro Poblado: Callao,Mza: 031","031",127,136,51,19,0,0,0,0,0,0,68,0,0,0,2,0,0,18,1,42,7,0,3,68,4,74,263,48.3,68,26.5,1.33
"07010100010290003200","070101000102900032 , Callao,Callao,Callao,Centro Poblado: Callao,Mza: 032","032",91,93,40,9,0,0,0,0,0,0,47,1,0,0,0,1,0,12,5,26,4,0,3,47,4,49,184,49.5,47,25.5,1.33
"07010100010290003300","070101000102900033 , Callao,Callao,Callao,Centro Poblado: Callao,Mza: 033","033",138,116,60,0,0,0,0,0,0,0,60,0,0,0,0,0,0,8,12,26,14,0,3,60,4,62,254,54.3,60,13.3,1.33
"07010100010290003500","070101000102900035 , Callao,Callao,Callao,Centro Poblado: Callao,Mza: 035","035",184,177,65,0,0,0,0,0,0,0,61,4,0,0,0,0,0,8,3,39,11,0,4,61,4,81,361,51,61,13.1,1
"07010100010290003600","070101000102900036 , Callao,Callao,Callao,Centro Poblado: Callao,Mza: 036","036",81,94,41,8,0,0,0,0,0,0,43,1,0,1,0,1,3,10,5,24,4,0,4,43,4,48,175,46.3,43,23.3,1
"07010100010290003700","070101000102900037 , Callao,Callao,Callao,Centro Poblado: Callao,Mza: 037","037",150,131,61,0,0,0,0,0,0,0,61,0,0,0,0,0,0,16,5,32,8,0,3,61,4,64,281,53.4,61,26.2,1.33
"07010100010290003900","070101000102900039 , Callao,Callao,Callao,Centro Poblado: Callao,Mza: 039","039",192,187,57,2,0,0,1,0,0,0,59,0,0,0,0,0,0,9,3,38,9,0,4,59,4,100,379,50.7,59,15.3,1
"07010100010290004000","070101000102900040 , Callao,Callao,Callao,Centro Poblado: Callao,Mza: 040","040",167,146,60,8,0,0,0,0,0,0,67,1,0,0,0,0,0,26,5,29,7,0,3,67,4,84,313,53.4,67,38.8,1.33
"07010100010290004100","070101000102900041 , Callao,Callao,Callao,Centro Poblado: Callao,Mza: 041","041",142,144,63,0,0,0,0,0,0,0,61,2,0,0,0,0,0,9,0,34,18,0,4,61,4,78,286,49.7,61,14.8,1
"07010100010290004500","070101000102900045 , Callao,Callao,Callao,Centro Poblado: Callao,Mza: 045","045",60,79,35,0,0,0,0,0,0,0,34,1,0,0,0,0,0,6,14,7,7,0,3,34,4,37,139,43.2,34,17.6,1.33
"07010100010290004700","070101000102900047 , Callao,Callao,Callao,Centro Poblado: Callao,Mza: 047","047",42,42,12,0,0,0,0,0,0,0,11,1,0,0,0,0,0,0,0,11,0,0,5,11,4,22,84,50,11,0,0.8
"07010100010290004800","070101000102900048 , Callao,Callao,Callao,Centro Poblado: Callao,Mza: 048","048",89,109,35,0,0,0,4,2,0,0,37,0,0,0,0,0,0,12,7,18,0,0,3,37,3,48,198,44.9,37,32.4,1
"07010100010290004900","070101000102900049 , Callao,Callao,Callao,Centro Poblado: Callao,Mza: 049","049",109,132,61,0,0,0,0,0,0,0,61,0,0,0,0,0,0,13,12,35,1,0,3,61,3,73,241,45.2,61,21.3,1
"07010100010290005001","070101000102900050A, Callao,Callao,Callao,Centro Poblado: Callao,Mza: 050A","050A",50,51,23,0,0,0,0,0,0,0,22,1,0,0,0,0,0,9,12,1,0,0,3,22,4,25,101,49.5,22,40.9,1.33
"07010100010290005004","070101000102900050D, Callao,Callao,Callao,Centro Poblado: Callao,Mza: 050D","050D",94,85,45,2,0,0,0,0,0,0,44,3,0,0,0,0,0,3,36,4,1,0,3,44,4,51,179,52.5,44,6.8,1.33
"07010100010290005100","070101000102900051 , Callao,Callao,Callao,Centro Poblado: Callao,Mza: 051","051",124,119,52,4,0,0,0,2,0,0,57,0,1,0,0,0,0,5,2,43,7,0,3,57,4,59,243,51,57,8.8,1.33
"07010100010290005200","070101000102900052 , Callao,Callao,Callao,Centro Poblado: Callao,Mza: 052","052",91,102,44,6,0,0,0,0,0,0,49,0,0,0,0,0,1,18,6,18,7,0,3,49,4,52,193,47.2,49,36.7,1.33
"07010100010290005300","070101000102900053 , Callao,Callao,Callao,Centro Poblado: Callao,Mza: 053","053",76,89,24,12,0,0,0,0,0,0,35,1,0,0,0,0,0,12,3,15,5,0,3,35,4,43,165,46.1,35,34.3,1.33
"07010100010290005400","070101000102900054 , Callao,Callao,Callao,Centro Poblado: Callao,Mza: 054","054",82,89,25,5,0,0,0,0,0,0,29,0,1,0,0,0,0,9,1,19,0,0,4,29,4,41,171,48,29,31,1
"07010100010290005500","070101000102900055 , Callao,Callao,Callao,Centro Poblado: Callao,Mza: 055","055",68,73,29,0,0,0,0,0,0,0,27,0,1,0,1,0,0,3,5,15,4,0,4,27,4,32,141,48.2,27,11.1,1
"07010100010290005600","070101000102900056 , Callao,Callao,Callao,Centro Poblado: Callao,Mza: 056","056",39,31,29,3,0,0,0,0,0,0,31,0,0,0,1,0,0,3,1,19,7,1,3,31,2,32,70,55.7,31,9.7,0.67
"07010100010290005700","070101000102900057 , Callao,Callao,Callao,Centro Poblado: Callao,Mza: 057","057",25,32,12,0,0,0,0,0,0,0,12,0,0,0,0,0,0,6,1,5,0,0,4,12,5,12,57,43.9,12,50,1.25
"07010100010290005800","070101000102900058 , Callao,Callao,Callao,Centro Poblado: Callao,Mza: 058","058",22,31,9,0,0,0,0,0,0,0,9,0,0,0,0,0,0,1,0,8,0,0,4,9,6,9,53,41.5,9,11.1,1.5
"07010100010290005900","070101000102900059 , Callao,Callao,Callao,Centro Poblado: Callao,Mza: 059","059",32,31,7,6,0,0,0,0,0,0,13,0,0,0,0,0,0,5,0,8,0,0,4,13,5,13,63,50.8,13,38.5,1.25
"07010100010290006000","070101000102900060 , Callao,Callao,Callao,Centro Poblado: Callao,Mza: 060","060",78,82,33,0,0,0,0,0,0,0,32,1,0,0,0,0,0,7,2,18,5,0,4,32,4,41,160,48.8,32,21.9,1
"07010100010290006101","070101000102900061A, Callao,Callao,Callao,Centro Poblado: Callao,Mza: 061A","061A",32,19,11,0,1,0,0,1,0,0,13,0,0,0,0,0,0,3,8,1,1,0,2,13,3,15,51,62.7,13,23.1,1.5
"07010100010290088888","0701010001029008888, Callao,Callao,Callao,Centro Poblado: Callao,Mza: 8888","8888",9,7,3,0,0,0,0,0,0,0,3,0,0,0,0,0,0,0,0,2,1,0,3,3,5,3,16,56.2,3,0,1.67
"07010100010300000100","070101000103000001 , Callao,Callao,Callao,Centro Poblado: Callao,Mza: 001","001",120,117,43,0,0,0,0,0,0,0,43,0,0,0,0,0,0,5,6,32,0,0,4,43,4,64,237,50.6,43,11.6,1
"07010100010300000200","070101000103000002 , Callao,Callao,Callao,Centro Poblado: Callao,Mza: 002","002",113,129,35,0,0,0,0,0,0,0,34,1,0,0,0,0,0,2,2,30,0,0,5,34,4,61,242,46.7,34,5.9,0.8
"07010100010300000400","070101000103000004 , Callao,Callao,Callao,Centro Poblado: Callao,Mza: 004","004",152,139,40,11,0,0,0,2,0,0,52,1,0,0,0,0,0,15,11,24,2,0,3,52,5,63,291,52.2,52,28.8,1.67
"07010100010300000500","070101000103000005 , Callao,Callao,Callao,Centro Poblado: Callao,Mza: 005","005",199,204,78,0,0,0,1,0,0,0,77,0,0,0,0,1,0,20,4,44,9,0,3,77,5,87,403,49.4,77,26,1.67
"07010100010300000600","070101000103000006 , Callao,Callao,Callao,Centro Poblado: Callao,Mza: 006","006",108,127,61,0,0,0,0,0,0,0,59,1,0,0,1,0,0,4,6,44,5,0,3,59,4,59,235,46,59,6.8,1.33
"07010100010300000700","070101000103000007 , Callao,Callao,Callao,Centro Poblado: Callao,Mza: 007","007",130,125,72,0,0,0,0,0,0,0,65,4,0,0,0,3,0,2,15,38,10,0,3,65,4,69,255,51,65,3.1,1.33
"07010100010300000900","070101000103000009 , Callao,Callao,Callao,Centro Poblado: Callao,Mza: 009","009",80,86,32,0,0,0,0,0,0,0,28,1,0,0,3,0,0,4,2,20,2,0,5,28,4,37,166,48.2,28,14.3,0.8
"07010100010300001000","070101000103000010 , Callao,Callao,Callao,Centro Poblado: Callao,Mza: 010","010",166,190,51,0,0,0,0,0,0,0,51,0,0,0,0,0,0,3,3,38,7,0,5,51,4,98,356,46.6,51,5.9,0.8
"07010100010300001100","070101000103000011 , Callao,Callao,Callao,Centro Poblado: Callao,Mza: 011","011",48,49,20,0,0,0,0,0,0,0,20,0,0,0,0,0,0,0,20,0,0,0,3,20,4,22,97,49.5,20,0,1.33
"07010100010300001200","070101000103000012 , Callao,Callao,Callao,Centro Poblado: Callao,Mza: 012","012",73,88,29,0,0,0,1,0,0,0,27,2,0,0,0,0,0,9,0,14,4,0,3,27,4,42,161,45.3,27,33.3,1.33
"07010100010300001300","070101000103000013 , Callao,Callao,Callao,Centro Poblado: Callao,Mza: 013","013",74,76,28,0,0,0,0,0,0,0,27,1,0,0,0,0,0,4,3,18,2,0,4,27,4,37,150,49.3,27,14.8,1
"07010100010300001400","070101000103000014 , Callao,Callao,Callao,Centro Poblado: Callao,Mza: 014","014",89,89,36,2,0,0,0,0,0,0,38,0,0,0,0,0,0,4,2,26,6,0,3,38,4,40,178,50,38,10.5,1.33
"07010100010300001500","070101000103000015 , Callao,Callao,Callao,Centro Poblado: Callao,Mza: 015","015",57,62,23,0,0,0,0,0,0,0,23,0,0,0,0,0,0,1,1,21,0,0,4,23,4,30,119,47.9,23,4.3,1
"07010100010300001600","070101000103000016 , Callao,Callao,Callao,Centro Poblado: Callao,Mza: 016","016",47,53,23,0,0,0,0,0,0,0,23,0,0,0,0,0,0,0,0,23,0,0,4,23,4,28,100,47,23,0,1
"07010100010300001703","070101000103000017C, Callao,Callao,Callao,Centro Poblado: Callao,Mza: 017C","017C",75,98,29,0,1,0,0,2,0,0,32,0,0,0,0,0,0,5,3,20,4,0,4,32,4,39,173,43.4,32,15.6,1
"07010100010300001800","070101000103000018 , Callao,Callao,Callao,Centro Poblado: Callao,Mza: 018","018",166,195,42,0,0,0,0,0,0,0,41,0,0,0,0,0,1,3,2,35,1,0,6,41,4,81,361,46,41,7.3,0.67
"07010100010300002003","070101000103000020C, Callao,Callao,Callao,Centro Poblado: Callao,Mza: 020C","020C",53,43,20,0,0,0,0,0,0,0,18,0,0,0,2,0,0,1,5,8,4,0,5,18,3,29,96,55.2,18,5.6,0.6
"07010100010300002300","070101000103000023 , Callao,Callao,Callao,Centro Poblado: Callao,Mza: 023","023",89,100,36,10,0,0,0,0,0,0,45,1,0,0,0,0,0,17,1,25,2,0,3,45,4,49,189,47.1,45,37.8,1.33
"07010100010300002500","070101000103000025 , Callao,Callao,Callao,Centro Poblado: Callao,Mza: 025","025",25,25,8,3,0,0,0,0,0,0,11,0,0,0,0,0,0,2,0,6,3,0,3,11,4,13,50,50,11,18.2,1.33
"07010100010300002600","070101000103000026 , Callao,Callao,Callao,Centro Poblado: Callao,Mza: 026","026",30,32,12,0,0,0,0,0,0,0,12,0,0,0,0,0,0,0,0,7,5,0,4,12,5,12,62,48.4,12,0,1.25
"07010100010300002700","070101000103000027 , Callao,Callao,Callao,Centro Poblado: Callao,Mza: 027","027",106,103,61,0,0,0,0,0,0,0,58,1,1,0,1,0,0,9,5,19,25,0,3,58,3,62,209,50.7,58,15.5,1
"07010100010300002800","070101000103000028 , Callao,Callao,Callao,Centro Poblado: Callao,Mza: 028","028",176,177,55,13,9,0,0,0,0,0,74,2,1,0,0,0,0,19,3,47,5,0,3,74,4,85,353,49.9,74,25.7,1.33
"07010100010300002900","070101000103000029 , Callao,Callao,Callao,Centro Poblado: Callao,Mza: 029","029",45,43,24,0,0,0,1,0,0,0,21,2,1,0,0,0,0,1,3,12,5,0,3,21,4,23,88,51.1,21,4.8,1.33
"07010100010300003000","070101000103000030 , Callao,Callao,Callao,Centro Poblado: Callao,Mza: 030","030",28,39,17,0,0,0,0,0,0,0,16,1,0,0,0,0,0,0,1,15,0,0,4,16,4,16,67,41.8,16,0,1
"07010100010300003100","070101000103000031 , Callao,Callao,Callao,Centro Poblado: Callao,Mza: 031","031",123,133,70,2,0,0,0,0,0,0,69,3,0,0,0,0,0,5,8,55,1,0,3,69,4,72,256,48,69,7.2,1.33
"07010100010300003200","070101000103000032 , Callao,Callao,Callao,Centro Poblado: Callao,Mza: 032","032",86,104,43,0,0,0,0,0,0,0,42,1,0,0,0,0,0,8,3,31,0,0,3,42,4,44,190,45.3,42,19,1.33
"07010100010300003400","070101000103000034 , Callao,Callao,Callao,Centro Poblado: Callao,Mza: 034","034",105,132,46,10,0,0,0,0,0,0,55,1,0,0,0,0,0,10,3,31,11,0,3,55,4,55,237,44.3,55,18.2,1.33
"07010100010300003500","070101000103000035 , Callao,Callao,Callao,Centro Poblado: Callao,Mza: 035","035",116,126,32,22,0,0,0,0,0,0,50,2,1,0,0,0,1,12,3,27,8,0,4,50,5,51,242,47.9,50,24,1.25
"07010100010300003600","070101000103000036 , Callao,Callao,Callao,Centro Poblado: Callao,Mza: 036","036",155,154,32,41,0,0,0,0,0,0,63,4,4,0,1,1,0,4,5,47,7,0,4,63,5,66,309,50.2,63,6.3,1.25
"07010100010300003700","070101000103000037 , Callao,Callao,Callao,Centro Poblado: Callao,Mza: 037","037",105,96,41,4,0,0,0,0,0,0,42,2,0,0,0,1,0,4,10,22,6,0,3,42,4,50,201,52.2,42,9.5,1.33
"07010100010300003800","070101000103000038 , Callao,Callao,Callao,Centro Poblado: Callao,Mza: 038","038",89,98,14,15,0,0,0,0,0,0,29,0,0,0,0,0,0,1,3,25,0,0,4,29,4,49,187,47.6,29,3.4,1
"07010100010300003900","070101000103000039 , Callao,Callao,Callao,Centro Poblado: Callao,Mza: 039","039",104,127,29,22,0,0,0,0,0,0,51,0,0,0,0,0,0,5,6,26,14,0,4,51,4,62,231,45,51,9.8,1
"07010100010300004000","070101000103000040 , Callao,Callao,Callao,Centro Poblado: Callao,Mza: 040","040",96,115,27,17,0,0,0,0,0,0,42,1,0,0,1,0,0,3,4,33,2,0,4,42,4,57,211,45.5,42,7.1,1
"07010100010300004200","070101000103000042 , Callao,Callao,Callao,Centro Poblado: Callao,Mza: 042","042",173,177,47,29,0,0,0,0,0,0,73,3,0,0,0,0,0,27,9,26,11,0,3,73,4,85,350,49.4,73,37,1.33
"07010100010300004300","070101000103000043 , Callao,Callao,Callao,Centro Poblado: Callao,Mza: 043","043",141,138,51,10,0,0,0,0,0,0,59,1,1,0,0,0,0,9,7,31,12,0,3,59,4,69,279,50.5,59,15.3,1.33
"07010100010300004400","070101000103000044 , Callao,Callao,Callao,Centro Poblado: Callao,Mza: 044","044",179,166,69,21,0,0,0,0,0,0,86,0,3,0,0,1,0,29,7,33,17,0,3,86,4,94,345,51.9,86,33.7,1.33
"07010100010300004500","070101000103000045 , Callao,Callao,Callao,Centro Poblado: Callao,Mza: 045","045",102,105,33,20,0,1,0,0,0,0,52,2,0,0,0,0,0,10,7,25,9,1,3,52,3,60,207,49.3,52,19.2,1
"07010100010300004600","070101000103000046 , Callao,Callao,Callao,Centro Poblado: Callao,Mza: 046","046",275,273,89,21,0,0,0,0,0,0,105,3,0,0,1,1,0,13,21,59,12,0,4,105,5,119,548,50.2,105,12.4,1.25
"07010100010300004700","070101000103000047 , Callao,Callao,Callao,Centro Poblado: Callao,Mza: 047","047",77,78,30,5,0,0,0,0,0,0,32,2,0,0,0,0,1,0,5,23,4,0,4,32,5,33,155,49.7,32,0,1.25
"07010100010300004800","070101000103000048 , Callao,Callao,Callao,Centro Poblado: Callao,Mza: 048","048",44,43,16,6,0,0,0,0,0,0,22,0,0,0,0,0,0,4,9,9,0,0,3,22,4,24,87,50.6,22,18.2,1.33
"07010100010300004900","070101000103000049 , Callao,Callao,Callao,Centro Poblado: Callao,Mza: 049","049",37,36,16,4,0,0,0,0,0,0,20,0,0,0,0,0,0,6,4,10,0,0,2,20,4,20,73,50.7,20,30,2
"07010100010300005000","070101000103000050 , Callao,Callao,Callao,Centro Poblado: Callao,Mza: 050","050",54,57,16,1,0,0,0,0,0,0,17,0,0,0,0,0,0,0,0,12,5,0,4,17,6,19,111,48.6,17,0,1.5
"07010100010300005100","070101000103000051 , Callao,Callao,Callao,Centro Poblado: Callao,Mza: 051","051",33,31,15,0,0,0,0,0,0,0,14,0,0,0,1,0,0,2,1,7,3,1,3,14,5,14,64,51.6,14,14.3,1.67
"07010100010300005200","070101000103000052 , Callao,Callao,Callao,Centro Poblado: Callao,Mza: 052","052",30,36,16,0,0,0,0,0,0,0,16,0,0,0,0,0,0,0,5,11,0,0,3,16,4,16,66,45.5,16,0,1.33
"07010100010300005300","070101000103000053 , Callao,Callao,Callao,Centro Poblado: Callao,Mza: 053","053",27,29,14,3,0,0,0,0,0,0,16,0,1,0,0,0,0,2,2,12,0,0,5,16,4,16,56,48.2,16,12.5,0.8
"07010100010300005400","070101000103000054 , Callao,Callao,Callao,Centro Poblado: Callao,Mza: 054","054",85,95,24,15,0,0,0,0,0,0,38,1,0,0,0,0,0,7,2,24,5,0,4,38,4,43,180,47.2,38,18.4,1
"07010100010300005500","070101000103000055 , Callao,Callao,Callao,Centro Poblado: Callao,Mza: 055","055",48,65,11,14,0,0,0,0,0,0,24,0,1,0,0,0,0,8,3,13,0,0,4,24,4,27,113,42.5,24,33.3,1
"07010100010300005600","070101000103000056 , Callao,Callao,Callao,Centro Poblado: Callao,Mza: 056","056",24,31,10,6,0,0,0,0,0,0,16,0,0,0,0,0,0,3,2,10,1,0,3,16,3,17,55,43.6,16,18.8,1
"07010100010300005800","070101000103000058 , Callao,Callao,Callao,Centro Poblado: Callao,Mza: 058","058",46,54,19,4,0,0,0,0,0,0,23,0,0,0,0,0,0,5,1,15,2,0,3,23,4,25,100,46,23,21.7,1.33
"07010100010300005900","070101000103000059 , Callao,Callao,Callao,Centro Poblado: Callao,Mza: 059","059",60,47,23,0,0,0,0,0,0,0,21,2,0,0,0,0,0,2,2,15,2,0,4,21,4,25,107,56.1,21,9.5,1
"07010100010300006000","070101000103000060 , Callao,Callao,Callao,Centro Poblado: Callao,Mza: 060","060",38,44,16,5,0,0,0,0,0,0,20,0,0,0,1,0,0,3,1,15,1,0,4,20,4,21,82,46.3,20,15,1
"07010100010300006100","070101000103000061 , Callao,Callao,Callao,Centro Poblado: Callao,Mza: 061","061",66,64,22,5,0,0,0,0,0,0,26,0,0,0,1,0,0,2,1,17,6,0,4,26,5,27,130,50.8,26,7.7,1.25
"07010100010300006200","070101000103000062 , Callao,Callao,Callao,Centro Poblado: Callao,Mza: 062","062",26,25,14,5,0,0,0,0,0,0,15,0,4,0,0,0,0,8,1,4,2,0,3,15,3,17,51,51,15,53.3,1
"07010100010300088888","0701010001030008888, Callao,Callao,Callao,Centro Poblado: Callao,Mza: 8888","8888",44,78,8,0,0,0,3,0,0,0,8,0,0,0,0,0,0,2,2,1,3,0,4,8,3,11,122,36.1,8,25,0.75
"07010100010310000200","070101000103100002 , Callao,Callao,Callao,Centro Poblado: Callao,Mza: 002","002",47,25,25,0,0,0,0,0,0,0,23,0,2,0,0,0,0,7,0,12,4,0,3,23,3,23,72,65.3,23,30.4,1
"07010100010310000300","070101000103100003 , Callao,Callao,Callao,Centro Poblado: Callao,Mza: 003","003",33,37,19,0,0,0,0,0,0,0,16,1,2,0,0,0,0,0,3,8,5,0,3,16,4,17,70,47.1,16,0,1.33
"07010100010310000400","070101000103100004 , Callao,Callao,Callao,Centro Poblado: Callao,Mza: 004","004",60,56,30,0,0,0,0,0,0,0,25,3,1,0,1,0,0,7,0,17,1,0,3,25,4,27,116,51.7,25,28,1.33
"07010100010310000500","070101000103100005 , Callao,Callao,Callao,Centro Poblado: Callao,Mza: 005","005",56,53,25,0,2,0,0,0,0,0,23,1,3,0,0,0,0,0,0,20,2,1,3,23,5,24,109,51.4,23,0,1.67
"07010100010310000600","070101000103100006 , Callao,Callao,Callao,Centro Poblado: Callao,Mza: 006","006",56,60,26,0,0,0,0,0,0,0,20,2,4,0,0,0,0,2,0,17,1,0,3,20,4,26,116,48.3,20,10,1.33
"07010100010310000700","070101000103100007 , Callao,Callao,Callao,Centro Poblado: Callao,Mza: 007","007",52,54,24,5,0,0,0,0,0,0,28,0,1,0,0,0,0,3,0,16,9,0,3,28,4,30,106,49.1,28,10.7,1.33
"07010100010310000800","070101000103100008 , Callao,Callao,Callao,Centro Poblado: Callao,Mza: 008","008",31,35,21,0,0,0,0,0,0,0,20,1,0,0,0,0,0,1,4,15,0,0,3,20,3,20,66,47,20,5,1
"07010100010310000900","070101000103100009 , Callao,Callao,Callao,Centro Poblado: Callao,Mza: 009","009",76,72,36,0,0,0,0,0,0,0,33,1,2,0,0,0,0,10,3,17,3,0,3,33,4,33,148,51.4,33,30.3,1.33
"07010100010310001000","070101000103100010 , Callao,Callao,Callao,Centro Poblado: Callao,Mza: 010","010",51,48,22,0,0,0,0,0,0,0,22,0,0,0,0,0,0,0,2,16,4,0,3,22,4,22,99,51.5,22,0,1.33
"07010100010310001100","070101000103100011 , Callao,Callao,Callao,Centro Poblado: Callao,Mza: 011","011",46,57,26,0,0,0,0,0,0,0,25,0,0,0,0,1,0,3,1,21,0,0,2,25,4,27,103,44.7,25,12,2
"07010100010310001200","070101000103100012 , Callao,Callao,Callao,Centro Poblado: Callao,Mza: 012","012",34,43,16,6,0,0,0,0,0,0,20,2,0,0,0,0,0,8,0,10,2,0,2,20,4,21,77,44.2,20,40,2
"07010100010310001300","070101000103100013 , Callao,Callao,Callao,Centro Poblado: Callao,Mza: 013","013",51,61,21,0,0,0,0,0,0,0,21,0,0,0,0,0,0,1,1,12,7,0,4,21,4,25,112,45.5,21,4.8,1
"07010100010310001400","070101000103100014 , Callao,Callao,Callao,Centro Poblado: Callao,Mza: 014","014",61,66,21,8,0,0,0,0,0,0,29,0,0,0,0,0,0,3,4,14,8,0,3,29,4,29,127,48,29,10.3,1.33
"07010100010310001500","070101000103100015 , Callao,Callao,Callao,Centro Poblado: Callao,Mza: 015","015",50,46,15,15,0,0,0,0,0,0,23,2,5,0,0,0,0,4,5,8,6,0,3,23,4,26,96,52.1,23,17.4,1.33
"07010100010310001600","070101000103100016 , Callao,Callao,Callao,Centro Poblado: Callao,Mza: 016","016",56,52,19,3,0,0,0,0,0,0,21,0,1,0,0,0,0,0,0,13,8,0,4,21,5,23,108,51.9,21,0,1.25
"07010100010310001700","070101000103100017 , Callao,Callao,Callao,Centro Poblado: Callao,Mza: 017","017",66,69,35,10,0,0,0,0,0,0,41,2,2,0,0,0,0,21,1,13,6,0,2,41,3,43,135,48.9,41,51.2,1.5
"07010100010310001800","070101000103100018 , Callao,Callao,Callao,Centro Poblado: Callao,Mza: 018","018",55,52,25,0,0,0,0,0,0,0,23,0,0,0,2,0,0,2,2,13,6,0,3,23,3,31,107,51.4,23,8.7,1
"07010100010310002000","070101000103100020 , Callao,Callao,Callao,Centro Poblado: Callao,Mza: 020","020",47,52,26,0,0,0,0,0,0,0,26,0,0,0,0,0,0,1,2,19,4,0,3,26,4,28,99,47.5,26,3.8,1.33
"07010100010310002100","070101000103100021 , Callao,Callao,Callao,Centro Poblado: Callao,Mza: 021","021",33,34,26,0,0,0,0,0,0,0,23,1,2,0,0,0,0,3,0,15,5,0,3,23,3,23,67,49.3,23,13,1
"07010100010310002200","070101000103100022 , Callao,Callao,Callao,Centro Poblado: Callao,Mza: 022","022",25,28,18,0,0,0,0,0,0,0,13,0,5,0,0,0,0,0,4,9,0,0,3,13,4,15,53,47.2,13,0,1.33
"07010100010310002300","070101000103100023 , Callao,Callao,Callao,Centro Poblado: Callao,Mza: 023","023",57,63,21,0,0,0,0,0,0,0,19,0,2,0,0,0,0,0,0,12,7,0,3,19,6,20,120,47.5,19,0,2
"07010100010310002400","070101000103100024 , Callao,Callao,Callao,Centro Poblado: Callao,Mza: 024","024",60,58,28,0,0,0,0,0,0,0,21,1,6,0,0,0,0,2,1,16,2,0,3,21,5,24,118,50.8,21,9.5,1.67
"07010100010310002500","070101000103100025 , Callao,Callao,Callao,Centro Poblado: Callao,Mza: 025","025",58,54,20,0,0,0,0,0,0,0,19,1,0,0,0,0,0,2,0,14,3,0,4,19,4,25,112,51.8,19,10.5,1
"07010100010310002900","070101000103100029 , Callao,Callao,Callao,Centro Poblado: Callao,Mza: 029","029",45,30,10,0,0,0,0,0,0,0,10,0,0,0,0,0,0,1,0,9,0,0,5,10,5,15,75,60,10,10,1
"07010100010310003000","070101000103100030 , Callao,Callao,Callao,Centro Poblado: Callao,Mza: 030","030",38,43,18,0,0,0,0,0,0,0,17,1,0,0,0,0,0,2,3,7,5,0,3,17,5,17,81,46.9,17,11.8,1.67
"07010100010310003100","070101000103100031 , Callao,Callao,Callao,Centro Poblado: Callao,Mza: 031","031",33,36,17,0,0,0,0,0,0,0,16,0,0,0,0,0,1,3,0,8,5,0,2,16,4,16,69,47.8,16,18.8,2
"07010100010310003200","070101000103100032 , Callao,Callao,Callao,Centro Poblado: Callao,Mza: 032","032",41,49,20,0,0,0,0,0,0,0,20,0,0,0,0,0,0,1,4,11,4,0,2,20,4,20,90,45.6,20,5,2
"07010100010310003300","070101000103100033 , Callao,Callao,Callao,Centro Poblado: Callao,Mza: 033","033",41,38,15,0,0,0,0,0,0,0,15,0,0,0,0,0,0,3,0,10,2,0,3,15,5,15,79,51.9,15,20,1.67
"07010100010310003400","070101000103100034 , Callao,Callao,Callao,Centro Poblado: Callao,Mza: 034","034",31,47,21,0,0,0,0,0,0,0,19,0,2,0,0,0,0,1,3,15,0,0,3,19,4,19,78,39.7,19,5.3,1.33
"07010100010310003500","070101000103100035 , Callao,Callao,Callao,Centro Poblado: Callao,Mza: 035","035",44,53,18,11,0,0,0,0,0,0,29,0,0,0,0,0,0,11,4,11,3,0,2,29,3,31,97,45.4,29,37.9,1.5
"07010100010310003600","070101000103100036 , Callao,Callao,Callao,Centro Poblado: Callao,Mza: 036","036",40,44,22,0,0,0,0,0,0,0,19,2,1,0,0,0,0,3,2,11,3,0,4,19,4,20,84,47.6,19,15.8,1
"07010100010310003700","070101000103100037 , Callao,Callao,Callao,Centro Poblado: Callao,Mza: 037","037",44,51,22,4,0,0,0,0,0,0,26,0,0,0,0,0,0,5,6,12,3,0,3,26,4,26,95,46.3,26,19.2,1.33
"07010100010310003800","070101000103100038 , Callao,Callao,Callao,Centro Poblado: Callao,Mza: 038","038",39,45,18,8,0,0,0,0,0,0,23,2,1,0,0,0,0,7,3,10,3,0,3,23,4,23,84,46.4,23,30.4,1.33
"07010100010310003900","070101000103100039 , Callao,Callao,Callao,Centro Poblado: Callao,Mza: 039","039",39,47,17,5,0,0,0,0,0,0,19,2,1,0,0,0,0,6,2,8,3,0,3,19,4,22,86,45.3,19,31.6,1.33
"07010100010310004000","070101000103100040 , Callao,Callao,Callao,Centro Poblado: Callao,Mza: 040","040",63,67,28,0,0,0,0,0,0,0,27,1,0,0,0,0,0,8,4,12,3,0,3,27,5,28,130,48.5,27,29.6,1.67
"07010100010310004100","070101000103100041 , Callao,Callao,Callao,Centro Poblado: Callao,Mza: 041","041",58,60,31,0,0,0,0,0,0,0,31,0,0,0,0,0,0,11,0,13,7,0,2,31,4,32,118,49.2,31,35.5,2
"07010100010310004200","070101000103100042 , Callao,Callao,Callao,Centro Poblado: Callao,Mza: 042","042",48,58,28,0,0,0,0,0,0,0,27,0,1,0,0,0,0,4,0,19,4,0,3,27,4,27,106,45.3,27,14.8,1.33
"07010100010310004300","070101000103100043 , Callao,Callao,Callao,Centro Poblado: Callao,Mza: 043","043",46,55,20,0,0,0,0,0,0,0,20,0,0,0,0,0,0,2,0,17,1,0,4,20,5,21,101,45.5,20,10,1.25
"07010100010310004400","070101000103100044 , Callao,Callao,Callao,Centro Poblado: Callao,Mza: 044","044",122,134,49,0,2,0,0,0,0,0,51,0,0,0,0,0,0,2,6,39,2,2,4,51,4,61,256,47.7,51,3.9,1
"07010100010310004500","070101000103100045 , Callao,Callao,Callao,Centro Poblado: Callao,Mza: 045","045",117,134,58,0,0,0,0,0,0,0,50,3,5,0,0,0,0,8,8,30,4,0,3,50,5,55,251,46.6,50,16,1.67
"07010100010310004700","070101000103100047 , Callao,Callao,Callao,Centro Poblado: Callao,Mza: 047","047",127,133,52,0,0,0,0,0,0,0,42,3,5,0,1,1,0,5,2,27,8,0,4,42,5,57,260,48.8,42,11.9,1.25
"07010100010310004800","070101000103100048 , Callao,Callao,Callao,Centro Poblado: Callao,Mza: 048","048",102,101,42,0,0,0,0,0,0,0,38,0,0,0,3,1,0,4,6,23,5,0,4,38,4,50,203,50.2,38,10.5,1
"07010100010310004900","070101000103100049 , Callao,Callao,Callao,Centro Poblado: Callao,Mza: 049","049",125,166,57,1,4,0,0,0,0,0,58,4,0,0,0,0,0,12,18,21,7,0,3,58,4,68,291,43,58,20.7,1.33
"07010100010310005000","070101000103100050 , Callao,Callao,Callao,Centro Poblado: Callao,Mza: 050","050",119,132,65,0,0,0,0,0,0,0,64,1,0,0,0,0,0,9,12,37,6,0,3,64,4,68,251,47.4,64,14.1,1.33
"07010100010310005100","070101000103100051 , Callao,Callao,Callao,Centro Poblado: Callao,Mza: 051","051",103,107,50,0,0,0,0,0,0,0,49,0,1,0,0,0,0,9,3,31,6,0,3,49,4,49,210,49,49,18.4,1.33
"07010100010310005200","070101000103100052 , Callao,Callao,Callao,Centro Poblado: Callao,Mza: 052","052",113,125,44,9,0,0,0,0,0,0,49,1,0,0,3,0,0,5,11,30,3,0,3,49,4,58,238,47.5,49,10.2,1.33
"07010100010310005300","070101000103100053 , Callao,Callao,Callao,Centro Poblado: Callao,Mza: 053","053",111,116,46,0,0,0,0,0,0,0,42,1,3,0,0,0,0,3,2,34,3,0,3,42,5,47,227,48.9,42,7.1,1.67
"07010100010310005400","070101000103100054 , Callao,Callao,Callao,Centro Poblado: Callao,Mza: 054","054",115,111,57,0,0,0,0,0,0,0,51,1,5,0,0,0,0,8,4,31,8,0,4,51,4,59,226,50.9,51,15.7,1
"07010100010310005500","070101000103100055 , Callao,Callao,Callao,Centro Poblado: Callao,Mza: 055","055",104,99,38,12,0,0,0,0,0,0,38,4,7,0,0,0,1,6,2,27,3,0,4,38,5,38,203,51.2,38,15.8,1.25
"07010100010310005600","070101000103100056 , Callao,Callao,Callao,Centro Poblado: Callao,Mza: 056","056",100,100,53,0,0,0,0,0,0,0,41,3,8,0,1,0,0,4,3,26,8,0,4,41,4,48,200,50,41,9.8,1
"07010100010310005700","070101000103100057 , Callao,Callao,Callao,Centro Poblado: Callao,Mza: 057","057",124,107,53,0,0,0,0,0,0,0,45,3,4,0,0,0,1,11,1,27,5,1,4,45,5,51,231,53.7,45,24.4,1.25
"07010100010310005800","070101000103100058 , Callao,Callao,Callao,Centro Poblado: Callao,Mza: 058","058",122,136,58,0,0,0,0,0,0,0,49,2,4,0,0,0,3,8,11,27,3,0,3,49,4,65,258,47.3,49,16.3,1.33
"07010100010310005900","070101000103100059 , Callao,Callao,Callao,Centro Poblado: Callao,Mza: 059","059",144,159,71,1,0,0,0,0,0,0,66,4,2,0,0,0,0,13,8,28,17,0,3,66,4,80,303,47.5,66,19.7,1.33
"07010100010310006000","070101000103100060 , Callao,Callao,Callao,Centro Poblado: Callao,Mza: 060","060",120,138,53,0,0,0,0,0,0,0,45,5,3,0,0,0,0,5,2,33,5,0,4,45,4,58,258,46.5,45,11.1,1
"07010100010310088888","0701010001031008888, Callao,Callao,Callao,Centro Poblado: Callao,Mza: 8888","8888",2,0,3,0,0,0,0,0,0,0,2,0,0,0,1,0,0,1,0,0,1,0,2,2,1,2,2,100,2,50,0.5
"07010100010320000100","070101000103200001 , Callao,Callao,Callao,Centro Poblado: Callao,Mza: 001","001",31,21,7,0,0,0,0,0,0,0,7,0,0,0,0,0,0,0,1,5,1,0,4,7,7,7,52,59.6,7,0,1.75
"07010100010320000200","070101000103200002 , Callao,Callao,Callao,Centro Poblado: Callao,Mza: 002","002",80,83,24,0,8,0,0,8,0,0,38,1,0,0,1,0,0,10,4,18,6,0,2,38,4,38,163,49.1,38,26.3,2
"07010100010320000300","070101000103200003 , Callao,Callao,Callao,Centro Poblado: Callao,Mza: 003","003",146,137,56,4,4,0,0,0,0,0,64,0,0,0,0,0,0,18,13,29,4,0,3,64,4,68,283,51.6,64,28.1,1.33
"07010100010320000500","070101000103200005 , Callao,Callao,Callao,Centro Poblado: Callao,Mza: 005","005",58,71,27,0,0,0,0,0,0,0,20,2,4,1,0,0,0,3,3,10,4,0,4,20,5,25,129,45,20,15,1.25
"07010100010320000600","070101000103200006 , Callao,Callao,Callao,Centro Poblado: Callao,Mza: 006","006",49,65,31,0,0,0,0,0,0,0,23,1,6,0,0,0,1,1,8,13,1,0,4,23,4,27,114,43,23,4.3,1
"07010100010320000700","070101000103200007 , Callao,Callao,Callao,Centro Poblado: Callao,Mza: 007","007",82,97,35,4,0,0,0,0,0,0,35,3,0,0,1,0,0,5,5,22,3,0,4,35,5,35,179,45.8,35,14.3,1.25
"07010100010320000800","070101000103200008 , Callao,Callao,Callao,Centro Poblado: Callao,Mza: 008","008",63,77,33,0,0,0,0,0,0,0,31,1,1,0,0,0,0,7,0,16,8,0,3,31,4,36,140,45,31,22.6,1.33
"07010100010320000900","070101000103200009 , Callao,Callao,Callao,Centro Poblado: Callao,Mza: 009","009",108,128,39,0,0,0,0,0,0,0,39,0,0,0,0,0,0,0,2,32,5,0,5,39,4,60,236,45.8,39,0,0.8
"07010100010320001000","070101000103200010 , Callao,Callao,Callao,Centro Poblado: Callao,Mza: 010","010",128,120,49,1,0,0,0,0,0,0,45,2,3,0,0,0,0,5,7,27,6,0,5,45,4,66,248,51.6,45,11.1,0.8
"07010100010320001200","070101000103200012 , Callao,Callao,Callao,Centro Poblado: Callao,Mza: 012","012",113,124,61,5,0,0,0,0,0,0,55,3,8,0,0,0,0,6,2,30,17,0,3,55,4,59,237,47.7,55,10.9,1.33
"07010100010320001300","070101000103200013 , Callao,Callao,Callao,Centro Poblado: Callao,Mza: 013","013",99,111,59,0,0,0,0,0,1,0,57,3,0,0,0,0,0,5,5,37,10,0,3,57,4,60,210,47.1,57,8.8,1.33
"07010100010320001400","070101000103200014 , Callao,Callao,Callao,Centro Poblado: Callao,Mza: 014","014",155,144,55,5,0,0,0,3,0,0,56,2,5,0,0,0,0,19,10,25,2,0,4,56,4,75,299,51.8,56,33.9,1
"07010100010320001500","070101000103200015 , Callao,Callao,Callao,Centro Poblado: Callao,Mza: 015","015",136,141,60,0,0,0,1,0,0,0,55,3,2,0,0,0,0,4,2,33,16,0,4,55,3,80,277,49.1,55,7.3,0.75
"07010100010320001600","070101000103200016 , Callao,Callao,Callao,Centro Poblado: Callao,Mza: 016","016",146,136,70,0,0,0,0,0,0,0,68,2,0,0,0,0,0,6,3,51,8,0,4,68,4,75,282,51.8,68,8.8,1
"07010100010320001700","070101000103200017 , Callao,Callao,Callao,Centro Poblado: Callao,Mza: 017","017",99,118,50,0,0,0,0,0,0,0,38,2,9,0,1,0,0,2,2,32,2,0,5,38,4,57,217,45.6,38,5.3,0.8
"07010100010320002200","070101000103200022 , Callao,Callao,Callao,Centro Poblado: Callao,Mza: 022","022",127,114,43,5,0,0,0,0,0,0,41,3,4,0,0,0,0,5,3,29,4,0,4,41,5,52,241,52.7,41,12.2,1.25
"07010100010320002300","070101000103200023 , Callao,Callao,Callao,Centro Poblado: Callao,Mza: 023","023",142,154,62,0,0,0,2,0,0,0,53,7,2,0,0,0,0,11,2,31,9,0,3,53,4,65,296,48,53,20.8,1.33
"07010100010320002400","070101000103200024 , Callao,Callao,Callao,Centro Poblado: Callao,Mza: 024","024",107,113,43,2,0,0,0,0,0,0,43,2,0,0,0,0,0,13,6,17,7,0,4,43,5,43,220,48.6,43,30.2,1.25
"07010100010320002600","070101000103200026 , Callao,Callao,Callao,Centro Poblado: Callao,Mza: 026","026",103,137,46,16,3,0,0,0,0,0,60,4,0,1,0,0,0,13,1,35,11,0,4,60,4,64,240,42.9,60,21.7,1
"07010100010320002700","070101000103200027 , Callao,Callao,Callao,Centro Poblado: Callao,Mza: 027","027",131,127,62,2,0,0,5,0,0,0,59,5,0,0,0,0,0,16,7,23,13,0,3,59,4,65,258,50.8,59,27.1,1.33
"07010100010320002800","070101000103200028 , Callao,Callao,Callao,Centro Poblado: Callao,Mza: 028","028",132,122,54,5,0,0,0,0,0,0,52,1,5,0,0,1,0,20,1,21,10,0,4,52,4,64,254,52,52,38.5,1
"07010100010320002900","070101000103200029 , Callao,Callao,Callao,Centro Poblado: Callao,Mza: 029","029",171,171,61,5,0,0,1,0,1,0,64,3,0,0,0,0,0,25,6,28,5,0,4,64,4,87,342,50,64,39.1,1
"07010100010320003200","070101000103200032 , Callao,Callao,Callao,Centro Poblado: Callao,Mza: 032","032",104,106,49,2,3,0,0,0,0,0,53,0,1,0,0,0,0,6,4,29,13,1,4,53,3,64,210,49.5,53,11.3,0.75
"07010100010320003300","070101000103200033 , Callao,Callao,Callao,Centro Poblado: Callao,Mza: 033","033",65,70,36,0,0,0,0,0,0,0,30,2,1,0,1,2,0,13,2,11,4,0,3,30,4,37,135,48.1,30,43.3,1.33
"07010100010320003500","070101000103200035 , Callao,Callao,Callao,Centro Poblado: Callao,Mza: 035","035",27,31,11,0,0,0,0,0,0,0,11,0,0,0,0,0,0,2,4,5,0,0,3,11,4,14,58,46.6,11,18.2,1.33
"07010100010320003600","070101000103200036 , Callao,Callao,Callao,Centro Poblado: Callao,Mza: 036","036",82,77,37,0,2,0,0,0,0,0,35,1,2,0,0,0,1,9,5,18,3,0,3,35,5,35,159,51.6,35,25.7,1.67
"07010100010320003700","070101000103200037 , Callao,Callao,Callao,Centro Poblado: Callao,Mza: 037","037",65,76,33,2,0,0,0,0,0,0,30,2,3,0,0,0,0,8,2,19,1,0,3,30,4,32,141,46.1,30,26.7,1.33
"07010100010320003800","070101000103200038 , Callao,Callao,Callao,Centro Poblado: Callao,Mza: 038","038",87,98,37,16,0,0,0,0,0,0,48,2,2,1,0,0,0,20,2,24,2,0,2,48,4,49,185,47,48,41.7,2
"07010100010320003900","070101000103200039 , Callao,Callao,Callao,Centro Poblado: Callao,Mza: 039","039",100,108,44,0,0,0,0,0,0,0,44,0,0,0,0,0,0,14,6,19,5,0,4,44,4,49,208,48.1,44,31.8,1
"07010100010320004000","070101000103200040 , Callao,Callao,Callao,Centro Poblado: Callao,Mza: 040","040",68,69,41,0,0,0,1,0,0,0,37,3,0,0,1,0,0,9,3,19,6,0,3,37,3,38,137,49.6,37,24.3,1
"07010100010320004100","070101000103200041 , Callao,Callao,Callao,Centro Poblado: Callao,Mza: 041","041",67,81,36,3,0,0,2,0,0,0,39,0,0,0,0,0,0,11,0,12,16,0,3,39,3,41,148,45.3,39,28.2,1
"07010100010320004300","070101000103200043 , Callao,Callao,Callao,Centro Poblado: Callao,Mza: 043","043",122,95,44,2,0,0,0,0,0,0,44,2,0,0,0,0,0,12,5,25,2,0,4,44,5,46,217,56.2,44,27.3,1.25
"07010100010320004400","070101000103200044 , Callao,Callao,Callao,Centro Poblado: Callao,Mza: 044","044",106,102,40,0,0,0,0,0,0,0,34,2,4,0,0,0,0,10,4,19,1,0,4,34,4,47,208,51,34,29.4,1
"07010100010320004500","070101000103200045 , Callao,Callao,Callao,Centro Poblado: Callao,Mza: 045","045",49,42,23,2,0,0,0,0,0,0,17,1,4,0,2,0,1,7,0,8,2,0,3,17,4,22,91,53.8,17,41.2,1.33
"07010100010320004600","070101000103200046 , Callao,Callao,Callao,Centro Poblado: Callao,Mza: 046","046",62,66,27,0,0,0,0,0,0,0,24,1,2,0,0,0,0,2,5,14,3,0,4,24,5,25,128,48.4,24,8.3,1.25
"07010100010320004700","070101000103200047 , Callao,Callao,Callao,Centro Poblado: Callao,Mza: 047","047",69,84,41,4,0,0,0,0,0,0,43,1,1,0,0,0,0,14,1,17,11,0,3,43,3,45,153,45.1,43,32.6,1
"07010100010320004800","070101000103200048 , Callao,Callao,Callao,Centro Poblado: Callao,Mza: 048","048",106,96,35,0,0,0,0,0,0,0,27,3,5,0,0,0,0,5,3,16,3,0,5,27,4,46,202,52.5,27,18.5,0.8
"07010100010320005000","070101000103200050 , Callao,Callao,Callao,Centro Poblado: Callao,Mza: 050","050",85,93,35,1,0,0,0,0,0,0,31,1,4,0,0,0,0,8,7,12,4,0,4,31,4,42,178,47.8,31,25.8,1
"07010100010320005100","070101000103200051 , Callao,Callao,Callao,Centro Poblado: Callao,Mza: 051","051",62,51,24,0,0,0,0,0,0,0,24,0,0,0,0,0,0,3,2,16,2,1,4,24,4,28,113,54.9,24,12.5,1
"07010100010320005200","070101000103200052 , Callao,Callao,Callao,Centro Poblado: Callao,Mza: 052","052",95,101,34,3,0,0,0,0,0,0,37,0,0,0,0,0,0,7,4,22,4,0,3,37,4,46,196,48.5,37,18.9,1.33
"07010100010320005300","070101000103200053 , Callao,Callao,Callao,Centro Poblado: Callao,Mza: 053","053",87,84,54,0,0,0,0,0,0,0,43,3,8,0,0,0,0,16,3,21,3,0,4,43,4,48,171,50.9,43,37.2,1
"07010100010320088888","0701010001032008888, Callao,Callao,Callao,Centro Poblado: Callao,Mza: 8888","8888",9,3,7,0,0,0,0,0,0,0,7,0,0,0,0,0,0,0,6,1,0,0,3,7,2,7,12,75,7,0,0.67
"07010100010330000100","070101000103300001 , Callao,Callao,Callao,Centro Poblado: Callao,Mza: 001","001",82,84,37,0,0,0,0,0,0,0,35,1,0,1,0,0,0,7,8,17,3,0,4,35,4,42,166,49.4,35,20,1
"07010100010330000300","070101000103300003 , Callao,Callao,Callao,Centro Poblado: Callao,Mza: 003","003",131,130,43,0,0,0,0,0,0,0,43,0,0,0,0,0,0,5,7,21,10,0,5,43,4,70,261,50.2,43,11.6,0.8
"07010100010330000400","070101000103300004 , Callao,Callao,Callao,Centro Poblado: Callao,Mza: 004","004",148,129,72,0,0,0,0,0,0,0,71,1,0,0,0,0,0,12,4,34,21,0,3,71,4,73,277,53.4,71,16.9,1.33
"07010100010330000500","070101000103300005 , Callao,Callao,Callao,Centro Poblado: Callao,Mza: 005","005",62,70,27,0,0,0,3,0,0,0,27,0,0,0,0,0,0,1,13,11,2,0,3,27,4,31,132,47,27,3.7,1.33
"07010100010330000600","070101000103300006 , Callao,Callao,Callao,Centro Poblado: Callao,Mza: 006","006",93,100,51,0,0,0,0,0,0,0,51,0,0,0,0,0,0,3,7,28,13,0,3,51,4,51,193,48.2,51,5.9,1.33
"07010100010330000900","070101000103300009 , Callao,Callao,Callao,Centro Poblado: Callao,Mza: 009","009",26,31,14,0,0,2,0,0,0,0,16,0,0,0,0,0,0,0,16,0,0,0,2,16,4,16,57,45.6,16,0,2
"07010100010330001000","070101000103300010 , Callao,Callao,Callao,Centro Poblado: Callao,Mza: 010","010",38,33,25,0,0,1,0,0,0,0,26,0,0,0,0,0,0,0,24,2,0,0,2,26,3,26,71,53.5,26,0,1.5
"07010100010330001100","070101000103300011 , Callao,Callao,Callao,Centro Poblado: Callao,Mza: 011","011",101,122,65,0,0,0,0,0,0,0,64,0,1,0,0,0,0,19,2,40,3,0,3,64,3,64,223,45.3,64,29.7,1
"07010100010330001200","070101000103300012 , Callao,Callao,Callao,Centro Poblado: Callao,Mza: 012","012",116,139,56,0,0,0,0,0,0,0,53,0,3,0,0,0,0,11,6,32,4,0,4,53,4,72,255,45.5,53,20.8,1
"07010100010330001300","070101000103300013 , Callao,Callao,Callao,Centro Poblado: Callao,Mza: 013","013",169,182,79,0,0,0,0,0,0,0,73,2,2,0,1,1,0,15,15,40,3,0,4,73,4,89,351,48.1,73,20.5,1
"07010100010330001500","070101000103300015 , Callao,Callao,Callao,Centro Poblado: Callao,Mza: 015","015",153,164,80,1,0,0,1,0,0,0,65,2,12,0,2,0,0,11,8,34,11,1,4,65,4,81,317,48.3,65,16.9,1
"07010100010330001600","070101000103300016 , Callao,Callao,Callao,Centro Poblado: Callao,Mza: 016","016",50,63,24,0,0,0,0,0,0,0,23,1,0,0,0,0,0,2,6,15,0,0,4,23,4,27,113,44.2,23,8.7,1
"07010100010330001700","070101000103300017 , Callao,Callao,Callao,Centro Poblado: Callao,Mza: 017","017",177,219,84,0,0,0,1,0,0,0,79,1,2,1,1,0,0,2,15,45,16,1,4,79,4,108,396,44.7,79,2.5,1
"07010100010330001900","070101000103300019 , Callao,Callao,Callao,Centro Poblado: Callao,Mza: 019","019",155,146,53,0,0,0,0,0,0,0,49,3,1,0,0,0,0,7,6,34,2,0,4,49,4,75,301,51.5,49,14.3,1
"07010100010330002000","070101000103300020 , Callao,Callao,Callao,Centro Poblado: Callao,Mza: 020","020",26,41,9,0,0,0,0,0,0,0,9,0,0,0,0,0,0,0,7,2,0,0,4,9,6,11,67,38.8,9,0,1.5
"07010100010330002100","070101000103300021 , Callao,Callao,Callao,Centro Poblado: Callao,Mza: 021","021",147,152,44,14,0,0,0,3,0,0,58,3,0,0,0,0,0,19,3,27,9,0,4,58,4,77,299,49.2,58,32.8,1
"07010100010330002200","070101000103300022 , Callao,Callao,Callao,Centro Poblado: Callao,Mza: 022","022",112,130,45,0,0,0,1,2,0,0,47,0,0,0,0,0,0,8,3,25,11,0,3,47,4,62,242,46.3,47,17,1.33
"07010100010330002300","070101000103300023 , Callao,Callao,Callao,Centro Poblado: Callao,Mza: 023","023",80,81,27,0,0,0,0,0,0,0,27,0,0,0,0,0,0,1,2,22,2,0,5,27,4,38,161,49.7,27,3.7,0.8
"07010100010330002400","070101000103300024 , Callao,Callao,Callao,Centro Poblado: Callao,Mza: 024","024",114,90,50,0,0,0,0,0,0,0,47,3,0,0,0,0,0,3,2,42,0,0,4,47,4,54,204,55.9,47,6.4,1
"07010100010330002600","070101000103300026 , Callao,Callao,Callao,Centro Poblado: Callao,Mza: 026","026",98,96,41,7,0,0,0,0,0,0,46,0,2,0,0,0,0,6,9,26,5,0,4,46,4,53,194,50.5,46,13,1
"07010100010330002700","070101000103300027 , Callao,Callao,Callao,Centro Poblado: Callao,Mza: 027","027",52,57,14,9,0,0,0,0,0,0,22,0,1,0,0,0,0,4,1,16,1,0,3,22,5,22,109,47.7,22,18.2,1.67
"07010100010330002800","070101000103300028 , Callao,Callao,Callao,Centro Poblado: Callao,Mza: 028","028",81,80,41,1,0,0,0,0,0,0,42,0,0,0,0,0,0,1,4,35,2,0,4,42,4,44,161,50.3,42,2.4,1
"07010100010330002900","070101000103300029 , Callao,Callao,Callao,Centro Poblado: Callao,Mza: 029","029",83,107,34,13,0,0,0,0,0,0,44,0,1,0,2,0,0,7,1,29,7,0,3,44,4,51,190,43.7,44,15.9,1.33
"07010100010330003000","070101000103300030 , Callao,Callao,Callao,Centro Poblado: Callao,Mza: 030","030",107,109,48,2,0,0,0,0,0,0,49,0,1,0,0,0,0,7,7,30,3,2,3,49,4,51,216,49.5,49,14.3,1.33
"07010100010330003100","070101000103300031 , Callao,Callao,Callao,Centro Poblado: Callao,Mza: 031","031",64,60,33,0,0,0,0,0,0,0,32,1,0,0,0,0,0,2,1,21,8,0,4,32,4,33,124,51.6,32,6.2,1
"07010100010330003200","070101000103300032 , Callao,Callao,Callao,Centro Poblado: Callao,Mza: 032","032",41,51,22,0,0,0,0,0,0,0,22,0,0,0,0,0,0,1,2,14,5,0,4,22,4,23,92,44.6,22,4.5,1
"07010100010330003400","070101000103300034 , Callao,Callao,Callao,Centro Poblado: Callao,Mza: 034","034",145,146,61,0,0,0,0,0,0,0,61,0,0,0,0,0,0,3,4,44,10,0,3,61,4,65,291,49.8,61,4.9,1.33
"07010100010330003500","070101000103300035 , Callao,Callao,Callao,Centro Poblado: Callao,Mza: 035","035",135,147,65,10,0,0,0,0,0,0,73,1,0,0,0,0,1,24,10,33,2,4,3,73,4,74,282,47.9,73,32.9,1.33
"07010100010330003700","070101000103300037 , Callao,Callao,Callao,Centro Poblado: Callao,Mza: 037","037",185,207,94,4,0,0,0,0,0,0,95,3,0,0,0,0,0,8,15,54,18,0,4,95,4,97,392,47.2,95,8.4,1
"07010100010330003800","070101000103300038 , Callao,Callao,Callao,Centro Poblado: Callao,Mza: 038","038",110,111,56,0,0,0,0,0,0,0,53,1,2,0,0,0,0,2,6,40,5,0,3,53,4,55,221,49.8,53,3.8,1.33
"07010100010330003900","070101000103300039 , Callao,Callao,Callao,Centro Poblado: Callao,Mza: 039","039",101,97,52,0,0,0,0,0,0,0,46,1,4,0,1,0,0,1,1,43,1,0,3,46,4,48,198,51,46,2.2,1.33
"07010100010330004000","070101000103300040 , Callao,Callao,Callao,Centro Poblado: Callao,Mza: 040","040",102,91,51,0,0,0,0,0,0,0,48,2,0,0,1,0,0,4,9,24,11,0,3,48,4,48,193,52.8,48,8.3,1.33
"07010100010330004100","070101000103300041 , Callao,Callao,Callao,Centro Poblado: Callao,Mza: 041","041",140,130,58,0,0,0,0,0,0,0,57,1,0,0,0,0,0,4,1,32,20,0,3,57,4,67,270,51.9,57,7,1.33
"07010100010330004200","070101000103300042 , Callao,Callao,Callao,Centro Poblado: Callao,Mza: 042","042",111,111,47,0,0,0,0,0,0,0,46,0,0,0,0,0,1,5,4,33,4,0,3,46,4,51,222,50,46,10.9,1.33
"07010100010330004400","070101000103300044 , Callao,Callao,Callao,Centro Poblado: Callao,Mza: 044","044",146,149,60,0,0,0,0,0,0,0,57,2,0,0,0,0,1,10,6,32,9,0,4,57,5,61,295,49.5,57,17.5,1.25
"07010100010330004700","070101000103300047 , Callao,Callao,Callao,Centro Poblado: Callao,Mza: 047","047",76,90,39,0,0,1,0,0,0,0,40,0,0,0,0,0,0,8,5,16,11,0,3,40,4,41,166,45.8,40,20,1.33
"07010100010330004800","070101000103300048 , Callao,Callao,Callao,Centro Poblado: Callao,Mza: 048","048",61,66,31,0,0,0,0,0,0,0,29,2,0,0,0,0,0,2,0,19,8,0,3,29,4,30,127,48,29,6.9,1.33
"07010100010330004900","070101000103300049 , Callao,Callao,Callao,Centro Poblado: Callao,Mza: 049","049",74,73,26,5,0,0,0,0,0,0,30,0,0,0,1,0,0,5,5,20,0,0,3,30,4,39,147,50.3,30,16.7,1.33
"07010100010330005000","070101000103300050 , Callao,Callao,Callao,Centro Poblado: Callao,Mza: 050","050",89,90,37,9,0,0,0,0,0,0,38,0,8,0,0,0,0,3,2,27,6,0,3,38,5,38,179,49.7,38,7.9,1.67
"07010100010330005200","070101000103300052 , Callao,Callao,Callao,Centro Poblado: Callao,Mza: 052","052",99,109,49,0,0,0,2,0,0,0,47,1,1,0,0,0,0,11,5,27,4,0,3,47,4,52,208,47.6,47,23.4,1.33
"07010100010330005300","070101000103300053 , Callao,Callao,Callao,Centro Poblado: Callao,Mza: 053","053",188,166,64,0,0,0,0,0,0,0,64,0,0,0,0,0,0,3,7,42,12,0,4,64,5,68,354,53.1,64,4.7,1.25
"07010100010330005400","070101000103300054 , Callao,Callao,Callao,Centro Poblado: Callao,Mza: 054","054",188,200,59,4,0,0,0,0,0,0,62,0,1,0,0,0,0,8,11,38,5,0,4,62,5,80,388,48.5,62,12.9,1.25
"07010100010330005500","070101000103300055 , Callao,Callao,Callao,Centro Poblado: Callao,Mza: 055","055",205,192,84,5,0,0,0,0,0,0,86,2,1,0,0,0,0,13,13,57,3,0,3,86,5,88,397,51.6,86,15.1,1.67
"07010100010330005600","070101000103300056 , Callao,Callao,Callao,Centro Poblado: Callao,Mza: 056","056",300,304,106,0,0,0,3,0,0,0,103,3,0,0,0,0,0,11,15,59,17,1,3,103,4,110,604,49.7,103,10.7,1.33
"07010100010330005700","070101000103300057 , Callao,Callao,Callao,Centro Poblado: Callao,Mza: 057","057",134,163,62,0,0,0,0,0,0,0,59,2,1,0,0,0,0,3,3,38,15,0,4,59,4,73,297,45.1,59,5.1,1
"07010100010330088888","0701010001033008888, Callao,Callao,Callao,Centro Poblado: Callao,Mza: 8888","8888",16,17,15,0,1,0,1,0,0,0,14,1,0,0,1,0,0,1,8,3,2,0,3,14,2,15,33,48.5,14,7.1,0.67
"07010100010340000200","070101000103400002 , Callao,Callao,Callao,Centro Poblado: Callao,Mza: 002","002",15,16,12,0,0,0,0,0,0,0,11,0,0,0,0,1,0,1,1,9,0,0,3,11,3,12,31,48.4,11,9.1,1
"07010100010340000300","070101000103400003 , Callao,Callao,Callao,Centro Poblado: Callao,Mza: 003","003",21,23,13,0,0,0,0,0,0,0,12,0,0,0,1,0,0,0,0,12,0,0,3,12,4,12,44,47.7,12,0,1.33
"07010100010340000400","070101000103400004 , Callao,Callao,Callao,Centro Poblado: Callao,Mza: 004","004",16,19,12,0,0,0,0,0,0,0,9,1,1,0,1,0,0,0,1,8,0,0,3,9,4,10,35,45.7,9,0,1.33
"07010100010340000500","070101000103400005 , Callao,Callao,Callao,Centro Poblado: Callao,Mza: 005","005",48,46,26,0,0,0,0,0,0,0,22,2,2,0,0,0,0,0,0,22,0,0,4,22,4,25,94,51.1,22,0,1
"07010100010340000600","070101000103400006 , Callao,Callao,Callao,Centro Poblado: Callao,Mza: 006","006",63,59,26,0,0,0,0,0,0,0,24,2,0,0,0,0,0,1,4,18,1,0,5,24,4,30,122,51.6,24,4.2,0.8
"07010100010340000800","070101000103400008 , Callao,Callao,Callao,Centro Poblado: Callao,Mza: 008","008",59,56,29,0,0,0,0,0,0,0,24,1,4,0,0,0,0,6,1,16,1,0,5,24,3,36,115,51.3,24,25,0.6
"07010100010340000900","070101000103400009 , Callao,Callao,Callao,Centro Poblado: Callao,Mza: 009","009",84,63,26,0,0,0,0,0,0,0,24,1,1,0,0,0,0,1,0,19,4,0,4,24,4,33,147,57.1,24,4.2,1
"07010100010340001000","070101000103400010 , Callao,Callao,Callao,Centro Poblado: Callao,Mza: 010","010",275,283,132,3,0,0,0,0,2,0,129,7,0,0,1,0,0,21,18,87,3,0,3,129,4,150,558,49.3,129,16.3,1.33
"07010100010340001100","070101000103400011 , Callao,Callao,Callao,Centro Poblado: Callao,Mza: 011","011",50,41,26,0,0,0,0,0,0,0,26,0,0,0,0,0,0,9,16,1,0,0,2,26,4,26,91,54.9,26,34.6,2
"07010100010340001200","070101000103400012 , Callao,Callao,Callao,Centro Poblado: Callao,Mza: 012","012",48,50,33,2,0,0,0,0,0,0,33,2,0,0,0,0,0,20,7,5,1,0,2,33,3,34,98,49,33,60.6,1.5
"07010100010340001300","070101000103400013 , Callao,Callao,Callao,Centro Poblado: Callao,Mza: 013","013",90,102,38,6,0,0,0,0,0,0,43,1,0,0,0,0,0,7,9,22,5,0,4,43,4,49,192,46.9,43,16.3,1
"07010100010340001400","070101000103400014 , Callao,Callao,Callao,Centro Poblado: Callao,Mza: 014","014",78,76,35,2,0,0,0,0,0,0,32,3,2,0,0,0,0,4,2,24,2,0,4,32,4,36,154,50.6,32,12.5,1
"07010100010340001500","070101000103400015 , Callao,Callao,Callao,Centro Poblado: Callao,Mza: 015","015",95,102,49,0,0,0,0,0,0,0,47,2,0,0,0,0,0,1,1,42,3,0,3,47,4,53,197,48.2,47,2.1,1.33
"07010100010340001600","070101000103400016 , Callao,Callao,Callao,Centro Poblado: Callao,Mza: 016","016",91,95,42,6,0,0,0,0,0,0,46,2,0,0,0,0,0,3,6,33,4,0,3,46,4,49,186,48.9,46,6.5,1.33
"07010100010340001700","070101000103400017 , Callao,Callao,Callao,Centro Poblado: Callao,Mza: 017","017",138,147,46,4,0,0,0,0,0,0,46,3,1,0,0,0,0,6,5,31,4,0,5,46,4,70,285,48.4,46,13,0.8
"07010100010340001800","070101000103400018 , Callao,Callao,Callao,Centro Poblado: Callao,Mza: 018","018",72,82,52,0,0,0,0,0,0,0,46,4,1,1,0,0,0,4,1,39,2,0,3,46,3,48,154,46.8,46,8.7,1
"07010100010340001900","070101000103400019 , Callao,Callao,Callao,Centro Poblado: Callao,Mza: 019","019",96,89,44,0,0,0,0,0,0,0,43,0,1,0,0,0,0,3,8,26,6,0,4,43,4,49,185,51.9,43,7,1
"07010100010340002000","070101000103400020 , Callao,Callao,Callao,Centro Poblado: Callao,Mza: 020","020",119,119,51,3,0,0,0,0,0,0,54,0,0,0,0,0,0,8,9,37,0,0,3,54,4,54,238,50,54,14.8,1.33
"07010100010340002100","070101000103400021 , Callao,Callao,Callao,Centro Poblado: Callao,Mza: 021","021",112,114,43,0,0,0,0,0,1,0,44,0,0,0,0,0,0,3,6,34,1,0,4,44,4,52,226,49.6,44,6.8,1
"07010100010340002200","070101000103400022 , Callao,Callao,Callao,Centro Poblado: Callao,Mza: 022","022",97,112,50,0,0,0,0,0,0,0,50,0,0,0,0,0,0,9,10,29,2,0,3,50,4,53,209,46.4,50,18,1.33
"07010100010340002300","070101000103400023 , Callao,Callao,Callao,Centro Poblado: Callao,Mza: 023","023",44,56,25,0,0,0,0,0,0,0,25,0,0,0,0,0,0,5,0,13,7,0,3,25,4,25,100,44,25,20,1.33
"07010100010340002400","070101000103400024 , Callao,Callao,Callao,Centro Poblado: Callao,Mza: 024","024",105,94,36,0,0,0,0,0,0,0,36,0,0,0,0,0,0,4,2,23,7,0,5,36,4,50,199,52.8,36,11.1,0.8
"07010100010340002500","070101000103400025 , Callao,Callao,Callao,Centro Poblado: Callao,Mza: 025","025",129,112,29,4,0,0,0,0,0,0,31,2,0,0,0,0,0,1,4,22,4,0,4,31,4,61,241,53.5,31,3.2,1
"07010100010340002600","070101000103400026 , Callao,Callao,Callao,Centro Poblado: Callao,Mza: 026","026",101,106,27,8,0,0,0,0,0,0,34,0,1,0,0,0,0,1,4,25,4,0,4,34,4,50,207,48.8,34,2.9,1
"07010100010340002800","070101000103400028 , Callao,Callao,Callao,Centro Poblado: Callao,Mza: 028","028",132,132,32,19,0,0,0,0,0,0,51,0,0,0,0,0,0,6,0,22,23,0,4,51,4,59,264,50,51,11.8,1
"07010100010340002900","070101000103400029 , Callao,Callao,Callao,Centro Poblado: Callao,Mza: 029","029",111,122,26,20,0,0,0,0,0,0,46,0,0,0,0,0,0,3,9,24,10,0,4,46,4,57,233,47.6,46,6.5,1
"07010100010340003000","070101000103400030 , Callao,Callao,Callao,Centro Poblado: Callao,Mza: 030","030",103,101,30,9,0,0,0,5,0,0,44,0,0,0,0,0,0,5,2,29,8,0,4,44,4,47,204,50.5,44,11.4,1
"07010100010340003100","070101000103400031 , Callao,Callao,Callao,Centro Poblado: Callao,Mza: 031","031",106,113,22,29,0,0,0,0,0,0,49,2,0,0,0,0,0,9,3,22,15,0,3,49,4,59,219,48.4,49,18.4,1.33
"07010100010340003200","070101000103400032 , Callao,Callao,Callao,Centro Poblado: Callao,Mza: 032","032",106,99,34,11,0,0,0,0,0,0,42,2,1,0,0,0,0,8,4,23,7,0,4,42,4,46,205,51.7,42,19,1
"07010100010340003303","070101000103400033C, Callao,Callao,Callao,Centro Poblado: Callao,Mza: 033C","033C",75,76,23,13,0,0,0,0,0,0,34,1,0,0,1,0,0,4,1,19,10,0,4,34,4,38,151,49.7,34,11.8,1
"07010100010340003400","070101000103400034 , Callao,Callao,Callao,Centro Poblado: Callao,Mza: 034","034",102,112,28,15,0,0,0,0,0,0,42,1,0,0,0,0,0,5,2,29,6,0,4,42,5,47,214,47.7,42,11.9,1.25
"07010100010340003500","070101000103400035 , Callao,Callao,Callao,Centro Poblado: Callao,Mza: 035","035",101,101,38,7,3,0,0,0,0,0,46,1,1,0,0,0,0,4,0,40,2,0,4,46,4,53,202,50,46,8.7,1
"07010100010340003600","070101000103400036 , Callao,Callao,Callao,Centro Poblado: Callao,Mza: 036","036",120,127,31,15,0,0,0,0,0,0,44,2,0,0,0,0,0,7,3,27,7,0,4,44,4,59,247,48.6,44,15.9,1
"07010100010340003700","070101000103400037 , Callao,Callao,Callao,Centro Poblado: Callao,Mza: 037","037",89,111,33,12,0,0,0,0,0,0,38,4,2,1,0,0,0,9,2,24,3,0,4,38,4,56,200,44.5,38,23.7,1
"07010100010340003800","070101000103400038 , Callao,Callao,Callao,Centro Poblado: Callao,Mza: 038","038",140,131,42,14,0,0,0,0,0,0,53,3,0,0,0,0,0,3,13,25,12,0,4,53,4,65,271,51.7,53,5.7,1
"07010100010340003900","070101000103400039 , Callao,Callao,Callao,Centro Poblado: Callao,Mza: 039","039",134,125,29,15,0,0,0,0,0,0,43,1,0,0,0,0,0,8,4,24,7,0,4,43,6,47,259,51.7,43,18.6,1.5
"07010100010340004000","070101000103400040 , Callao,Callao,Callao,Centro Poblado: Callao,Mza: 040","040",79,94,33,4,0,0,0,0,0,0,35,0,2,0,0,0,0,6,2,26,1,0,4,35,4,42,173,45.7,35,17.1,1
"07010100010340004100","070101000103400041 , Callao,Callao,Callao,Centro Poblado: Callao,Mza: 041","041",97,82,16,22,0,0,0,0,0,0,38,0,0,0,0,0,0,1,4,29,3,1,4,38,4,45,179,54.2,38,2.6,1
"07010100010340004200","070101000103400042 , Callao,Callao,Callao,Centro Poblado: Callao,Mza: 042","042",98,94,30,7,0,0,0,0,0,0,37,0,0,0,0,0,0,7,7,21,2,0,4,37,5,42,192,51,37,18.9,1.25
"07010100010340004300","070101000103400043 , Callao,Callao,Callao,Centro Poblado: Callao,Mza: 043","043",116,117,31,24,0,0,0,0,0,0,53,2,0,0,0,0,0,11,5,27,10,0,3,53,4,64,233,49.8,53,20.8,1.33
"07010100010340004400","070101000103400044 , Callao,Callao,Callao,Centro Poblado: Callao,Mza: 044","044",93,109,41,0,0,0,0,0,0,0,38,3,0,0,0,0,0,1,0,27,10,0,4,38,4,52,202,46,38,2.6,1
"07010100010340004500","070101000103400045 , Callao,Callao,Callao,Centro Poblado: Callao,Mza: 045","045",85,100,39,0,0,0,0,0,1,0,40,0,0,0,0,0,0,6,1,28,5,0,3,40,4,47,185,45.9,40,15,1.33
"07010100010340004600","070101000103400046 , Callao,Callao,Callao,Centro Poblado: Callao,Mza: 046","046",109,112,33,7,0,0,0,0,0,0,35,4,1,0,0,0,0,8,1,24,2,0,4,35,5,49,221,49.3,35,22.9,1.25
"07010100010340004700","070101000103400047 , Callao,Callao,Callao,Centro Poblado: Callao,Mza: 047","047",98,97,35,0,0,0,0,0,0,0,31,2,1,0,1,0,0,2,0,28,1,0,3,31,4,45,195,50.3,31,6.5,1.33
"07010100010340004800","070101000103400048 , Callao,Callao,Callao,Centro Poblado: Callao,Mza: 048","048",144,131,42,0,0,0,0,0,0,0,42,0,0,0,0,0,0,3,1,37,1,0,4,42,6,46,275,52.4,42,7.1,1.5
"07010100010340004900","070101000103400049 , Callao,Callao,Callao,Centro Poblado: Callao,Mza: 049","049",126,118,22,22,0,0,0,4,0,0,47,1,0,0,0,0,0,7,0,36,4,0,3,47,5,52,244,51.6,47,14.9,1.67
"07010100010340005000","070101000103400050 , Callao,Callao,Callao,Centro Poblado: Callao,Mza: 050","050",107,90,34,13,0,0,0,0,0,0,47,0,0,0,0,0,0,11,0,29,7,0,3,47,4,48,197,54.3,47,23.4,1.33
"07010100010340005100","070101000103400051 , Callao,Callao,Callao,Centro Poblado: Callao,Mza: 051","051",126,123,53,0,0,0,0,0,0,0,52,1,0,0,0,0,0,3,5,37,7,0,4,52,4,62,249,50.6,52,5.8,1
"07010100010340005200","070101000103400052 , Callao,Callao,Callao,Centro Poblado: Callao,Mza: 052","052",129,123,54,14,0,0,0,0,0,0,67,1,0,0,0,0,0,27,3,34,3,0,3,67,4,68,252,51.2,67,40.3,1.33
"07010100010340005300","070101000103400053 , Callao,Callao,Callao,Centro Poblado: Callao,Mza: 053","053",61,58,24,0,0,0,0,0,0,0,21,2,1,0,0,0,0,0,1,13,3,4,4,21,5,24,119,51.3,21,0,1.25
"07010100010340005400","070101000103400054 , Callao,Callao,Callao,Centro Poblado: Callao,Mza: 054","054",98,94,40,2,0,0,0,0,0,0,41,0,1,0,0,0,0,5,1,32,3,0,4,41,4,49,192,51,41,12.2,1
"07010100010340005500","070101000103400055 , Callao,Callao,Callao,Centro Poblado: Callao,Mza: 055","055",123,123,46,0,0,0,0,0,0,0,44,1,1,0,0,0,0,1,3,40,0,0,4,44,4,58,246,50,44,2.3,1
"07010100010340005600","070101000103400056 , Callao,Callao,Callao,Centro Poblado: Callao,Mza: 056","056",127,133,57,5,0,0,0,0,0,0,62,0,0,0,0,0,0,16,0,31,15,0,3,62,4,64,260,48.8,62,25.8,1.33
"07010100010340005700","070101000103400057 , Callao,Callao,Callao,Centro Poblado: Callao,Mza: 057","057",115,120,41,6,0,0,0,2,0,0,48,0,0,0,0,0,1,12,6,24,6,0,3,48,5,51,235,48.9,48,25,1.67
"07010100010340005800","070101000103400058 , Callao,Callao,Callao,Centro Poblado: Callao,Mza: 058","058",139,138,44,0,0,0,0,0,0,0,43,1,0,0,0,0,0,7,4,28,4,0,4,43,4,68,277,50.2,43,16.3,1
"07010100010340005900","070101000103400059 , Callao,Callao,Callao,Centro Poblado: Callao,Mza: 059","059",146,149,77,0,0,0,0,0,0,0,76,1,0,0,0,0,0,9,7,60,0,0,3,76,4,84,295,49.5,76,11.8,1.33
"07010100010340006000","070101000103400060 , Callao,Callao,Callao,Centro Poblado: Callao,Mza: 060","060",66,58,32,0,0,0,0,0,0,0,28,3,1,0,0,0,0,1,16,10,1,0,4,28,4,33,124,53.2,28,3.6,1
"07010100010340006100","070101000103400061 , Callao,Callao,Callao,Centro Poblado: Callao,Mza: 061","061",92,109,38,7,0,0,0,0,0,0,40,4,1,0,0,0,0,3,5,26,6,0,4,40,4,54,201,45.8,40,7.5,1
"07010100010340006200","070101000103400062 , Callao,Callao,Callao,Centro Poblado: Callao,Mza: 062","062",89,61,24,0,0,0,0,8,0,0,30,1,0,0,1,0,0,1,0,13,16,0,3,30,4,37,150,59.3,30,3.3,1.33
"07010100010340088888","0701010001034008888, Callao,Callao,Callao,Centro Poblado: Callao,Mza: 8888","8888",34,54,5,0,0,0,1,0,0,0,4,1,0,0,0,0,0,0,1,1,2,0,5,4,2,5,88,38.6,4,0,0.4
"07010100010350000101","070101000103500001A, Callao,Callao,Callao,Centro Poblado: Callao,Mza: 001A","001A",408,442,202,0,3,19,1,2,1,0,207,17,0,0,3,0,0,9,190,2,6,0,3,207,4,223,850,48,207,4.3,1.33
"07010100010350000301","070101000103500003A, Callao,Callao,Callao,Centro Poblado: Callao,Mza: 003A","003A",122,151,71,5,0,0,0,0,0,0,67,2,5,0,1,1,0,18,5,34,10,0,3,67,4,70,273,44.7,67,26.9,1.33
"07010100010350000302","070101000103500003B, Callao,Callao,Callao,Centro Poblado: Callao,Mza: 003B","003B",199,205,95,11,2,0,0,0,0,0,86,4,16,0,2,0,0,26,8,42,10,0,3,86,4,101,404,49.3,86,30.2,1.33
"07010100010350000600","070101000103500006 , Callao,Callao,Callao,Centro Poblado: Callao,Mza: 006","006",65,72,24,0,0,0,0,0,0,0,24,0,0,0,0,0,0,3,1,17,3,0,4,24,4,32,137,47.4,24,12.5,1
"07010100010350000700","070101000103500007 , Callao,Callao,Callao,Centro Poblado: Callao,Mza: 007","007",69,71,33,3,0,0,0,0,0,0,32,3,1,0,0,0,0,3,7,19,3,0,3,32,4,32,140,49.3,32,9.4,1.33
"07010100010350000900","070101000103500009 , Callao,Callao,Callao,Centro Poblado: Callao,Mza: 009","009",30,45,13,4,0,0,0,0,0,0,16,1,0,0,0,0,0,4,0,9,3,0,3,16,5,16,75,40,16,25,1.67
"07010100010350001000","070101000103500010 , Callao,Callao,Callao,Centro Poblado: Callao,Mza: 010","010",102,101,41,0,0,0,0,0,0,0,39,2,0,0,0,0,0,2,4,33,0,0,4,39,5,40,203,50.2,39,5.1,1.25
"07010100010350001100","070101000103500011 , Callao,Callao,Callao,Centro Poblado: Callao,Mza: 011","011",112,123,41,6,0,0,0,0,0,0,47,0,0,0,0,0,0,11,1,24,11,0,3,47,5,49,235,47.7,47,23.4,1.67
"07010100010350001200","070101000103500012 , Callao,Callao,Callao,Centro Poblado: Callao,Mza: 012","012",108,105,44,1,0,0,0,0,0,0,44,1,0,0,0,0,0,4,0,30,10,0,3,44,5,44,213,50.7,44,9.1,1.67
"07010100010350001300","070101000103500013 , Callao,Callao,Callao,Centro Poblado: Callao,Mza: 013","013",95,110,43,0,0,0,0,0,0,0,42,1,0,0,0,0,0,11,3,25,3,0,3,42,5,45,205,46.3,42,26.2,1.67
"07010100010350001400","070101000103500014 , Callao,Callao,Callao,Centro Poblado: Callao,Mza: 014","014",102,122,42,0,0,0,0,0,0,0,40,2,0,0,0,0,0,5,1,32,2,0,4,40,4,50,224,45.5,40,12.5,1
"07010100010350001500","070101000103500015 , Callao,Callao,Callao,Centro Poblado: Callao,Mza: 015","015",69,70,29,0,0,0,0,0,0,0,26,1,2,0,0,0,0,0,0,24,2,0,4,26,5,29,139,49.6,26,0,1.25
"07010100010350001600","070101000103500016 , Callao,Callao,Callao,Centro Poblado: Callao,Mza: 016","016",63,62,18,0,0,0,0,0,0,0,18,0,0,0,0,0,0,3,2,12,1,0,5,18,5,25,125,50.4,18,16.7,1
"07010100010350001700","070101000103500017 , Callao,Callao,Callao,Centro Poblado: Callao,Mza: 017","017",77,88,32,3,0,0,0,0,0,0,29,1,5,0,0,0,0,4,3,22,0,0,4,29,5,36,165,46.7,29,13.8,1.25
"07010100010350001800","070101000103500018 , Callao,Callao,Callao,Centro Poblado: Callao,Mza: 018","018",91,77,19,2,0,0,0,0,0,0,21,0,0,0,0,0,0,3,0,17,1,0,4,21,5,35,168,54.2,21,14.3,1.25
"07010100010350002100","070101000103500021 , Callao,Callao,Callao,Centro Poblado: Callao,Mza: 021","021",67,79,31,0,0,0,0,0,0,0,30,1,0,0,0,0,0,8,1,21,0,0,3,30,4,34,146,45.9,30,26.7,1.33
"07010100010350002200","070101000103500022 , Callao,Callao,Callao,Centro Poblado: Callao,Mza: 022","022",150,141,57,3,0,0,0,0,0,0,60,0,0,0,0,0,0,7,5,42,6,0,4,60,4,76,291,51.5,60,11.7,1
"07010100010350002400","070101000103500024 , Callao,Callao,Callao,Centro Poblado: Callao,Mza: 024","024",88,102,59,2,0,0,0,0,0,0,50,1,7,1,2,0,0,20,5,20,5,0,3,50,4,51,190,46.3,50,40,1.33
"07010100010350002500","070101000103500025 , Callao,Callao,Callao,Centro Poblado: Callao,Mza: 025","025",133,131,70,14,0,0,0,0,0,0,71,3,5,4,0,0,1,24,6,37,4,0,3,71,3,76,264,50.4,71,33.8,1
"07010100010350002600","070101000103500026 , Callao,Callao,Callao,Centro Poblado: Callao,Mza: 026","026",123,121,64,2,0,0,0,0,0,0,50,2,14,0,0,0,0,17,3,29,0,1,3,50,4,62,244,50.4,50,34,1.33
"07010100010350002700","070101000103500027 , Callao,Callao,Callao,Centro Poblado: Callao,Mza: 027","027",230,231,88,5,0,0,1,0,0,0,92,0,0,1,0,0,0,9,12,66,5,0,4,92,4,115,461,49.9,92,9.8,1
"07010100010350002800","070101000103500028 , Callao,Callao,Callao,Centro Poblado: Callao,Mza: 028","028",35,41,13,0,0,0,0,0,0,0,13,0,0,0,0,0,0,0,0,13,0,0,4,13,4,18,76,46.1,13,0,1
"07010100010350003000","070101000103500030 , Callao,Callao,Callao,Centro Poblado: Callao,Mza: 030","030",201,160,55,0,0,0,0,0,0,0,55,0,0,0,0,0,0,7,4,35,9,0,4,55,5,76,361,55.7,55,12.7,1.25
"07010100010350003100","070101000103500031 , Callao,Callao,Callao,Centro Poblado: Callao,Mza: 031","031",82,89,38,0,0,0,0,0,0,0,36,2,0,0,0,0,0,4,4,19,9,0,3,36,4,41,171,48,36,11.1,1.33
"07010100010350003200","070101000103500032 , Callao,Callao,Callao,Centro Poblado: Callao,Mza: 032","032",313,336,114,0,0,0,1,0,0,0,109,4,0,0,1,0,0,21,9,66,13,0,4,109,4,161,649,48.2,109,19.3,1
"07010100010350003400","070101000103500034 , Callao,Callao,Callao,Centro Poblado: Callao,Mza: 034","034",131,141,53,0,0,0,0,0,0,0,52,0,1,0,0,0,0,6,1,42,3,0,3,52,4,65,272,48.2,52,11.5,1.33
"07010100010350003500","070101000103500035 , Callao,Callao,Callao,Centro Poblado: Callao,Mza: 035","035",181,182,73,0,0,0,0,0,0,0,72,1,0,0,0,0,0,7,1,52,12,0,3,72,4,83,363,49.9,72,9.7,1.33
"07010100010350003600","070101000103500036 , Callao,Callao,Callao,Centro Poblado: Callao,Mza: 036","036",146,171,57,8,0,0,0,0,0,0,64,0,0,1,0,0,0,9,9,42,4,0,4,64,4,75,317,46.1,64,14.1,1
"07010100010350003700","070101000103500037 , Callao,Callao,Callao,Centro Poblado: Callao,Mza: 037","037",174,169,76,0,0,0,0,0,0,0,76,0,0,0,0,0,0,5,3,57,11,0,3,76,4,89,343,50.7,76,6.6,1.33
"07010100010350003800","070101000103500038 , Callao,Callao,Callao,Centro Poblado: Callao,Mza: 038","038",93,99,34,0,0,0,0,0,0,0,34,0,0,0,0,0,0,1,4,27,2,0,4,34,5,36,192,48.4,34,2.9,1.25
"07010100010350003900","070101000103500039 , Callao,Callao,Callao,Centro Poblado: Callao,Mza: 039","039",91,100,44,0,0,0,0,0,0,0,44,0,0,0,0,0,0,6,8,23,7,0,3,44,4,50,191,47.6,44,13.6,1.33
"07010100010350004100","070101000103500041 , Callao,Callao,Callao,Centro Poblado: Callao,Mza: 041","041",118,114,56,0,0,0,0,0,0,0,50,4,0,0,1,0,1,12,3,25,10,0,3,50,4,53,232,50.9,50,24,1.33
"07010100010350004200","070101000103500042 , Callao,Callao,Callao,Centro Poblado: Callao,Mza: 042","042",83,83,38,5,0,0,0,0,0,0,40,1,0,0,2,0,0,10,5,19,6,0,3,40,4,40,166,50,40,25,1.33
"07010100010350004400","070101000103500044 , Callao,Callao,Callao,Centro Poblado: Callao,Mza: 044","044",171,190,68,0,0,0,0,0,0,0,68,0,0,0,0,0,0,13,2,47,6,0,4,68,4,83,361,47.4,68,19.1,1
"07010100010350004500","070101000103500045 , Callao,Callao,Callao,Centro Poblado: Callao,Mza: 045","045",151,147,53,0,0,0,0,0,0,0,53,0,0,0,0,0,0,3,1,49,0,0,4,53,5,63,298,50.7,53,5.7,1.25
"07010100010350004600","070101000103500046 , Callao,Callao,Callao,Centro Poblado: Callao,Mza: 046","046",37,38,17,0,0,0,0,0,0,0,15,1,0,0,0,1,0,1,2,11,1,0,3,15,5,15,75,49.3,15,6.7,1.67
"07010100010350004800","070101000103500048 , Callao,Callao,Callao,Centro Poblado: Callao,Mza: 048","048",88,94,31,0,0,0,1,0,0,0,30,1,0,0,0,0,0,6,5,19,0,0,4,30,5,38,182,48.4,30,20,1.25
"07010100010350004900","070101000103500049 , Callao,Callao,Callao,Centro Poblado: Callao,Mza: 049","049",92,84,35,0,0,0,0,0,0,0,34,1,0,0,0,0,0,4,3,23,4,0,3,34,5,37,176,52.3,34,11.8,1.67
"07010100010350005000","070101000103500050 , Callao,Callao,Callao,Centro Poblado: Callao,Mza: 050","050",157,196,69,9,0,0,0,0,0,0,76,0,0,1,1,0,0,25,1,43,7,0,3,76,4,81,353,44.5,76,32.9,1.33
"07010100010350088888","0701010001035008888, Callao,Callao,Callao,Centro Poblado: Callao,Mza: 8888","8888",12,19,7,0,0,0,0,0,0,0,7,0,0,0,0,0,0,0,3,3,1,0,3,7,4,7,31,38.7,7,0,1.33
"07010100010360000100","070101000103600001 , Callao,Callao,Callao,Centro Poblado: Callao,Mza: 001","001",126,137,58,10,0,0,2,0,0,0,55,3,10,0,0,0,0,12,15,25,3,0,3,55,4,58,263,47.9,55,21.8,1.33
"07010100010360000200","070101000103600002 , Callao,Callao,Callao,Centro Poblado: Callao,Mza: 002","002",60,63,36,5,0,0,1,0,0,0,35,1,5,0,0,0,0,17,4,10,4,0,3,35,3,37,123,48.8,35,48.6,1
"07010100010360000400","070101000103600004 , Callao,Callao,Callao,Centro Poblado: Callao,Mza: 004","004",95,103,52,0,0,0,0,8,0,0,54,1,0,0,5,0,0,22,2,25,5,0,3,54,4,55,198,48,54,40.7,1.33
"07010100010360000500","070101000103600005 , Callao,Callao,Callao,Centro Poblado: Callao,Mza: 005","005",47,55,22,0,0,0,0,5,0,0,23,1,1,0,1,1,0,7,1,15,0,0,3,23,4,23,102,46.1,23,30.4,1.33
"07010100010360000600","070101000103600006 , Callao,Callao,Callao,Centro Poblado: Callao,Mza: 006","006",56,48,26,0,0,0,0,0,0,0,23,3,0,0,0,0,0,0,1,21,1,0,5,23,5,23,104,53.8,23,0,1
"07010100010360000700","070101000103600007 , Callao,Callao,Callao,Centro Poblado: Callao,Mza: 007","007",59,62,36,0,0,0,0,0,0,0,22,6,7,1,0,0,0,0,5,16,1,0,5,22,6,22,121,48.8,22,0,1.2
"07010100010360000800","070101000103600008 , Callao,Callao,Callao,Centro Poblado: Callao,Mza: 008","008",52,61,34,6,0,0,0,0,0,0,36,3,0,0,1,0,0,5,6,25,0,0,4,36,3,36,113,46,36,13.9,0.75
"07010100010360000900","070101000103600009 , Callao,Callao,Callao,Centro Poblado: Callao,Mza: 009","009",68,79,43,0,0,0,0,0,0,0,36,2,5,0,0,0,0,3,5,19,9,0,3,36,4,36,147,46.3,36,8.3,1.33
"07010100010360001000","070101000103600010 , Callao,Callao,Callao,Centro Poblado: Callao,Mza: 010","010",46,51,17,0,0,0,0,0,0,0,14,1,2,0,0,0,0,2,2,10,0,0,5,14,7,14,97,47.4,14,14.3,1.4
"07010100010360001100","070101000103600011 , Callao,Callao,Callao,Centro Poblado: Callao,Mza: 011","011",83,70,43,0,0,0,0,0,0,0,42,1,0,0,0,0,0,10,10,12,9,1,3,42,4,42,153,54.2,42,23.8,1.33
"07010100010360001200","070101000103600012 , Callao,Callao,Callao,Centro Poblado: Callao,Mza: 012","012",76,83,39,0,7,0,0,0,0,0,43,0,0,0,3,0,0,9,32,2,0,0,3,43,4,43,159,47.8,43,20.9,1.33
"07010100010360001201","070101000103600012A, Callao,Callao,Callao,Centro Poblado: Callao,Mza: 012A","012A",20,17,3,0,12,0,0,0,0,0,10,0,0,0,5,0,0,7,3,0,0,0,2,10,4,10,37,54.1,10,70,2
"07010100010360001202","070101000103600012B, Callao,Callao,Callao,Centro Poblado: Callao,Mza: 012B","012B",28,26,13,0,0,1,0,0,0,0,14,0,0,0,0,0,0,0,13,1,0,0,2,14,4,14,54,51.9,14,0,2
"07010100010360001300","070101000103600013 , Callao,Callao,Callao,Centro Poblado: Callao,Mza: 013","013",22,20,9,0,5,0,0,0,0,0,12,2,0,0,0,0,0,6,6,0,0,0,3,12,4,12,42,52.4,12,50,1.33
"07010100010360001400","070101000103600014 , Callao,Callao,Callao,Centro Poblado: Callao,Mza: 014","014",49,60,26,0,0,0,0,0,0,0,24,2,0,0,0,0,0,1,2,20,1,0,3,24,5,24,109,45,24,4.2,1.67
"07010100010360001500","070101000103600015 , Callao,Callao,Callao,Centro Poblado: Callao,Mza: 015","015",97,88,52,0,0,0,0,0,0,0,52,0,0,0,0,0,0,1,3,34,14,0,3,52,3,53,185,52.4,52,1.9,1
"07010100010360001701","070101000103600017A, Callao,Callao,Callao,Centro Poblado: Callao,Mza: 017A","017A",36,41,20,0,0,0,0,0,0,0,18,0,1,0,1,0,0,0,1,17,0,0,3,18,4,20,77,46.8,18,0,1.33
"07010100010360001900","070101000103600019 , Callao,Callao,Callao,Centro Poblado: Callao,Mza: 019","019",33,45,21,0,0,0,0,0,0,0,20,0,0,0,0,1,0,0,4,16,0,0,3,20,4,21,78,42.3,20,0,1.33
"07010100010360002000","070101000103600020 , Callao,Callao,Callao,Centro Poblado: Callao,Mza: 020","020",48,47,26,0,0,0,1,0,0,0,24,2,0,0,0,0,0,4,2,14,4,0,3,24,3,26,95,50.5,24,16.7,1
"07010100010360002100","070101000103600021 , Callao,Callao,Callao,Centro Poblado: Callao,Mza: 021","021",22,18,12,0,0,0,0,0,0,0,12,0,0,0,0,0,0,0,1,11,0,0,3,12,3,12,40,55,12,0,1
"07010100010360002201","070101000103600022A, Callao,Callao,Callao,Centro Poblado: Callao,Mza: 022A","022A",103,100,47,6,0,0,0,0,0,0,51,2,0,0,0,0,0,4,25,22,0,0,3,51,4,52,203,50.7,51,7.8,1.33
"07010100010360002602","070101000103600026B, Callao,Callao,Callao,Centro Poblado: Callao,Mza: 026B","026B",51,49,12,13,0,0,0,0,0,0,25,0,0,0,0,0,0,0,15,1,9,0,3,25,4,25,100,51,25,0,1.33
"07010100010360002800","070101000103600028 , Callao,Callao,Callao,Centro Poblado: Callao,Mza: 028","028",120,128,50,0,0,0,0,0,0,0,48,1,0,0,1,0,0,7,2,36,3,0,4,48,4,65,248,48.4,48,14.6,1
"07010100010360002900","070101000103600029 , Callao,Callao,Callao,Centro Poblado: Callao,Mza: 029","029",87,90,44,0,0,0,0,0,0,0,38,4,1,0,1,0,0,1,1,32,4,0,3,38,4,45,177,49.2,38,2.6,1.33
"07010100010360003000","070101000103600030 , Callao,Callao,Callao,Centro Poblado: Callao,Mza: 030","030",46,42,18,0,0,0,0,0,0,0,15,1,2,0,0,0,0,0,0,12,3,0,4,15,4,20,88,52.3,15,0,1
"07010100010360003100","070101000103600031 , Callao,Callao,Callao,Centro Poblado: Callao,Mza: 031","031",140,137,60,2,0,0,1,0,0,0,53,5,2,0,0,1,1,7,5,39,2,0,3,53,5,54,277,50.5,53,13.2,1.67
"07010100010360003200","070101000103600032 , Callao,Callao,Callao,Centro Poblado: Callao,Mza: 032","032",154,171,63,0,1,0,2,2,0,0,61,0,1,0,2,2,0,3,12,36,10,0,4,61,4,73,325,47.4,61,4.9,1
"07010100010360003300","070101000103600033 , Callao,Callao,Callao,Centro Poblado: Callao,Mza: 033","033",146,122,57,0,0,0,0,0,0,0,47,1,1,0,5,2,1,1,8,36,2,0,4,47,4,72,268,54.5,47,2.1,1
"07010100010360003400","070101000103600034 , Callao,Callao,Callao,Centro Poblado: Callao,Mza: 034","034",153,168,49,4,0,0,1,0,0,0,53,0,0,0,0,0,0,4,4,43,2,0,4,53,4,74,321,47.7,53,7.5,1
"07010100010360003500","070101000103600035 , Callao,Callao,Callao,Centro Poblado: Callao,Mza: 035","035",95,71,30,0,0,0,4,0,0,0,30,0,0,0,0,0,0,0,3,22,5,0,4,30,4,44,166,57.2,30,0,1
"07010100010360003700","070101000103600037 , Callao,Callao,Callao,Centro Poblado: Callao,Mza: 037","037",134,121,58,0,0,0,0,0,0,0,54,1,1,0,2,0,0,1,8,43,2,0,4,54,4,62,255,52.5,54,1.9,1
"07010100010360003800","070101000103600038 , Callao,Callao,Callao,Centro Poblado: Callao,Mza: 038","038",99,94,42,1,0,0,0,0,0,0,43,0,0,0,0,0,0,5,17,20,0,1,3,43,4,49,193,51.3,43,11.6,1.33
"07010100010360004000","070101000103600040 , Callao,Callao,Callao,Centro Poblado: Callao,Mza: 040","040",89,75,40,0,0,0,0,0,0,0,31,1,0,7,0,1,0,1,2,27,1,0,4,31,4,41,164,54.3,31,3.2,1
"07010100010360004201","070101000103600042A, Callao,Callao,Callao,Centro Poblado: Callao,Mza: 042A","042A",41,43,20,0,0,0,0,0,0,0,18,0,0,0,2,0,0,1,4,13,0,0,4,18,4,23,84,48.8,18,5.6,1
"07010100010360004400","070101000103600044 , Callao,Callao,Callao,Centro Poblado: Callao,Mza: 044","044",67,75,32,0,0,0,0,0,0,0,30,0,0,0,2,0,0,3,1,26,0,0,4,30,4,34,142,47.2,30,10,1
"07010100010360004500","070101000103600045 , Callao,Callao,Callao,Centro Poblado: Callao,Mza: 045","045",90,92,37,0,0,0,0,0,0,0,36,0,0,0,1,0,0,1,1,34,0,0,4,36,5,38,182,49.5,36,2.8,1.25
"07010100010360004600","070101000103600046 , Callao,Callao,Callao,Centro Poblado: Callao,Mza: 046","046",46,34,22,0,0,0,0,0,0,0,20,1,0,0,1,0,0,1,2,17,0,0,3,20,4,20,80,57.5,20,5,1.33
"07010100010360004800","070101000103600048 , Callao,Callao,Callao,Centro Poblado: Callao,Mza: 048","048",70,80,30,0,0,0,0,0,0,0,28,1,0,0,1,0,0,3,4,20,1,0,4,28,5,32,150,46.7,28,10.7,1.25
"07010100010360004900","070101000103600049 , Callao,Callao,Callao,Centro Poblado: Callao,Mza: 049","049",88,100,32,0,15,0,1,6,0,0,52,1,0,0,0,0,0,19,21,9,3,0,3,52,3,55,188,46.8,52,36.5,1
"07010100010360005400","070101000103600054 , Callao,Callao,Callao,Centro Poblado: Callao,Mza: 054","054",21,13,1,0,0,0,0,0,13,0,14,0,0,0,0,0,0,8,0,0,6,0,2,14,2,14,34,61.8,14,57.1,1
"07010100010360088888","0701010001036008888, Callao,Callao,Callao,Centro Poblado: Callao,Mza: 8888","8888",41,24,13,0,0,0,0,0,20,0,32,1,0,0,0,0,0,11,1,6,14,0,2,32,2,32,65,63.1,32,34.4,1
"07010100010370000100","070101000103700001 , Callao,Callao,Callao,Centro Poblado: Callao,Mza: 001","001",23,25,10,0,0,0,0,0,0,0,10,0,0,0,0,0,0,0,0,10,0,0,3,10,5,10,48,47.9,10,0,1.67
"07010100010370000200","070101000103700002 , Callao,Callao,Callao,Centro Poblado: Callao,Mza: 002","002",56,47,26,0,0,0,0,0,0,0,26,0,0,0,0,0,0,0,0,23,3,0,3,26,4,27,103,54.4,26,0,1.33
"07010100010370000300","070101000103700003 , Callao,Callao,Callao,Centro Poblado: Callao,Mza: 003","003",57,45,28,0,0,0,0,0,0,0,28,0,0,0,0,0,0,1,0,23,4,0,3,28,4,28,102,55.9,28,3.6,1.33
"07010100010370000400","070101000103700004 , Callao,Callao,Callao,Centro Poblado: Callao,Mza: 004","004",59,59,30,0,0,0,0,0,0,0,30,0,0,0,0,0,0,2,4,21,3,0,3,30,4,30,118,50,30,6.7,1.33
"07010100010370000500","070101000103700005 , Callao,Callao,Callao,Centro Poblado: Callao,Mza: 005","005",56,51,31,0,0,0,0,0,0,0,29,1,1,0,0,0,0,3,6,15,5,0,4,29,4,29,107,52.3,29,10.3,1
"07010100010370000600","070101000103700006 , Callao,Callao,Callao,Centro Poblado: Callao,Mza: 006","006",65,54,35,0,0,0,0,0,0,0,35,0,0,0,0,0,0,6,9,16,4,0,3,35,3,35,119,54.6,35,17.1,1
"07010100010370000700","070101000103700007 , Callao,Callao,Callao,Centro Poblado: Callao,Mza: 007","007",48,39,17,0,0,0,0,0,0,0,16,1,0,0,0,0,0,1,0,15,0,0,5,16,3,25,87,55.2,16,6.2,0.6
"07010100010370000800","070101000103700008 , Callao,Callao,Callao,Centro Poblado: Callao,Mza: 008","008",62,79,23,4,0,0,0,0,0,0,25,1,0,0,1,0,0,4,0,20,1,0,4,25,3,44,141,44,25,16,0.75
"07010100010370000900","070101000103700009 , Callao,Callao,Callao,Centro Poblado: Callao,Mza: 009","009",66,71,34,0,0,0,0,0,0,0,30,2,1,1,0,0,0,4,1,22,3,0,4,30,4,34,137,48.2,30,13.3,1
"07010100010370001000","070101000103700010 , Callao,Callao,Callao,Centro Poblado: Callao,Mza: 010","010",42,48,20,0,0,0,0,0,0,0,19,1,0,0,0,0,0,0,2,16,1,0,4,19,4,22,90,46.7,19,0,1
"07010100010370001600","070101000103700016 , Callao,Callao,Callao,Centro Poblado: Callao,Mza: 016","016",25,34,18,0,0,0,0,0,0,0,16,1,0,0,1,0,0,2,1,13,0,0,4,16,4,16,59,42.4,16,12.5,1
"07010100010370001700","070101000103700017 , Callao,Callao,Callao,Centro Poblado: Callao,Mza: 017","017",27,24,13,0,0,0,0,0,0,0,12,1,0,0,0,0,0,2,0,10,0,0,4,12,4,12,51,52.9,12,16.7,1
"07010100010370001900","070101000103700019 , Callao,Callao,Callao,Centro Poblado: Callao,Mza: 019","019",28,21,14,0,0,0,0,0,0,0,14,0,0,0,0,0,0,2,0,12,0,0,5,14,3,16,49,57.1,14,14.3,0.6
"07010100010370002000","070101000103700020 , Callao,Callao,Callao,Centro Poblado: Callao,Mza: 020","020",53,51,21,0,0,0,0,0,0,0,20,1,0,0,0,0,0,1,5,12,2,0,4,20,4,25,104,51,20,5,1
"07010100010370002100","070101000103700021 , Callao,Callao,Callao,Centro Poblado: Callao,Mza: 021","021",26,16,13,0,2,0,0,0,0,0,13,0,0,0,2,0,0,0,2,9,2,0,3,13,3,14,42,61.9,13,0,1
"07010100010370002200","070101000103700022 , Callao,Callao,Callao,Centro Poblado: Callao,Mza: 022","022",29,31,14,0,0,0,0,0,0,0,14,0,0,0,0,0,0,1,3,8,2,0,4,14,4,15,60,48.3,14,7.1,1
"07010100010370002301","070101000103700023A, Callao,Callao,Callao,Centro Poblado: Callao,Mza: 023A","023A",30,32,16,0,0,0,0,0,0,0,16,0,0,0,0,0,0,4,2,10,0,0,4,16,3,18,62,48.4,16,25,0.75
"07010100010370002400","070101000103700024 , Callao,Callao,Callao,Centro Poblado: Callao,Mza: 024","024",113,126,51,0,15,0,0,5,0,0,71,0,0,0,0,0,0,33,4,29,5,0,3,71,3,72,239,47.3,71,46.5,1
"07010100010370002500","070101000103700025 , Callao,Callao,Callao,Centro Poblado: Callao,Mza: 025","025",50,63,33,0,1,0,0,3,0,0,37,0,0,0,0,0,0,15,10,9,3,0,3,37,3,37,113,44.2,37,40.5,1
"07010100010370002600","070101000103700026 , Callao,Callao,Callao,Centro Poblado: Callao,Mza: 026","026",198,219,61,9,6,0,0,40,0,0,114,2,0,0,0,0,0,56,7,34,16,1,3,114,4,114,417,47.5,114,49.1,1.33
"07010100010370002700","070101000103700027 , Callao,Callao,Callao,Centro Poblado: Callao,Mza: 027","027",20,21,8,0,0,0,0,0,0,0,8,0,0,0,0,0,0,0,0,8,0,0,4,8,5,8,41,48.8,8,0,1.25
"07010100010370002800","070101000103700028 , Callao,Callao,Callao,Centro Poblado: Callao,Mza: 028","028",18,17,8,0,0,0,0,0,0,0,7,0,0,0,1,0,0,0,0,7,0,0,2,7,5,7,35,51.4,7,0,2.5
"07010100010370002900","070101000103700029 , Callao,Callao,Callao,Centro Poblado: Callao,Mza: 029","029",17,14,8,0,0,0,0,0,0,0,7,0,0,0,0,1,0,2,2,3,0,0,4,7,4,7,31,54.8,7,28.6,1
"07010100010370003100","070101000103700031 , Callao,Callao,Callao,Centro Poblado: Callao,Mza: 031","031",20,22,10,0,0,0,0,0,0,0,10,0,0,0,0,0,0,2,2,6,0,0,3,10,4,10,42,47.6,10,20,1.33
"07010100010370003300","070101000103700033 , Callao,Callao,Callao,Centro Poblado: Callao,Mza: 033","033",22,23,11,0,0,0,0,0,0,0,11,0,0,0,0,0,0,8,0,3,0,0,3,11,4,11,45,48.9,11,72.7,1.33
"07010100010370003400","070101000103700034 , Callao,Callao,Callao,Centro Poblado: Callao,Mza: 034","034",14,17,10,0,0,0,0,0,0,0,10,0,0,0,0,0,0,1,0,9,0,0,3,10,3,10,31,45.2,10,10,1
"07010100010370003700","070101000103700037 , Callao,Callao,Callao,Centro Poblado: Callao,Mza: 037","037",25,22,13,0,0,0,0,0,0,0,13,0,0,0,0,0,0,1,1,10,1,0,2,13,4,13,47,53.2,13,7.7,2
"07010100010370003800","070101000103700038 , Callao,Callao,Callao,Centro Poblado: Callao,Mza: 038","038",14,16,7,0,0,0,0,0,0,0,7,0,0,0,0,0,0,1,0,4,2,0,4,7,4,8,30,46.7,7,14.3,1
"07010100010370004000","070101000103700040 , Callao,Callao,Callao,Centro Poblado: Callao,Mza: 040","040",89,77,33,2,6,0,0,16,0,0,52,2,3,0,0,0,0,26,11,13,2,0,2,52,3,52,166,53.6,52,50,1.5
"07010100010370004100","070101000103700041 , Callao,Callao,Callao,Centro Poblado: Callao,Mza: 041","041",117,110,45,0,0,0,0,0,0,0,45,0,0,0,0,0,0,2,24,16,2,1,4,45,4,51,227,51.5,45,4.4,1
"07010100010370004200","070101000103700042 , Callao,Callao,Callao,Centro Poblado: Callao,Mza: 042","042",26,29,14,0,0,0,0,0,0,0,14,0,0,0,0,0,0,2,5,5,2,0,3,14,4,14,55,47.3,14,14.3,1.33
"07010100010370004300","070101000103700043 , Callao,Callao,Callao,Centro Poblado: Callao,Mza: 043","043",41,40,14,4,0,0,0,0,0,0,18,0,0,0,0,0,0,3,1,13,1,0,4,18,4,19,81,50.6,18,16.7,1
"07010100010370004600","070101000103700046 , Callao,Callao,Callao,Centro Poblado: Callao,Mza: 046","046",29,34,12,0,0,0,0,0,0,0,11,1,0,0,0,0,0,2,2,7,0,0,4,11,4,15,63,46,11,18.2,1
"07010100010370004700","070101000103700047 , Callao,Callao,Callao,Centro Poblado: Callao,Mza: 047","047",31,35,13,0,0,0,0,0,0,0,13,0,0,0,0,0,0,1,0,10,2,0,4,13,4,15,66,47,13,7.7,1
"07010100010370004800","070101000103700048 , Callao,Callao,Callao,Centro Poblado: Callao,Mza: 048","048",23,34,16,0,0,0,0,0,0,0,16,0,0,0,0,0,0,0,5,9,0,2,3,16,4,16,57,40.4,16,0,1.33
"07010100010370004900","070101000103700049 , Callao,Callao,Callao,Centro Poblado: Callao,Mza: 049","049",57,52,24,0,0,0,0,0,0,0,23,0,1,0,0,0,0,3,15,4,0,1,3,23,4,29,109,52.3,23,13,1.33
"07010100010370005000","070101000103700050 , Callao,Callao,Callao,Centro Poblado: Callao,Mza: 050","050",130,134,58,4,0,0,0,0,0,0,60,1,1,0,0,0,0,10,32,16,2,0,3,60,4,63,264,49.2,60,16.7,1.33
"07010100010370005100","070101000103700051 , Callao,Callao,Callao,Centro Poblado: Callao,Mza: 051","051",68,53,29,0,0,0,0,0,0,0,26,2,0,0,1,0,0,3,2,19,2,0,4,26,4,34,121,56.2,26,11.5,1
"07010100010370088888","0701010001037008888, Callao,Callao,Callao,Centro Poblado: Callao,Mza: 8888","8888",70,78,51,0,0,0,0,0,1,0,50,0,2,0,0,0,0,9,8,29,4,0,3,50,3,50,148,47.3,50,18,1
"07010100010380000100","070101000103800001 , Callao,Callao,Callao,Centro Poblado: Callao,Mza: 001","001",54,58,32,0,0,0,0,0,0,0,31,1,0,0,0,0,0,3,6,20,2,0,3,31,4,31,112,48.2,31,9.7,1.33
"07010100010380000200","070101000103800002 , Callao,Callao,Callao,Centro Poblado: Callao,Mza: 002","002",45,52,24,0,0,0,0,0,0,0,23,0,0,0,1,0,0,1,6,14,2,0,3,23,4,24,97,46.4,23,4.3,1.33
"07010100010380000400","070101000103800004 , Callao,Callao,Callao,Centro Poblado: Callao,Mza: 004","004",40,28,19,0,0,0,0,0,0,0,18,0,0,0,1,0,0,1,11,6,0,0,3,18,4,18,68,58.8,18,5.6,1.33
"07010100010380000700","070101000103800007 , Callao,Callao,Callao,Centro Poblado: Callao,Mza: 007","007",30,28,21,0,0,0,0,0,0,0,18,0,0,1,2,0,0,5,2,10,1,0,3,18,3,18,58,51.7,18,27.8,1
"07010100010380000800","070101000103800008 , Callao,Callao,Callao,Centro Poblado: Callao,Mza: 008","008",22,24,11,0,0,0,0,0,0,0,11,0,0,0,0,0,0,0,2,9,0,0,4,11,4,11,46,47.8,11,0,1
"07010100010380001000","070101000103800010 , Callao,Callao,Callao,Centro Poblado: Callao,Mza: 010","010",57,53,26,0,0,0,0,2,0,0,24,1,2,0,1,0,0,3,7,13,1,0,3,24,5,24,110,51.8,24,12.5,1.67
"07010100010380001100","070101000103800011 , Callao,Callao,Callao,Centro Poblado: Callao,Mza: 011","011",44,53,27,0,0,0,0,0,0,0,23,2,0,0,2,0,0,5,6,10,2,0,3,23,4,24,97,45.4,23,21.7,1.33
"07010100010380001500","070101000103800015 , Callao,Callao,Callao,Centro Poblado: Callao,Mza: 015","015",28,27,15,0,0,0,0,0,0,0,13,1,0,0,1,0,0,2,9,2,0,0,2,13,4,13,55,50.9,13,15.4,2
"07010100010380001600","070101000103800016 , Callao,Callao,Callao,Centro Poblado: Callao,Mza: 016","016",40,54,29,0,0,0,0,0,0,0,26,2,0,0,1,0,0,6,7,13,0,0,3,26,3,27,94,42.6,26,23.1,1
"07010100010380001700","070101000103800017 , Callao,Callao,Callao,Centro Poblado: Callao,Mza: 017","017",24,17,14,0,0,0,0,0,0,0,12,1,1,0,0,0,0,0,1,9,2,0,3,12,3,12,41,58.5,12,0,1
"07010100010380001800","070101000103800018 , Callao,Callao,Callao,Centro Poblado: Callao,Mza: 018","018",26,22,17,0,0,0,0,0,0,0,15,1,1,0,0,0,0,1,5,9,0,0,3,15,3,16,48,54.2,15,6.7,1
"07010100010380001900","070101000103800019 , Callao,Callao,Callao,Centro Poblado: Callao,Mza: 019","019",57,69,33,0,0,0,0,0,0,0,33,0,0,0,0,0,0,3,3,25,2,0,3,33,3,38,126,45.2,33,9.1,1
"07010100010380002000","070101000103800020 , Callao,Callao,Callao,Centro Poblado: Callao,Mza: 020","020",30,27,18,0,0,0,0,0,0,0,16,0,0,0,2,0,0,0,1,9,6,0,2,16,4,16,57,52.6,16,0,2
"07010100010380002100","070101000103800021 , Callao,Callao,Callao,Centro Poblado: Callao,Mza: 021","021",29,34,16,0,0,0,0,0,0,0,15,0,0,0,1,0,0,0,1,12,2,0,3,15,4,15,63,46,15,0,1.33
"07010100010380002200","070101000103800022 , Callao,Callao,Callao,Centro Poblado: Callao,Mza: 022","022",45,51,24,0,0,0,0,0,0,0,24,0,0,0,0,0,0,1,4,16,3,0,3,24,4,24,96,46.9,24,4.2,1.33
"07010100010380002300","070101000103800023 , Callao,Callao,Callao,Centro Poblado: Callao,Mza: 023","023",46,41,27,0,0,0,0,0,0,0,25,1,0,0,1,0,0,3,6,16,0,0,3,25,3,26,87,52.9,25,12,1
"07010100010380002400","070101000103800024 , Callao,Callao,Callao,Centro Poblado: Callao,Mza: 024","024",22,23,15,0,0,0,0,0,0,0,14,1,0,0,0,0,0,1,2,10,1,0,4,14,3,14,45,48.9,14,7.1,0.75
"07010100010380002500","070101000103800025 , Callao,Callao,Callao,Centro Poblado: Callao,Mza: 025","025",25,23,17,0,0,0,0,0,0,0,17,0,0,0,0,0,0,3,0,14,0,0,3,17,3,17,48,52.1,17,17.6,1
"07010100010380002600","070101000103800026 , Callao,Callao,Callao,Centro Poblado: Callao,Mza: 026","026",49,56,31,0,0,0,0,0,0,0,28,1,0,0,2,0,0,1,3,24,0,0,3,28,4,29,105,46.7,28,3.6,1.33
"07010100010380002700","070101000103800027 , Callao,Callao,Callao,Centro Poblado: Callao,Mza: 027","027",41,40,25,0,0,0,0,0,0,0,24,1,0,0,0,0,0,0,2,20,2,0,3,24,3,24,81,50.6,24,0,1
"07010100010380002800","070101000103800028 , Callao,Callao,Callao,Centro Poblado: Callao,Mza: 028","028",55,63,33,0,0,0,0,0,0,0,32,1,0,0,0,0,0,4,1,27,0,0,3,32,4,33,118,46.6,32,12.5,1.33
"07010100010380002900","070101000103800029 , Callao,Callao,Callao,Centro Poblado: Callao,Mza: 029","029",23,32,19,0,0,0,0,0,0,0,17,1,1,0,0,0,0,4,4,9,0,0,2,17,3,17,55,41.8,17,23.5,1.5
"07010100010380003000","070101000103800030 , Callao,Callao,Callao,Centro Poblado: Callao,Mza: 030","030",43,28,17,0,0,0,0,0,0,0,17,0,0,0,0,0,0,1,1,13,2,0,4,17,4,17,71,60.6,17,5.9,1
"07010100010380003100","070101000103800031 , Callao,Callao,Callao,Centro Poblado: Callao,Mza: 031","031",38,42,19,0,0,0,0,0,0,0,18,0,0,0,1,0,0,0,1,17,0,0,2,18,4,18,80,47.5,18,0,2
"07010100010380003200","070101000103800032 , Callao,Callao,Callao,Centro Poblado: Callao,Mza: 032","032",47,48,23,0,0,0,0,0,0,0,23,0,0,0,0,0,0,0,8,14,1,0,4,23,4,23,95,49.5,23,0,1
"07010100010380003300","070101000103800033 , Callao,Callao,Callao,Centro Poblado: Callao,Mza: 033","033",21,28,13,0,0,0,0,0,0,0,13,0,0,0,0,0,0,3,2,7,1,0,3,13,4,14,49,42.9,13,23.1,1.33
"07010100010380004000","070101000103800040 , Callao,Callao,Callao,Centro Poblado: Callao,Mza: 040","040",54,53,26,0,0,0,0,0,0,0,25,0,0,0,1,0,0,0,3,22,0,0,3,25,4,26,107,50.5,25,0,1.33
"07010100010380004100","070101000103800041 , Callao,Callao,Callao,Centro Poblado: Callao,Mza: 041","041",52,36,27,0,0,0,0,0,0,0,27,0,0,0,0,0,0,2,3,20,2,0,3,27,3,27,88,59.1,27,7.4,1
"07010100010380004200","070101000103800042 , Callao,Callao,Callao,Centro Poblado: Callao,Mza: 042","042",74,83,42,0,0,0,0,0,0,0,39,3,0,0,0,0,0,2,4,33,0,0,2,39,4,39,157,47.1,39,5.1,2
"07010100010380004300","070101000103800043 , Callao,Callao,Callao,Centro Poblado: Callao,Mza: 043","043",47,43,27,0,0,0,0,0,0,0,23,3,1,0,0,0,0,3,4,16,0,0,2,23,4,24,90,52.2,23,13,2
"07010100010380004400","070101000103800044 , Callao,Callao,Callao,Centro Poblado: Callao,Mza: 044","044",95,100,51,0,0,0,0,0,0,0,48,0,1,0,2,0,0,2,0,43,1,2,2,48,4,51,195,48.7,48,4.2,2
"07010100010380004500","070101000103800045 , Callao,Callao,Callao,Centro Poblado: Callao,Mza: 045","045",51,56,34,0,0,0,0,0,0,0,30,2,0,0,2,0,0,2,4,20,4,0,3,30,3,31,107,47.7,30,6.7,1
"07010100010380004600","070101000103800046 , Callao,Callao,Callao,Centro Poblado: Callao,Mza: 046","046",47,40,21,0,0,0,0,0,0,0,21,0,0,0,0,0,0,2,2,17,0,0,3,21,4,22,87,54,21,9.5,1.33
"07010100010380004700","070101000103800047 , Callao,Callao,Callao,Centro Poblado: Callao,Mza: 047","047",61,59,33,0,0,0,0,0,0,0,32,1,0,0,0,0,0,1,1,29,1,0,3,32,4,32,120,50.8,32,3.1,1.33
"07010100010380004800","070101000103800048 , Callao,Callao,Callao,Centro Poblado: Callao,Mza: 048","048",57,51,31,0,0,0,0,0,0,0,31,0,0,0,0,0,0,3,1,24,3,0,3,31,3,31,108,52.8,31,9.7,1
"07010100010380004900","070101000103800049 , Callao,Callao,Callao,Centro Poblado: Callao,Mza: 049","049",69,52,32,0,0,0,0,0,0,0,32,0,0,0,0,0,0,5,3,20,4,0,2,32,4,32,121,57,32,15.6,2
"07010100010380005200","070101000103800052 , Callao,Callao,Callao,Centro Poblado: Callao,Mza: 052","052",29,26,17,0,0,0,0,0,0,0,17,0,0,0,0,0,0,4,3,9,1,0,3,17,3,17,55,52.7,17,23.5,1
"07010100010380005300","070101000103800053 , Callao,Callao,Callao,Centro Poblado: Callao,Mza: 053","053",46,36,17,0,0,0,0,0,0,0,16,1,0,0,0,0,0,3,1,12,0,0,3,16,5,17,82,56.1,16,18.8,1.67
"07010100010380005400","070101000103800054 , Callao,Callao,Callao,Centro Poblado: Callao,Mza: 054","054",38,43,20,0,0,0,0,0,0,0,18,1,1,0,0,0,0,0,0,16,2,0,3,18,4,18,81,46.9,18,0,1.33
"07010100010380005500","070101000103800055 , Callao,Callao,Callao,Centro Poblado: Callao,Mza: 055","055",69,74,41,0,0,0,0,0,0,0,38,2,0,1,0,0,0,1,6,24,7,0,2,38,4,38,143,48.3,38,2.6,2
"07010100010380005600","070101000103800056 , Callao,Callao,Callao,Centro Poblado: Callao,Mza: 056","056",80,69,41,0,0,0,0,0,0,0,40,1,0,0,0,0,0,2,4,32,2,0,3,40,4,40,149,53.7,40,5,1.33
"07010100010380005700","070101000103800057 , Callao,Callao,Callao,Centro Poblado: Callao,Mza: 057","057",51,58,35,0,0,0,0,0,0,0,30,2,2,0,1,0,0,1,7,21,1,0,3,30,4,30,109,46.8,30,3.3,1.33
"07010100010380005800","070101000103800058 , Callao,Callao,Callao,Centro Poblado: Callao,Mza: 058","058",42,43,24,0,0,0,0,0,0,0,20,1,3,0,0,0,0,3,2,14,1,0,4,20,4,21,85,49.4,20,15,1
"07010100010380005900","070101000103800059 , Callao,Callao,Callao,Centro Poblado: Callao,Mza: 059","059",54,53,32,0,0,0,0,0,0,0,30,2,0,0,0,0,0,4,4,21,1,0,3,30,4,30,107,50.5,30,13.3,1.33
"07010100010380088888","0701010001038008888, Callao,Callao,Callao,Centro Poblado: Callao,Mza: 8888","8888",43,45,51,0,0,0,0,0,0,0,35,2,14,0,0,0,0,3,12,19,1,0,2,35,3,35,88,48.9,35,8.6,1.5
"07010100010390000200","070101000103900002 , Callao,Callao,Callao,Centro Poblado: Callao,Mza: 002","002",106,121,54,0,3,0,0,18,0,0,71,0,0,0,4,0,0,24,11,28,8,0,3,71,3,71,227,46.7,71,33.8,1
"07010100010390000300","070101000103900003 , Callao,Callao,Callao,Centro Poblado: Callao,Mza: 003","003",54,64,26,0,7,0,0,6,0,0,37,0,0,0,2,0,0,15,7,12,3,0,3,37,3,39,118,45.8,37,40.5,1
"07010100010390000400","070101000103900004 , Callao,Callao,Callao,Centro Poblado: Callao,Mza: 004","004",155,142,56,4,10,0,0,20,0,0,81,5,3,0,0,0,1,44,8,25,4,0,3,81,4,81,297,52.2,81,54.3,1.33
"07010100010390000600","070101000103900006 , Callao,Callao,Callao,Centro Poblado: Callao,Mza: 006","006",166,187,62,4,2,0,1,37,0,0,91,7,1,0,5,1,0,46,7,29,7,2,3,91,3,99,353,47,91,50.5,1
"07010100010390000700","070101000103900007 , Callao,Callao,Callao,Centro Poblado: Callao,Mza: 007","007",81,69,31,0,0,0,0,6,0,0,35,1,0,0,1,0,0,7,2,22,4,0,3,35,4,39,150,54,35,20,1.33
"07010100010390000800","070101000103900008 , Callao,Callao,Callao,Centro Poblado: Callao,Mza: 008","008",34,39,14,0,0,0,0,0,0,0,14,0,0,0,0,0,0,4,1,8,1,0,4,14,4,19,73,46.6,14,28.6,1
"07010100010390000900","070101000103900009 , Callao,Callao,Callao,Centro Poblado: Callao,Mza: 009","009",69,75,44,0,3,0,0,0,0,0,41,3,0,0,3,0,0,18,3,20,0,0,3,41,3,47,144,47.9,41,43.9,1
"07010100010390001000","070101000103900010 , Callao,Callao,Callao,Centro Poblado: Callao,Mza: 010","010",76,58,37,0,0,0,0,0,0,0,34,1,0,0,2,0,0,11,4,19,0,0,3,34,3,39,134,56.7,34,32.4,1
"07010100010390001100","070101000103900011 , Callao,Callao,Callao,Centro Poblado: Callao,Mza: 011","011",141,137,55,7,6,0,0,23,0,0,91,0,0,0,0,0,0,46,14,27,4,0,3,91,3,96,278,50.7,91,50.5,1
"07010100010390001300","070101000103900013 , Callao,Callao,Callao,Centro Poblado: Callao,Mza: 013","013",20,22,16,4,0,0,0,0,0,0,15,1,4,0,0,0,0,5,4,5,1,0,2,15,3,15,42,47.6,15,33.3,1.5
"07010100010390001400","070101000103900014 , Callao,Callao,Callao,Centro Poblado: Callao,Mza: 014","014",81,66,48,0,0,0,0,3,0,0,47,2,1,0,1,0,0,14,11,19,2,1,3,47,3,47,147,55.1,47,29.8,1
"07010100010390001500","070101000103900015 , Callao,Callao,Callao,Centro Poblado: Callao,Mza: 015","015",116,116,59,0,0,0,0,0,0,0,53,1,1,0,2,2,0,12,9,23,9,0,3,53,4,60,232,50,53,22.6,1.33
"07010100010390001600","070101000103900016 , Callao,Callao,Callao,Centro Poblado: Callao,Mza: 016","016",117,116,38,5,5,0,1,6,0,0,53,0,0,0,1,0,0,17,11,24,1,0,4,53,4,60,233,50.2,53,32.1,1
"07010100010390001700","070101000103900017 , Callao,Callao,Callao,Centro Poblado: Callao,Mza: 017","017",29,41,20,0,0,0,0,0,0,0,19,0,0,0,1,0,0,0,8,11,0,0,4,19,4,20,70,41.4,19,0,1
"07010100010390001800","070101000103900018 , Callao,Callao,Callao,Centro Poblado: Callao,Mza: 018","018",36,44,20,0,0,0,1,0,0,0,19,1,0,0,0,0,0,5,0,14,0,0,4,19,4,20,80,45,19,26.3,1
"07010100010390001900","070101000103900019 , Callao,Callao,Callao,Centro Poblado: Callao,Mza: 019","019",196,188,58,4,0,0,1,47,1,0,102,4,1,0,3,0,0,37,13,47,5,0,3,102,4,108,384,51,102,36.3,1.33
"07010100010390002000","070101000103900020 , Callao,Callao,Callao,Centro Poblado: Callao,Mza: 020","020",39,34,18,0,0,0,0,2,0,0,20,0,0,0,0,0,0,5,9,6,0,0,3,20,4,20,73,53.4,20,25,1.33
"07010100010390002100","070101000103900021 , Callao,Callao,Callao,Centro Poblado: Callao,Mza: 021","021",80,79,48,0,2,0,0,10,0,0,51,1,0,5,2,1,0,20,13,17,1,0,3,51,3,52,159,50.3,51,39.2,1
"07010100010390002200","070101000103900022 , Callao,Callao,Callao,Centro Poblado: Callao,Mza: 022","022",170,182,75,0,6,0,0,16,0,0,86,1,1,2,6,0,1,39,4,33,10,0,3,86,4,89,352,48.3,86,45.3,1.33
"07010100010390002400","070101000103900024 , Callao,Callao,Callao,Centro Poblado: Callao,Mza: 024","024",48,78,27,0,3,0,1,0,0,0,29,0,0,0,1,0,0,11,1,13,4,0,3,29,4,32,126,38.1,29,37.9,1.33
"07010100010390002500","070101000103900025 , Callao,Callao,Callao,Centro Poblado: Callao,Mza: 025","025",155,191,67,5,19,0,0,19,0,0,105,1,1,0,3,0,0,61,7,34,3,0,3,105,3,106,346,44.8,105,58.1,1
"07010100010390002600","070101000103900026 , Callao,Callao,Callao,Centro Poblado: Callao,Mza: 026","026",123,127,46,3,15,0,0,13,0,0,77,0,0,0,0,0,0,41,9,20,7,0,2,77,3,84,250,49.2,77,53.2,1.5
"07010100010390002700","070101000103900027 , Callao,Callao,Callao,Centro Poblado: Callao,Mza: 027","027",120,122,56,5,9,0,0,7,0,0,68,0,0,0,9,0,0,37,2,27,2,0,3,68,3,70,242,49.6,68,54.4,1
"07010100010390002800","070101000103900028 , Callao,Callao,Callao,Centro Poblado: Callao,Mza: 028","028",65,68,43,1,0,0,0,0,0,0,37,3,0,0,4,0,0,19,2,14,2,0,3,37,3,42,133,48.9,37,51.4,1
"07010100010390002900","070101000103900029 , Callao,Callao,Callao,Centro Poblado: Callao,Mza: 029","029",160,146,47,0,1,0,0,23,0,0,70,0,1,0,0,0,0,31,14,22,3,0,3,70,3,88,306,52.3,70,44.3,1
"07010100010390003000","070101000103900030 , Callao,Callao,Callao,Centro Poblado: Callao,Mza: 030","030",95,116,42,0,21,0,0,11,0,0,66,1,0,2,4,1,0,50,4,7,5,0,3,66,3,68,211,45,66,75.8,1
"07010100010390003100","070101000103900031 , Callao,Callao,Callao,Centro Poblado: Callao,Mza: 031","031",138,151,58,2,4,0,0,8,0,0,70,0,0,0,2,0,0,29,6,33,2,0,3,70,4,77,289,47.8,70,41.4,1.33
"07010100010390003300","070101000103900033 , Callao,Callao,Callao,Centro Poblado: Callao,Mza: 033","033",28,41,27,2,7,0,0,0,0,0,24,2,2,4,3,0,1,16,0,8,0,0,3,24,3,24,69,40.6,24,66.7,1
"07010100010390003400","070101000103900034 , Callao,Callao,Callao,Centro Poblado: Callao,Mza: 034","034",50,47,33,6,0,0,0,0,0,0,34,2,1,0,2,0,0,24,0,9,1,0,3,34,3,34,97,51.5,34,70.6,1
"07010100010390003800","070101000103900038 , Callao,Callao,Callao,Centro Poblado: Callao,Mza: 038","038",168,213,62,3,26,0,0,13,0,0,102,1,0,0,1,0,0,51,15,19,17,0,3,102,4,103,381,44.1,102,50,1.33
"07010100010390003900","070101000103900039 , Callao,Callao,Callao,Centro Poblado: Callao,Mza: 039","039",66,84,36,0,2,0,0,6,0,0,44,0,0,0,0,0,0,22,14,2,6,0,3,44,3,45,150,44,44,50,1
"07010100010390004000","070101000103900040 , Callao,Callao,Callao,Centro Poblado: Callao,Mza: 040","040",14,17,6,0,0,0,0,0,0,0,6,0,0,0,0,0,0,1,2,2,1,0,2,6,4,7,31,45.2,6,16.7,2
"07010100010390004100","070101000103900041 , Callao,Callao,Callao,Centro Poblado: Callao,Mza: 041","041",103,121,54,0,0,0,0,34,0,0,68,5,4,0,11,0,0,33,5,28,1,1,3,68,3,69,224,46,68,48.5,1
"07010100010390004200","070101000103900042 , Callao,Callao,Callao,Centro Poblado: Callao,Mza: 042","042",145,164,45,0,5,0,0,32,0,0,82,0,0,0,0,0,0,51,9,18,4,0,3,82,4,83,309,46.9,82,62.2,1.33
"07010100010390004600","070101000103900046 , Callao,Callao,Callao,Centro Poblado: Callao,Mza: 046","046",37,40,16,0,2,0,1,0,0,0,18,0,0,0,0,0,0,6,1,10,1,0,2,18,3,19,77,48.1,18,33.3,1.5
"07010100010390004700","070101000103900047 , Callao,Callao,Callao,Centro Poblado: Callao,Mza: 047","047",130,123,55,0,4,0,0,24,0,0,78,5,0,0,0,0,0,35,21,20,0,2,3,78,3,79,253,51.4,78,44.9,1
"07010100010390004800","070101000103900048 , Callao,Callao,Callao,Centro Poblado: Callao,Mza: 048","048",47,45,20,0,1,0,0,2,1,0,22,0,1,0,1,0,0,19,0,3,0,0,3,22,4,23,92,51.1,22,86.4,1.33
"07010100010390004900","070101000103900049 , Callao,Callao,Callao,Centro Poblado: Callao,Mza: 049","049",26,45,16,0,0,0,0,0,0,0,16,0,0,0,0,0,0,16,0,0,0,0,4,16,4,17,71,36.6,16,100,1
"07010100010390005000","070101000103900050 , Callao,Callao,Callao,Centro Poblado: Callao,Mza: 050","050",46,42,16,0,0,0,0,0,0,0,16,0,0,0,0,0,0,15,0,0,1,0,4,16,6,16,88,52.3,16,93.8,1.5
"07010100010390005400","070101000103900054 , Callao,Callao,Callao,Centro Poblado: Callao,Mza: 054","054",139,159,49,6,6,0,1,8,4,0,72,1,0,0,0,0,0,31,23,12,5,1,3,72,4,76,298,46.6,72,43.1,1.33
"07010100010390005500","070101000103900055 , Callao,Callao,Callao,Centro Poblado: Callao,Mza: 055","055",73,88,30,10,1,0,0,4,0,0,44,0,0,0,0,1,0,23,4,9,8,0,3,44,4,45,161,45.3,44,52.3,1.33
"07010100010390088888","0701010001039008888, Callao,Callao,Callao,Centro Poblado: Callao,Mza: 8888","8888",51,58,38,2,1,0,1,0,2,0,32,0,1,0,10,0,0,15,5,8,3,1,3,32,3,33,109,46.8,32,46.9,1
"07010100010400000100","070101000104000001 , Callao,Callao,Callao,Centro Poblado: Callao,Mza: 001","001",46,51,39,0,0,0,0,0,0,0,26,2,11,0,0,0,0,7,7,9,3,0,3,26,4,26,97,47.4,26,26.9,1.33
"07010100010400000300","070101000104000003 , Callao,Callao,Callao,Centro Poblado: Callao,Mza: 003","003",228,188,83,15,15,0,1,9,0,0,111,2,1,1,6,1,0,65,10,26,9,1,3,111,3,112,416,54.8,111,58.6,1
"07010100010400000400","070101000104000004 , Callao,Callao,Callao,Centro Poblado: Callao,Mza: 004","004",130,158,66,8,8,0,0,11,0,0,79,5,0,1,7,0,1,48,9,18,4,0,3,79,4,79,288,45.1,79,60.8,1.33
"07010100010400000500","070101000104000005 , Callao,Callao,Callao,Centro Poblado: Callao,Mza: 005","005",87,91,52,2,8,0,0,0,0,0,58,4,0,0,0,0,0,16,6,27,8,1,3,58,3,60,178,48.9,58,27.6,1
"07010100010400000600","070101000104000006 , Callao,Callao,Callao,Centro Poblado: Callao,Mza: 006","006",53,67,37,3,0,0,0,3,0,0,39,0,4,0,0,0,0,15,6,15,3,0,3,39,3,40,120,44.2,39,38.5,1
"07010100010400000700","070101000104000007 , Callao,Callao,Callao,Centro Poblado: Callao,Mza: 007","007",135,137,45,18,37,0,1,6,0,0,93,6,5,1,0,0,1,36,10,30,17,0,2,93,3,96,272,49.6,93,38.7,1.5
"07010100010400000900","070101000104000009 , Callao,Callao,Callao,Centro Poblado: Callao,Mza: 009","009",54,76,17,0,0,0,0,19,0,0,36,0,0,0,0,0,0,19,3,12,2,0,2,36,4,36,130,41.5,36,52.8,2
"07010100010400001000","070101000104000010 , Callao,Callao,Callao,Centro Poblado: Callao,Mza: 010","010",115,117,59,15,13,0,0,9,0,0,82,4,7,3,0,0,0,36,15,22,9,0,3,82,3,82,232,49.6,82,43.9,1
"07010100010400001100","070101000104000011 , Callao,Callao,Callao,Centro Poblado: Callao,Mza: 011","011",173,177,68,5,19,0,1,16,0,0,100,6,1,1,0,0,0,66,3,27,4,0,3,100,3,102,350,49.4,100,66,1
"07010100010400001200","070101000104000012 , Callao,Callao,Callao,Centro Poblado: Callao,Mza: 012","012",131,133,54,12,0,0,0,11,0,0,73,4,0,0,0,0,0,35,9,19,10,0,3,73,4,74,264,49.6,73,47.9,1.33
"07010100010400001400","070101000104000014 , Callao,Callao,Callao,Centro Poblado: Callao,Mza: 014","014",91,90,50,0,0,0,0,16,0,0,59,1,3,0,3,0,0,33,4,20,2,0,3,59,3,60,181,50.3,59,55.9,1
"07010100010400001500","070101000104000015 , Callao,Callao,Callao,Centro Poblado: Callao,Mza: 015","015",23,18,8,0,2,0,0,5,0,0,14,1,0,0,0,0,0,12,0,2,0,0,3,14,3,14,41,56.1,14,85.7,1
"07010100010400001600","070101000104000016 , Callao,Callao,Callao,Centro Poblado: Callao,Mza: 016","016",36,59,25,0,0,0,0,0,0,0,25,0,0,0,0,0,0,9,11,4,1,0,3,25,4,25,95,37.9,25,36,1.33
"07010100010400001700","070101000104000017 , Callao,Callao,Callao,Centro Poblado: Callao,Mza: 017","017",19,28,5,6,0,0,0,0,0,0,11,0,0,0,0,0,0,5,1,2,3,0,2,11,4,11,47,40.4,11,45.5,2
"07010100010400001800","070101000104000018 , Callao,Callao,Callao,Centro Poblado: Callao,Mza: 018","018",78,90,26,36,0,0,0,0,0,0,56,3,1,2,0,0,0,10,12,2,32,0,2,56,3,56,168,46.4,56,17.9,1.5
"07010100010400002200","070101000104000022 , Callao,Callao,Callao,Centro Poblado: Callao,Mza: 022","022",45,41,21,0,3,0,0,6,0,0,29,0,1,0,0,0,0,18,4,4,3,0,2,29,3,29,86,52.3,29,62.1,1.5
"07010100010400002400","070101000104000024 , Callao,Callao,Callao,Centro Poblado: Callao,Mza: 024","024",98,84,62,1,3,0,1,5,7,0,60,6,4,0,7,0,1,30,9,13,8,0,3,60,3,65,182,53.8,60,50,1
"07010100010400002500","070101000104000025 , Callao,Callao,Callao,Centro Poblado: Callao,Mza: 025","025",33,39,26,0,2,0,0,2,0,0,27,1,0,0,2,0,0,12,1,11,3,0,3,27,3,27,72,45.8,27,44.4,1
"07010100010400002600","070101000104000026 , Callao,Callao,Callao,Centro Poblado: Callao,Mza: 026","026",76,75,44,0,3,0,0,6,0,0,49,1,2,0,1,0,0,18,8,19,3,1,2,49,3,49,151,50.3,49,36.7,1.5
"07010100010400002700","070101000104000027 , Callao,Callao,Callao,Centro Poblado: Callao,Mza: 027","027",21,18,19,0,0,0,0,0,0,0,16,1,0,0,1,1,0,3,5,6,2,0,2,16,2,16,39,53.8,16,18.8,1
"07010100010400002800","070101000104000028 , Callao,Callao,Callao,Centro Poblado: Callao,Mza: 028","028",22,20,21,0,0,0,0,0,0,0,19,1,1,0,0,0,0,7,3,6,3,0,3,19,2,19,42,52.4,19,36.8,0.67
"07010100010400002900","070101000104000029 , Callao,Callao,Callao,Centro Poblado: Callao,Mza: 029","029",57,68,32,4,7,0,0,0,0,0,40,3,0,0,0,0,0,21,12,7,0,0,3,40,3,40,125,45.6,40,52.5,1
"07010100010400003000","070101000104000030 , Callao,Callao,Callao,Centro Poblado: Callao,Mza: 030","030",57,58,33,0,0,2,0,3,0,0,33,1,0,0,4,0,0,14,9,4,6,0,3,33,3,34,115,49.6,33,42.4,1
"07010100010400003300","070101000104000033 , Callao,Callao,Callao,Centro Poblado: Callao,Mza: 033","033",92,105,68,0,3,0,0,2,0,0,59,3,9,0,2,0,0,26,7,16,10,0,2,59,3,60,197,46.7,59,44.1,1.5
"07010100010400003400","070101000104000034 , Callao,Callao,Callao,Centro Poblado: Callao,Mza: 034","034",72,103,41,2,0,0,0,6,0,0,44,0,0,0,5,0,0,24,7,11,2,0,4,44,4,45,175,41.1,44,54.5,1
"07010100010400003500","070101000104000035 , Callao,Callao,Callao,Centro Poblado: Callao,Mza: 035","035",75,77,36,0,11,0,0,6,0,0,46,3,3,1,0,0,0,18,10,11,7,0,3,46,3,46,152,49.3,46,39.1,1
"07010100010400003600","070101000104000036 , Callao,Callao,Callao,Centro Poblado: Callao,Mza: 036","036",69,72,40,0,1,0,0,2,0,0,40,2,0,1,0,0,0,21,6,10,3,0,2,40,3,42,141,48.9,40,52.5,1.5
"07010100010400003700","070101000104000037 , Callao,Callao,Callao,Centro Poblado: Callao,Mza: 037","037",86,115,59,11,0,0,1,0,0,0,59,6,4,0,0,1,0,42,4,13,0,0,3,59,3,60,201,42.8,59,71.2,1
"07010100010400003800","070101000104000038 , Callao,Callao,Callao,Centro Poblado: Callao,Mza: 038","038",85,72,60,0,4,0,0,0,0,0,54,4,0,1,1,1,3,28,6,14,6,0,2,54,3,54,157,54.1,54,51.9,1.5
"07010100010400003900","070101000104000039 , Callao,Callao,Callao,Centro Poblado: Callao,Mza: 039","039",123,149,53,7,2,0,0,33,0,0,79,3,0,1,10,1,1,30,6,22,21,0,3,79,3,82,272,45.2,79,38,1
"07010100010400004000","070101000104000040 , Callao,Callao,Callao,Centro Poblado: Callao,Mza: 040","040",50,54,41,0,0,0,0,0,0,0,27,1,2,1,9,0,1,13,6,8,0,0,3,27,4,27,104,48.1,27,48.1,1.33
"07010100010400004100","070101000104000041 , Callao,Callao,Callao,Centro Poblado: Callao,Mza: 041","041",64,71,45,0,0,0,0,0,0,0,39,2,0,2,2,0,0,18,2,13,6,0,3,39,3,42,135,47.4,39,46.2,1
"07010100010400004400","070101000104000044 , Callao,Callao,Callao,Centro Poblado: Callao,Mza: 044","044",37,31,31,7,0,0,0,0,0,0,21,3,4,8,2,0,0,19,0,2,0,0,3,21,3,21,68,54.4,21,90.5,1
"07010100010400004600","070101000104000046 , Callao,Callao,Callao,Centro Poblado: Callao,Mza: 046","046",19,13,9,0,0,0,0,0,0,0,9,0,0,0,0,0,0,3,1,3,2,0,2,9,4,9,32,59.4,9,33.3,2
"07010100010400004700","070101000104000047 , Callao,Callao,Callao,Centro Poblado: Callao,Mza: 047","047",33,33,32,0,0,0,0,3,0,0,23,3,6,1,2,0,0,14,5,1,3,0,3,23,3,23,66,50,23,60.9,1
"07010100010400004800","070101000104000048 , Callao,Callao,Callao,Centro Poblado: Callao,Mza: 048","048",58,55,39,2,3,0,0,0,0,0,36,3,0,3,2,0,0,14,6,9,7,0,2,36,3,39,113,51.3,36,38.9,1.5
"07010100010400004900","070101000104000049 , Callao,Callao,Callao,Centro Poblado: Callao,Mza: 049","049",32,39,22,0,0,0,0,0,0,0,19,1,0,0,1,0,1,6,5,3,5,0,3,19,3,23,71,45.1,19,31.6,1
"07010100010400005400","070101000104000054 , Callao,Callao,Callao,Centro Poblado: Callao,Mza: 054","054",13,30,12,8,0,0,0,0,0,0,11,1,2,2,3,0,1,7,1,2,1,0,4,11,4,11,43,30.2,11,63.6,1
"07010100010400005600","070101000104000056 , Callao,Callao,Callao,Centro Poblado: Callao,Mza: 056","056",42,39,22,10,1,0,0,0,0,0,23,2,8,0,0,0,0,14,1,4,4,0,3,23,4,23,81,51.9,23,60.9,1.33
"07010100010400005800","070101000104000058 , Callao,Callao,Callao,Centro Poblado: Callao,Mza: 058","058",56,54,40,0,0,0,0,0,0,0,32,2,2,0,4,0,0,19,7,3,3,0,3,32,3,36,110,50.9,32,59.4,1
"07010100010400005900","070101000104000059 , Callao,Callao,Callao,Centro Poblado: Callao,Mza: 059","059",63,81,16,3,0,0,0,33,0,0,46,2,0,1,3,0,0,19,3,4,20,0,2,46,3,48,144,43.8,46,41.3,1.5
"07010100010400006000","070101000104000060 , Callao,Callao,Callao,Centro Poblado: Callao,Mza: 060","060",19,14,5,0,1,0,0,1,1,0,8,0,0,0,0,0,0,3,0,4,1,0,4,8,4,8,33,57.6,8,37.5,1
"07010100010400006100","070101000104000061 , Callao,Callao,Callao,Centro Poblado: Callao,Mza: 061","061",110,107,33,6,1,0,0,35,1,0,69,2,5,0,0,0,0,48,4,11,2,4,2,69,3,73,217,50.7,69,69.6,1.5
"07010100010400006200","070101000104000062 , Callao,Callao,Callao,Centro Poblado: Callao,Mza: 062","062",54,62,23,9,4,0,1,7,0,0,24,3,16,0,0,0,0,16,0,7,1,0,4,24,3,44,116,46.6,24,66.7,0.75
"07010100010400088888","0701010001040008888, Callao,Callao,Callao,Centro Poblado: Callao,Mza: 8888","8888",87,77,46,6,4,0,3,0,0,0,45,4,5,1,1,0,0,24,3,16,2,0,3,45,3,48,164,53,45,53.3,1
"07010100010410000200","070101000104100002 , Callao,Callao,Callao,Centro Poblado: Callao,Mza: 002","002",42,50,31,9,0,0,0,0,0,0,28,1,0,3,8,0,0,15,3,10,0,0,3,28,3,28,92,45.7,28,53.6,1
"07010100010410000400","070101000104100004 , Callao,Callao,Callao,Centro Poblado: Callao,Mza: 004","004",18,15,8,7,0,0,0,0,0,0,12,0,0,0,3,0,0,5,2,5,0,0,2,12,3,12,33,54.5,12,41.7,1.5
"07010100010410000600","070101000104100006 , Callao,Callao,Callao,Centro Poblado: Callao,Mza: 006","006",42,46,11,15,0,0,0,0,0,0,26,0,0,0,0,0,0,6,1,18,1,0,4,26,3,26,88,47.7,26,23.1,0.75
"07010100010410000700","070101000104100007 , Callao,Callao,Callao,Centro Poblado: Callao,Mza: 007","007",40,34,11,14,0,0,0,0,0,0,18,2,4,0,0,0,1,1,2,13,2,0,4,18,4,20,74,54.1,18,5.6,1
"07010100010410000900","070101000104100009 , Callao,Callao,Callao,Centro Poblado: Callao,Mza: 009","009",20,19,12,0,0,0,0,0,0,0,9,0,0,0,0,0,3,1,0,7,1,0,4,9,4,9,39,51.3,9,11.1,1
"07010100010410001201","070101000104100012A, Callao,Callao,Callao,Centro Poblado: Callao,Mza: 012A","012A",29,33,10,0,0,0,0,0,0,0,10,0,0,0,0,0,0,0,3,7,0,0,6,10,4,16,62,46.8,10,0,0.67
"07010100010410001300","070101000104100013 , Callao,Callao,Callao,Centro Poblado: Callao,Mza: 013","013",18,24,21,0,0,0,0,0,0,0,17,1,0,0,2,0,1,0,1,13,3,0,4,17,2,17,42,42.9,17,0,0.5
"07010100010410001400","070101000104100014 , Callao,Callao,Callao,Centro Poblado: Callao,Mza: 014","014",101,98,38,0,21,0,0,0,0,0,57,1,0,0,1,0,0,17,10,30,0,0,4,57,3,60,199,50.8,57,29.8,0.75
"07010100010410001500","070101000104100015 , Callao,Callao,Callao,Centro Poblado: Callao,Mza: 015","015",88,96,61,5,0,0,0,6,0,0,61,3,1,0,6,0,1,24,3,30,4,0,4,61,3,61,184,47.8,61,39.3,0.75
"07010100010410001600","070101000104100016 , Callao,Callao,Callao,Centro Poblado: Callao,Mza: 016","016",65,61,19,0,10,0,0,12,0,0,35,2,0,0,1,3,0,15,2,14,4,0,3,35,3,37,126,51.6,35,42.9,1
"07010100010410002100","070101000104100021 , Callao,Callao,Callao,Centro Poblado: Callao,Mza: 021","021",45,49,23,2,0,0,0,0,0,0,24,1,0,0,0,0,0,18,4,2,0,0,4,24,3,27,94,47.9,24,75,0.75
"07010100010410002200","070101000104100022 , Callao,Callao,Callao,Centro Poblado: Callao,Mza: 022","022",105,116,44,25,0,0,0,7,0,0,65,6,3,0,0,2,0,31,3,28,3,0,4,65,3,70,221,47.5,65,47.7,0.75
"07010100010410002300","070101000104100023 , Callao,Callao,Callao,Centro Poblado: Callao,Mza: 023","023",21,20,16,0,0,0,0,0,0,0,14,1,1,0,0,0,0,5,0,7,2,0,3,14,3,15,41,51.2,14,35.7,1
"07010100010410002400","070101000104100024 , Callao,Callao,Callao,Centro Poblado: Callao,Mza: 024","024",19,24,22,0,0,0,0,0,0,0,14,1,6,0,0,0,1,7,0,7,0,0,4,14,3,14,43,44.2,14,50,0.75
"07010100010410002500","070101000104100025 , Callao,Callao,Callao,Centro Poblado: Callao,Mza: 025","025",16,14,8,0,0,0,0,0,0,0,8,0,0,0,0,0,0,1,1,5,1,0,5,8,4,8,30,53.3,8,12.5,0.8
"07010100010410002700","070101000104100027 , Callao,Callao,Callao,Centro Poblado: Callao,Mza: 027","027",24,35,20,0,0,0,0,0,0,0,17,3,0,0,0,0,0,5,2,5,5,0,4,17,3,17,59,40.7,17,29.4,0.75
"07010100010410003600","070101000104100036 , Callao,Callao,Callao,Centro Poblado: Callao,Mza: 036","036",57,67,13,48,0,0,0,0,0,0,42,4,0,0,7,0,8,32,0,7,3,0,3,42,3,42,124,46,42,76.2,1
"07010100010410003700","070101000104100037 , Callao,Callao,Callao,Centro Poblado: Callao,Mza: 037","037",19,31,24,0,0,0,0,0,0,0,18,0,0,0,6,0,0,6,1,10,1,0,4,18,3,18,50,38,18,33.3,0.75
"07010100010410003900","070101000104100039 , Callao,Callao,Callao,Centro Poblado: Callao,Mza: 039","039",67,60,29,7,1,0,1,10,0,0,43,2,2,0,0,0,0,16,4,21,2,0,3,43,3,44,127,52.8,43,37.2,1
"07010100010410004002","070101000104100040B, Callao,Callao,Callao,Centro Poblado: Callao,Mza: 040B","040B",21,22,14,1,0,0,0,0,0,0,11,1,3,0,0,0,0,5,0,6,0,0,4,11,4,11,43,48.8,11,45.5,1
"07010100010410004400","070101000104100044 , Callao,Callao,Callao,Centro Poblado: Callao,Mza: 044","044",49,44,54,0,0,0,0,4,1,0,38,2,4,0,11,0,4,18,8,11,1,0,2,38,2,38,93,52.7,38,47.4,1
"07010100010410004500","070101000104100045 , Callao,Callao,Callao,Centro Poblado: Callao,Mza: 045","045",79,96,40,0,8,0,0,10,0,0,47,3,2,0,6,0,0,17,6,14,10,0,3,47,4,48,175,45.1,47,36.2,1.33
"07010100010410004600","070101000104100046 , Callao,Callao,Callao,Centro Poblado: Callao,Mza: 046","046",38,45,20,0,0,0,0,0,0,0,19,1,0,0,0,0,0,2,0,15,2,0,4,19,4,21,83,45.8,19,10.5,1
"07010100010410004700","070101000104100047 , Callao,Callao,Callao,Centro Poblado: Callao,Mza: 047","047",35,34,20,0,0,0,0,0,0,0,18,0,1,0,1,0,0,5,2,9,2,0,4,18,4,18,69,50.7,18,27.8,1
"07010100010410004800","070101000104100048 , Callao,Callao,Callao,Centro Poblado: Callao,Mza: 048","048",27,35,19,0,0,0,0,0,0,0,17,1,1,0,0,0,0,0,1,16,0,0,4,17,4,17,62,43.5,17,0,1
"07010100010410004900","070101000104100049 , Callao,Callao,Callao,Centro Poblado: Callao,Mza: 049","049",28,35,14,0,0,0,0,0,0,0,13,1,0,0,0,0,0,1,1,10,1,0,4,13,4,15,63,44.4,13,7.7,1
"07010100010410005200","070101000104100052 , Callao,Callao,Callao,Centro Poblado: Callao,Mza: 052","052",18,27,13,0,0,0,0,0,0,0,13,0,0,0,0,0,0,1,0,12,0,0,4,13,3,13,45,40,13,7.7,0.75
"07010100010410005300","070101000104100053 , Callao,Callao,Callao,Centro Poblado: Callao,Mza: 053","053",29,32,14,0,0,0,0,0,0,0,14,0,0,0,0,0,0,0,1,13,0,0,5,14,4,14,61,47.5,14,0,0.8
"07010100010410005400","070101000104100054 , Callao,Callao,Callao,Centro Poblado: Callao,Mza: 054","054",25,23,16,0,0,0,0,0,0,0,15,1,0,0,0,0,0,1,0,13,1,0,4,15,3,15,48,52.1,15,6.7,0.75
"07010100010410005600","070101000104100056 , Callao,Callao,Callao,Centro Poblado: Callao,Mza: 056","056",52,56,20,0,0,0,0,0,0,0,18,1,1,0,0,0,0,1,14,3,0,0,4,18,6,18,108,48.1,18,5.6,1.5
"07010100010410088888","0701010001041008888, Callao,Callao,Callao,Centro Poblado: Callao,Mza: 8888","8888",22,8,10,0,0,0,2,3,0,0,11,2,0,0,0,0,0,5,2,3,1,0,4,11,2,14,30,73.3,11,45.5,0.5
"07010100010420000200","070101000104200002 , Callao,Callao,Callao,Centro Poblado: Callao,Mza: 002","002",39,44,25,0,0,0,0,0,0,0,24,0,0,0,0,1,0,1,2,20,1,0,4,24,3,26,83,47,24,4.2,0.75
"07010100010420000300","070101000104200003 , Callao,Callao,Callao,Centro Poblado: Callao,Mza: 003","003",47,57,18,0,6,0,0,0,0,0,22,1,0,0,1,0,0,4,2,14,2,0,2,22,4,24,104,45.2,22,18.2,2
"07010100010420000402","070101000104200004B, Callao,Callao,Callao,Centro Poblado: Callao,Mza: 004B","004B",36,39,24,0,0,0,0,0,0,0,20,1,0,0,2,1,0,3,4,13,0,0,3,20,4,20,75,48,20,15,1.33
"07010100010420000600","070101000104200006 , Callao,Callao,Callao,Centro Poblado: Callao,Mza: 006","006",40,52,28,0,0,0,0,0,0,0,25,2,0,0,1,0,0,2,1,22,0,0,3,25,3,27,92,43.5,25,8,1
"07010100010420000700","070101000104200007 , Callao,Callao,Callao,Centro Poblado: Callao,Mza: 007","007",49,67,25,0,0,0,0,0,0,0,24,1,0,0,0,0,0,2,5,17,0,0,3,24,4,29,116,42.2,24,8.3,1.33
"07010100010420000800","070101000104200008 , Callao,Callao,Callao,Centro Poblado: Callao,Mza: 008","008",59,45,22,1,0,0,0,0,0,0,22,0,0,0,1,0,0,3,5,13,1,0,4,22,4,28,104,56.7,22,13.6,1
"07010100010420001000","070101000104200010 , Callao,Callao,Callao,Centro Poblado: Callao,Mza: 010","010",32,43,22,0,0,0,0,0,0,0,22,0,0,0,0,0,0,2,13,7,0,0,3,22,3,22,75,42.7,22,9.1,1
"07010100010420001100","070101000104200011 , Callao,Callao,Callao,Centro Poblado: Callao,Mza: 011","011",27,24,19,0,0,0,0,0,0,0,15,0,0,0,4,0,0,3,2,8,2,0,2,15,3,15,51,52.9,15,20,1.5
"07010100010420001200","070101000104200012 , Callao,Callao,Callao,Centro Poblado: Callao,Mza: 012","012",38,53,24,0,0,0,0,0,0,0,23,0,1,0,0,0,0,3,8,5,7,0,3,23,4,23,91,41.8,23,13,1.33
"07010100010420001300","070101000104200013 , Callao,Callao,Callao,Centro Poblado: Callao,Mza: 013","013",31,31,23,0,0,0,0,0,0,0,19,0,2,0,2,0,0,5,8,6,0,0,3,19,3,19,62,50,19,26.3,1
"07010100010420001400","070101000104200014 , Callao,Callao,Callao,Centro Poblado: Callao,Mza: 014","014",41,40,25,0,0,0,0,0,0,0,24,1,0,0,0,0,0,5,7,12,0,0,2,24,3,25,81,50.6,24,20.8,1.5
"07010100010420001500","070101000104200015 , Callao,Callao,Callao,Centro Poblado: Callao,Mza: 015","015",41,36,25,0,0,0,0,0,0,0,23,2,0,0,0,0,0,5,5,13,0,0,2,23,3,23,77,53.2,23,21.7,1.5
"07010100010420001600","070101000104200016 , Callao,Callao,Callao,Centro Poblado: Callao,Mza: 016","016",31,27,23,0,0,0,0,0,0,0,22,0,0,0,1,0,0,6,5,11,0,0,3,22,3,22,58,53.4,22,27.3,1
"07010100010420001700","070101000104200017 , Callao,Callao,Callao,Centro Poblado: Callao,Mza: 017","017",13,21,11,0,0,0,0,0,0,0,10,1,0,0,0,0,0,0,4,6,0,0,2,10,3,10,34,38.2,10,0,1.5
"07010100010420001800","070101000104200018 , Callao,Callao,Callao,Centro Poblado: Callao,Mza: 018","018",29,23,17,0,0,0,0,0,0,0,15,1,0,0,1,0,0,4,5,6,0,0,2,15,3,15,52,55.8,15,26.7,1.5
"07010100010420002000","070101000104200020 , Callao,Callao,Callao,Centro Poblado: Callao,Mza: 020","020",32,34,22,0,0,0,0,0,0,0,20,1,0,0,1,0,0,2,9,9,0,0,2,20,3,20,66,48.5,20,10,1.5
"07010100010420002100","070101000104200021 , Callao,Callao,Callao,Centro Poblado: Callao,Mza: 021","021",38,38,24,0,0,0,0,0,0,0,23,1,0,0,0,0,0,3,9,10,1,0,2,23,3,23,76,50,23,13,1.5
"07010100010420002200","070101000104200022 , Callao,Callao,Callao,Centro Poblado: Callao,Mza: 022","022",33,45,26,0,0,0,0,0,0,0,23,2,1,0,0,0,0,7,7,9,0,0,3,23,3,24,78,42.3,23,30.4,1
"07010100010420002300","070101000104200023 , Callao,Callao,Callao,Centro Poblado: Callao,Mza: 023","023",30,42,22,0,0,0,0,0,0,0,22,0,0,0,0,0,0,2,5,14,1,0,3,22,3,24,72,41.7,22,9.1,1
"07010100010420002401","070101000104200024A, Callao,Callao,Callao,Centro Poblado: Callao,Mza: 024A","024A",36,41,27,0,0,0,0,0,0,0,26,1,0,0,0,0,0,1,11,9,5,0,2,26,3,26,77,46.8,26,3.8,1.5
"07010100010420002600","070101000104200026 , Callao,Callao,Callao,Centro Poblado: Callao,Mza: 026","026",26,32,4,14,0,0,0,0,0,0,18,0,0,0,0,0,0,4,9,5,0,0,5,18,3,18,58,44.8,18,22.2,0.6
"07010100010420002700","070101000104200027 , Callao,Callao,Callao,Centro Poblado: Callao,Mza: 027","027",19,26,2,14,0,0,0,0,0,0,16,0,0,0,0,0,0,3,12,1,0,0,3,16,3,16,45,42.2,16,18.8,1
"07010100010420002800","070101000104200028 , Callao,Callao,Callao,Centro Poblado: Callao,Mza: 028","028",22,23,0,16,0,0,0,0,0,0,14,0,0,0,2,0,0,2,9,3,0,0,5,14,3,14,45,48.9,14,14.3,0.6
"07010100010420002900","070101000104200029 , Callao,Callao,Callao,Centro Poblado: Callao,Mza: 029","029",53,67,42,2,0,0,0,0,0,0,41,3,0,0,0,0,0,8,22,10,1,0,2,41,3,41,120,44.2,41,19.5,1.5
"07010100010420003000","070101000104200030 , Callao,Callao,Callao,Centro Poblado: Callao,Mza: 030","030",28,34,17,0,0,0,0,0,0,0,17,0,0,0,0,0,0,6,4,4,3,0,3,17,3,18,62,45.2,17,35.3,1
"07010100010420003100","070101000104200031 , Callao,Callao,Callao,Centro Poblado: Callao,Mza: 031","031",24,29,0,16,0,0,0,0,0,0,14,2,0,0,0,0,0,3,9,1,1,0,4,14,4,14,53,45.3,14,21.4,1
"07010100010420003200","070101000104200032 , Callao,Callao,Callao,Centro Poblado: Callao,Mza: 032","032",27,29,0,17,0,0,0,0,0,0,16,1,0,0,0,0,0,4,9,0,3,0,2,16,4,16,56,48.2,16,25,2
"07010100010420003300","070101000104200033 , Callao,Callao,Callao,Centro Poblado: Callao,Mza: 033","033",29,29,2,15,0,0,0,0,0,0,17,0,0,0,0,0,0,7,6,4,0,0,3,17,3,18,58,50,17,41.2,1
"07010100010420003500","070101000104200035 , Callao,Callao,Callao,Centro Poblado: Callao,Mza: 035","035",51,49,28,0,0,0,0,0,0,0,28,0,0,0,0,0,0,4,20,4,0,0,2,28,3,29,100,51,28,14.3,1.5
"07010100010420003600","070101000104200036 , Callao,Callao,Callao,Centro Poblado: Callao,Mza: 036","036",37,41,13,12,0,0,0,0,0,0,23,1,1,0,0,0,0,7,8,8,0,0,2,23,3,25,78,47.4,23,30.4,1.5
"07010100010420003700","070101000104200037 , Callao,Callao,Callao,Centro Poblado: Callao,Mza: 037","037",41,43,6,23,0,0,0,0,0,0,27,2,0,0,0,0,0,8,8,2,6,3,2,27,3,27,84,48.8,27,29.6,1.5
"07010100010420004000","070101000104200040 , Callao,Callao,Callao,Centro Poblado: Callao,Mza: 040","040",30,24,17,0,0,0,0,0,0,0,15,1,1,0,0,0,0,0,0,13,2,0,2,15,4,15,54,55.6,15,0,2
"07010100010420004200","070101000104200042 , Callao,Callao,Callao,Centro Poblado: Callao,Mza: 042","042",38,47,29,0,0,0,0,0,0,0,28,1,0,0,0,0,0,6,4,17,1,0,2,28,3,28,85,44.7,28,21.4,1.5
"07010100010420004300","070101000104200043 , Callao,Callao,Callao,Centro Poblado: Callao,Mza: 043","043",42,51,33,0,0,0,0,0,0,0,30,0,0,0,2,1,0,3,8,19,0,0,2,30,3,31,93,45.2,30,10,1.5
"07010100010420004400","070101000104200044 , Callao,Callao,Callao,Centro Poblado: Callao,Mza: 044","044",26,20,19,0,0,0,0,0,0,0,14,2,0,0,3,0,0,2,6,6,0,0,2,14,3,14,46,56.5,14,14.3,1.5
"07010100010420004500","070101000104200045 , Callao,Callao,Callao,Centro Poblado: Callao,Mza: 045","045",32,35,25,0,0,0,0,0,0,0,19,0,0,0,6,0,0,3,11,5,0,0,3,19,4,19,67,47.8,19,15.8,1.33
"07010100010420004600","070101000104200046 , Callao,Callao,Callao,Centro Poblado: Callao,Mza: 046","046",44,51,25,0,0,0,0,0,0,0,24,0,0,0,1,0,0,6,18,0,0,0,4,24,4,25,95,46.3,24,25,1
"07010100010420004700","070101000104200047 , Callao,Callao,Callao,Centro Poblado: Callao,Mza: 047","047",41,44,32,0,0,0,0,0,0,0,26,0,0,1,5,0,0,3,13,9,1,0,4,26,3,29,85,48.2,26,11.5,0.75
"07010100010420004800","070101000104200048 , Callao,Callao,Callao,Centro Poblado: Callao,Mza: 048","048",65,64,33,0,0,0,0,0,0,0,29,0,0,1,3,0,0,6,22,1,0,0,4,29,4,29,129,50.4,29,20.7,1
"07010100010420004900","070101000104200049 , Callao,Callao,Callao,Centro Poblado: Callao,Mza: 049","049",58,62,30,0,0,0,0,0,0,0,28,2,0,0,0,0,0,0,20,3,5,0,3,28,4,30,120,48.3,28,0,1.33
"07010100010420005000","070101000104200050 , Callao,Callao,Callao,Centro Poblado: Callao,Mza: 050","050",53,58,28,2,0,0,0,0,0,0,27,2,1,0,0,0,0,6,14,2,5,0,3,27,4,30,111,47.7,27,22.2,1.33
"07010100010420005100","070101000104200051 , Callao,Callao,Callao,Centro Poblado: Callao,Mza: 051","051",32,48,25,0,0,0,0,0,0,0,23,1,1,0,0,0,0,4,12,7,0,0,3,23,3,26,80,40,23,17.4,1
"07010100010420005200","070101000104200052 , Callao,Callao,Callao,Centro Poblado: Callao,Mza: 052","052",43,50,26,0,0,0,0,0,0,0,26,0,0,0,0,0,0,0,24,2,0,0,4,26,3,28,93,46.2,26,0,0.75
"07010100010420005300","070101000104200053 , Callao,Callao,Callao,Centro Poblado: Callao,Mza: 053","053",257,240,51,0,82,0,0,5,0,0,133,1,0,1,2,1,0,40,21,51,17,4,2,133,4,140,497,51.7,133,30.1,2
"07010100010420005400","070101000104200054 , Callao,Callao,Callao,Centro Poblado: Callao,Mza: 054","054",127,127,52,0,18,0,0,20,0,0,71,1,14,1,2,1,0,34,17,17,3,0,3,71,3,74,254,50,71,47.9,1
"07010100010420005500","070101000104200055 , Callao,Callao,Callao,Centro Poblado: Callao,Mza: 055","055",119,131,42,0,11,0,0,22,0,0,68,1,1,0,5,0,0,35,9,15,9,0,2,68,4,71,250,47.6,68,51.5,2
"07010100010420005600","070101000104200056 , Callao,Callao,Callao,Centro Poblado: Callao,Mza: 056","056",75,83,37,0,0,0,0,0,0,0,34,0,0,0,2,1,0,0,7,24,3,0,3,34,4,37,158,47.5,34,0,1.33
"07010100010420005800","070101000104200058 , Callao,Callao,Callao,Centro Poblado: Callao,Mza: 058","058",39,41,24,0,0,0,0,0,0,0,21,1,0,0,2,0,0,2,3,14,2,0,3,21,4,22,80,48.8,21,9.5,1.33
"07010100010420005900","070101000104200059 , Callao,Callao,Callao,Centro Poblado: Callao,Mza: 059","059",243,239,100,0,20,0,0,14,0,0,124,6,1,0,3,0,0,19,61,34,10,0,3,124,4,133,482,50.4,124,15.3,1.33
"07010100010420006000","070101000104200060 , Callao,Callao,Callao,Centro Poblado: Callao,Mza: 060","060",44,50,37,0,0,0,0,0,0,0,31,2,1,1,0,2,0,2,24,3,2,0,3,31,3,32,94,46.8,31,6.5,1
"07010100010420006100","070101000104200061 , Callao,Callao,Callao,Centro Poblado: Callao,Mza: 061","061",26,40,25,0,0,0,0,0,0,0,20,0,4,0,1,0,0,1,16,1,2,0,2,20,3,20,66,39.4,20,5,1.5
"07010100010420088888","0701010001042008888, Callao,Callao,Callao,Centro Poblado: Callao,Mza: 8888","8888",23,24,24,3,0,0,0,0,0,0,16,1,3,1,4,2,0,2,3,9,2,0,3,16,2,19,47,48.9,16,12.5,0.67
"07010100010430000100","070101000104300001 , Callao,Callao,Callao,Centro Poblado: Callao,Mza: 001","001",42,46,9,0,13,0,0,2,0,0,20,0,0,0,4,0,0,3,6,4,7,0,2,20,4,21,88,47.7,20,15,2
"07010100010430000201","070101000104300002A, Callao,Callao,Callao,Centro Poblado: Callao,Mza: 002A","002A",179,176,79,8,9,1,0,9,0,0,101,2,0,0,3,0,0,20,47,23,11,0,3,101,3,104,355,50.4,101,19.8,1
"07010100010430000500","070101000104300005 , Callao,Callao,Callao,Centro Poblado: Callao,Mza: 005","005",274,292,132,0,21,0,0,12,0,0,147,11,4,0,2,1,0,33,22,72,20,0,3,147,4,155,566,48.4,147,22.4,1.33
"07010100010430000600","070101000104300006 , Callao,Callao,Callao,Centro Poblado: Callao,Mza: 006","006",278,321,95,3,24,0,0,62,1,0,178,4,1,0,2,0,0,71,33,57,17,0,3,178,3,180,599,46.4,178,39.9,1
"07010100010430000801","070101000104300008A, Callao,Callao,Callao,Centro Poblado: Callao,Mza: 008A","008A",40,33,19,0,0,0,0,0,0,0,18,1,0,0,0,0,0,5,10,2,1,0,3,18,4,18,73,54.8,18,27.8,1.33
"07010100010430001700","070101000104300017 , Callao,Callao,Callao,Centro Poblado: Callao,Mza: 017","017",17,14,7,0,0,0,0,0,0,0,7,0,0,0,0,0,0,1,4,1,1,0,4,7,4,7,31,54.8,7,14.3,1
"07010100010430002500","070101000104300025 , Callao,Callao,Callao,Centro Poblado: Callao,Mza: 025","025",323,322,123,0,23,0,0,20,0,0,157,8,1,0,0,0,0,44,32,66,14,1,3,157,4,164,645,50.1,157,28,1.33
"07010100010430002600","070101000104300026 , Callao,Callao,Callao,Centro Poblado: Callao,Mza: 026","026",59,54,30,0,0,0,0,0,0,0,29,1,0,0,0,0,0,6,10,13,0,0,4,29,4,29,113,52.2,29,20.7,1
"07010100010430002700","070101000104300027 , Callao,Callao,Callao,Centro Poblado: Callao,Mza: 027","027",232,215,80,35,0,0,1,0,0,0,109,1,0,0,4,1,0,39,28,25,17,0,3,109,4,112,447,51.9,109,35.8,1.33
"07010100010430002800","070101000104300028 , Callao,Callao,Callao,Centro Poblado: Callao,Mza: 028","028",36,39,20,0,0,0,0,0,0,0,20,0,0,0,0,0,0,1,3,16,0,0,3,20,4,20,75,48,20,5,1.33
"07010100010430003100","070101000104300031 , Callao,Callao,Callao,Centro Poblado: Callao,Mza: 031","031",47,48,26,0,0,0,0,0,0,0,25,0,0,1,0,0,0,0,3,22,0,0,3,25,4,25,95,49.5,25,0,1.33
"07010100010430003200","070101000104300032 , Callao,Callao,Callao,Centro Poblado: Callao,Mza: 032","032",43,47,28,0,0,0,0,0,0,0,26,0,0,0,2,0,0,5,4,17,0,0,3,26,3,27,90,47.8,26,19.2,1
"07010100010430003300","070101000104300033 , Callao,Callao,Callao,Centro Poblado: Callao,Mza: 033","033",35,28,13,0,0,0,0,0,0,0,13,0,0,0,0,0,0,0,1,12,0,0,4,13,4,17,63,55.6,13,0,1
"07010100010430003600","070101000104300036 , Callao,Callao,Callao,Centro Poblado: Callao,Mza: 036","036",46,52,22,0,0,0,0,0,0,0,21,1,0,0,0,0,0,1,2,18,0,0,3,21,4,26,98,46.9,21,4.8,1.33
"07010100010430003700","070101000104300037 , Callao,Callao,Callao,Centro Poblado: Callao,Mza: 037","037",36,49,29,0,0,0,0,0,0,0,29,0,0,0,0,0,0,4,6,18,1,0,2,29,3,29,85,42.4,29,13.8,1.5
"07010100010430003800","070101000104300038 , Callao,Callao,Callao,Centro Poblado: Callao,Mza: 038","038",45,46,23,0,0,0,0,0,0,0,23,0,0,0,0,0,0,0,6,17,0,0,4,23,4,23,91,49.5,23,0,1
"07010100010430003900","070101000104300039 , Callao,Callao,Callao,Centro Poblado: Callao,Mza: 039","039",103,91,40,0,0,0,0,12,0,0,51,1,0,0,0,0,0,4,14,33,0,0,3,51,4,51,194,53.1,51,7.8,1.33
"07010100010430004200","070101000104300042 , Callao,Callao,Callao,Centro Poblado: Callao,Mza: 042","042",63,57,35,0,0,0,0,0,0,0,33,0,2,0,0,0,0,3,12,17,1,0,3,33,4,34,120,52.5,33,9.1,1.33
"07010100010430004301","070101000104300043A, Callao,Callao,Callao,Centro Poblado: Callao,Mza: 043A","043A",97,85,38,0,0,0,0,0,0,0,36,0,0,1,0,1,0,0,17,14,5,0,3,36,4,43,182,53.3,36,0,1.33
"07010100010430004500","070101000104300045 , Callao,Callao,Callao,Centro Poblado: Callao,Mza: 045","045",30,38,16,0,0,0,0,0,0,0,14,0,1,0,1,0,0,1,4,8,1,0,2,14,5,14,68,44.1,14,7.1,2.5
"07010100010430004600","070101000104300046 , Callao,Callao,Callao,Centro Poblado: Callao,Mza: 046","046",26,35,14,0,0,0,0,0,0,0,14,0,0,0,0,0,0,0,10,4,0,0,3,14,3,20,61,42.6,14,0,1
"07010100010430004700","070101000104300047 , Callao,Callao,Callao,Centro Poblado: Callao,Mza: 047","047",61,48,33,0,0,0,0,0,0,0,31,1,1,0,0,0,0,1,9,20,1,0,3,31,3,33,109,56,31,3.2,1
"07010100010430004900","070101000104300049 , Callao,Callao,Callao,Centro Poblado: Callao,Mza: 049","049",50,51,31,0,0,0,0,0,0,0,30,0,0,0,0,1,0,0,18,12,0,0,3,30,3,33,101,49.5,30,0,1
"07010100010430005000","070101000104300050 , Callao,Callao,Callao,Centro Poblado: Callao,Mza: 050","050",29,23,14,0,0,0,0,0,0,0,14,0,0,0,0,0,0,0,6,8,0,0,4,14,4,14,52,55.8,14,0,1
"07010100010430005100","070101000104300051 , Callao,Callao,Callao,Centro Poblado: Callao,Mza: 051","051",73,63,38,0,0,0,0,0,0,0,35,0,0,3,0,0,0,1,11,21,2,0,3,35,4,36,136,53.7,35,2.9,1.33
"07010100010430005200","070101000104300052 , Callao,Callao,Callao,Centro Poblado: Callao,Mza: 052","052",38,54,25,0,0,0,0,0,0,0,23,1,0,0,1,0,0,0,11,12,0,0,4,23,4,23,92,41.3,23,0,1
"07010100010430005300","070101000104300053 , Callao,Callao,Callao,Centro Poblado: Callao,Mza: 053","053",18,21,10,0,0,0,0,0,0,0,10,0,0,0,0,0,0,1,8,1,0,0,4,10,4,10,39,46.2,10,10,1
"07010100010430005400","070101000104300054 , Callao,Callao,Callao,Centro Poblado: Callao,Mza: 054","054",32,49,20,0,0,0,0,0,0,0,19,1,0,0,0,0,0,1,6,9,3,0,3,19,4,19,81,39.5,19,5.3,1.33
"07010100010430005602","070101000104300056B, Callao,Callao,Callao,Centro Poblado: Callao,Mza: 056B","056B",18,16,7,0,0,0,0,0,0,0,7,0,0,0,0,0,0,0,7,0,0,0,4,7,5,7,34,52.9,7,0,1.25
"07010100010430005603","070101000104300056C, Callao,Callao,Callao,Centro Poblado: Callao,Mza: 056C","056C",19,12,10,0,0,0,0,0,0,0,8,0,2,0,0,0,0,0,8,0,0,0,2,8,4,8,31,61.3,8,0,2
"07010100010430005701","070101000104300057A, Callao,Callao,Callao,Centro Poblado: Callao,Mza: 057A","057A",22,24,13,0,0,0,0,0,0,0,12,0,0,0,0,1,0,0,11,1,0,0,2,12,4,13,46,47.8,12,0,2
"07010100010430088888","0701010001043008888, Callao,Callao,Callao,Centro Poblado: Callao,Mza: 8888","8888",175,188,114,0,0,1,0,0,0,0,108,1,4,0,2,0,0,5,64,35,4,0,3,108,3,120,363,48.2,108,4.6,1
"07010100010440000100","070101000104400001 , Callao,Callao,Callao,Centro Poblado: Callao,Mza: 001","001",180,196,77,8,0,0,0,33,0,0,106,4,1,0,7,0,0,59,15,24,8,0,3,106,3,111,376,47.9,106,55.7,1
"07010100010440000200","070101000104400002 , Callao,Callao,Callao,Centro Poblado: Callao,Mza: 002","002",192,197,80,11,16,0,0,24,0,0,119,9,1,0,2,0,0,51,9,48,11,0,3,119,3,119,389,49.4,119,42.9,1
"07010100010440000300","070101000104400003 , Callao,Callao,Callao,Centro Poblado: Callao,Mza: 003","003",236,229,97,7,2,0,0,53,0,0,143,11,2,1,2,0,0,73,21,37,12,0,3,143,3,147,465,50.8,143,51,1
"07010100010440000400","070101000104400004 , Callao,Callao,Callao,Centro Poblado: Callao,Mza: 004","004",70,83,37,0,1,0,0,7,0,0,41,2,2,0,0,0,0,14,13,12,2,0,3,41,4,41,153,45.8,41,34.1,1.33
"07010100010440000500","070101000104400005 , Callao,Callao,Callao,Centro Poblado: Callao,Mza: 005","005",103,113,55,2,0,0,0,8,0,0,61,2,0,1,0,0,1,22,10,24,5,0,4,61,3,63,216,47.7,61,36.1,0.75
"07010100010440000600","070101000104400006 , Callao,Callao,Callao,Centro Poblado: Callao,Mza: 006","006",62,67,38,6,0,0,1,0,0,0,41,2,0,0,1,0,0,18,4,17,2,0,3,41,3,42,129,48.1,41,43.9,1
"07010100010440000700","070101000104400007 , Callao,Callao,Callao,Centro Poblado: Callao,Mza: 007","007",111,142,76,2,0,0,0,3,0,0,75,3,3,0,0,0,0,36,11,18,10,0,4,75,3,75,253,43.9,75,48,0.75
"07010100010440000900","070101000104400009 , Callao,Callao,Callao,Centro Poblado: Callao,Mza: 009","009",73,70,36,0,0,0,1,0,0,0,33,1,0,0,2,0,0,7,15,11,0,0,3,33,4,34,143,51,33,21.2,1.33
"07010100010440001000","070101000104400010 , Callao,Callao,Callao,Centro Poblado: Callao,Mza: 010","010",155,159,44,10,32,0,0,28,0,0,105,6,2,0,1,0,0,55,9,31,10,0,3,105,3,106,314,49.4,105,52.4,1
"07010100010440001100","070101000104400011 , Callao,Callao,Callao,Centro Poblado: Callao,Mza: 011","011",40,45,29,2,0,0,0,0,0,0,29,2,0,0,0,0,0,24,0,5,0,0,3,29,3,32,85,47.1,29,82.8,1
"07010100010440001200","070101000104400012 , Callao,Callao,Callao,Centro Poblado: Callao,Mza: 012","012",68,82,25,10,0,0,0,23,0,0,43,2,9,0,4,0,0,23,4,15,1,0,3,43,3,43,150,45.3,43,53.5,1
"07010100010440001300","070101000104400013 , Callao,Callao,Callao,Centro Poblado: Callao,Mza: 013","013",243,262,77,0,5,0,0,60,0,0,132,7,0,0,3,0,0,65,18,41,7,1,3,132,3,151,505,48.1,132,49.2,1
"07010100010440001400","070101000104400014 , Callao,Callao,Callao,Centro Poblado: Callao,Mza: 014","014",339,322,101,0,43,0,0,36,0,0,172,8,0,0,0,0,0,55,49,35,33,0,3,172,3,189,661,51.3,172,32,1
"07010100010440001500","070101000104400015 , Callao,Callao,Callao,Centro Poblado: Callao,Mza: 015","015",188,212,75,3,4,0,0,42,0,0,118,4,1,0,1,0,0,50,22,38,8,0,3,118,3,119,400,47,118,42.4,1
"07010100010440001600","070101000104400016 , Callao,Callao,Callao,Centro Poblado: Callao,Mza: 016","016",341,339,127,0,17,0,0,71,0,0,186,11,11,0,6,1,0,67,59,35,25,0,3,186,3,197,680,50.1,186,36,1
"07010100010440001700","070101000104400017 , Callao,Callao,Callao,Centro Poblado: Callao,Mza: 017","017",195,208,60,1,19,0,0,47,0,0,115,6,2,1,3,0,0,58,13,19,24,1,3,115,3,121,403,48.4,115,50.4,1
"07010100010440001800","070101000104400018 , Callao,Callao,Callao,Centro Poblado: Callao,Mza: 018","018",342,402,104,15,32,0,1,105,0,0,210,8,21,2,10,2,3,102,19,64,23,2,3,210,3,217,744,46,210,48.6,1
"07010100010440001900","070101000104400019 , Callao,Callao,Callao,Centro Poblado: Callao,Mza: 019","019",561,604,165,3,65,1,1,134,0,0,343,19,2,2,2,0,0,194,41,71,30,7,2,343,3,348,1165,48.2,343,56.6,1.5
"07010100010440002000","070101000104400020 , Callao,Callao,Callao,Centro Poblado: Callao,Mza: 020","020",281,279,46,0,113,0,0,37,0,0,184,9,0,0,2,1,0,95,10,62,17,0,2,184,3,185,560,50.2,184,51.6,1.5
"07010100010440002100","070101000104400021 , Callao,Callao,Callao,Centro Poblado: Callao,Mza: 021","021",153,170,66,0,47,0,0,14,0,0,117,8,1,0,1,0,0,29,30,49,8,1,2,117,3,118,323,47.4,117,24.8,1.5
"07010100010440002200","070101000104400022 , Callao,Callao,Callao,Centro Poblado: Callao,Mza: 022","022",236,264,65,6,76,0,1,24,0,0,151,5,1,0,10,4,0,56,12,68,15,0,3,151,3,157,500,47.2,151,37.1,1
"07010100010440002300","070101000104400023 , Callao,Callao,Callao,Centro Poblado: Callao,Mza: 023","023",183,180,70,21,4,0,0,9,1,0,99,6,0,0,0,0,0,42,31,23,3,0,3,99,3,104,363,50.4,99,42.4,1
"07010100010440002600","070101000104400026 , Callao,Callao,Callao,Centro Poblado: Callao,Mza: 026","026",60,84,52,4,0,0,0,0,0,0,43,2,3,0,7,0,1,15,14,14,0,0,3,43,3,47,144,41.7,43,34.9,1
"07010100010440002800","070101000104400028 , Callao,Callao,Callao,Centro Poblado: Callao,Mza: 028","028",105,86,27,22,15,0,0,8,0,0,68,1,0,0,3,0,0,52,1,11,4,0,2,68,3,68,191,55,68,76.5,1.5
"07010100010440003000","070101000104400030 , Callao,Callao,Callao,Centro Poblado: Callao,Mza: 030","030",273,312,111,13,11,0,1,47,0,0,173,3,3,0,3,0,0,103,27,32,11,0,2,173,3,174,585,46.7,173,59.5,1.5
"07010100010440003100","070101000104400031 , Callao,Callao,Callao,Centro Poblado: Callao,Mza: 031","031",149,172,78,0,7,1,1,14,0,0,90,1,0,7,2,0,0,36,25,23,6,0,3,90,3,95,321,46.4,90,40,1
"07010100010440003200","070101000104400032 , Callao,Callao,Callao,Centro Poblado: Callao,Mza: 032","032",149,171,61,1,10,0,0,15,0,0,82,1,0,1,3,0,0,22,12,30,18,0,3,82,4,83,320,46.6,82,26.8,1.33
"07010100010440003300","070101000104400033 , Callao,Callao,Callao,Centro Poblado: Callao,Mza: 033","033",197,204,69,0,13,0,0,34,0,0,105,7,0,0,1,1,2,27,17,52,9,0,3,105,4,112,401,49.1,105,25.7,1.33
"07010100010440003400","070101000104400034 , Callao,Callao,Callao,Centro Poblado: Callao,Mza: 034","034",18,15,14,0,0,0,0,0,0,0,12,1,0,0,0,1,0,1,2,9,0,0,3,12,3,12,33,54.5,12,8.3,1
"07010100010440003500","070101000104400035 , Callao,Callao,Callao,Centro Poblado: Callao,Mza: 035","035",22,31,15,0,0,0,0,0,0,0,14,1,0,0,0,0,0,0,5,8,1,0,3,14,4,14,53,41.5,14,0,1.33
"07010100010440003600","070101000104400036 , Callao,Callao,Callao,Centro Poblado: Callao,Mza: 036","036",27,30,14,0,0,0,0,0,0,0,14,0,0,0,0,0,0,0,0,14,0,0,4,14,4,15,57,47.4,14,0,1
"07010100010440003700","070101000104400037 , Callao,Callao,Callao,Centro Poblado: Callao,Mza: 037","037",24,28,12,0,0,0,0,0,0,0,10,0,0,0,2,0,0,1,2,6,1,0,5,10,5,11,52,46.2,10,10,1
"07010100010440003800","070101000104400038 , Callao,Callao,Callao,Centro Poblado: Callao,Mza: 038","038",33,29,12,0,0,0,0,0,0,0,11,0,1,0,0,0,0,2,1,8,0,0,6,11,5,12,62,53.2,11,18.2,0.83
"07010100010440003900","070101000104400039 , Callao,Callao,Callao,Centro Poblado: Callao,Mza: 039","039",17,21,13,0,0,0,0,0,0,0,12,0,0,1,0,0,0,0,1,8,3,0,4,12,3,13,38,44.7,12,0,0.75
"07010100010440004000","070101000104400040 , Callao,Callao,Callao,Centro Poblado: Callao,Mza: 040","040",126,130,41,9,11,0,0,9,2,0,69,0,0,0,3,0,0,55,1,10,3,0,3,69,4,72,256,49.2,69,79.7,1.33
"07010100010440004100","070101000104400041 , Callao,Callao,Callao,Centro Poblado: Callao,Mza: 041","041",46,29,20,0,0,0,0,0,0,0,18,1,1,0,0,0,0,7,0,8,3,0,4,18,4,18,75,61.3,18,38.9,1
"07010100010440004300","070101000104400043 , Callao,Callao,Callao,Centro Poblado: Callao,Mza: 043","043",88,112,59,0,0,0,0,8,2,0,57,3,1,2,1,0,5,14,3,22,18,0,3,57,3,58,200,44,57,24.6,1
"07010100010440004400","070101000104400044 , Callao,Callao,Callao,Centro Poblado: Callao,Mza: 044","044",321,350,94,13,13,0,1,93,0,0,191,8,0,9,5,0,0,82,18,74,17,0,3,191,3,193,671,47.8,191,42.9,1
"07010100010440004500","070101000104400045 , Callao,Callao,Callao,Centro Poblado: Callao,Mza: 045","045",266,277,133,20,8,0,1,24,0,0,169,9,0,1,3,1,2,77,22,57,13,0,3,169,3,175,543,49,169,45.6,1
"07010100010440004601","070101000104400046A, Callao,Callao,Callao,Centro Poblado: Callao,Mza: 046A","046A",48,63,34,2,0,0,0,0,0,0,32,1,1,0,2,0,0,5,10,17,0,0,4,32,3,32,111,43.2,32,15.6,0.75
"07010100010440004801","070101000104400048A, Callao,Callao,Callao,Centro Poblado: Callao,Mza: 048A","048A",51,53,29,4,0,0,0,0,0,0,32,0,0,0,1,0,0,6,5,18,3,0,3,32,3,32,104,49,32,18.8,1
"07010100010440005001","070101000104400050A, Callao,Callao,Callao,Centro Poblado: Callao,Mza: 050A","050A",45,55,20,0,2,0,0,0,0,0,22,0,0,0,0,0,0,1,11,10,0,0,5,22,4,27,100,45,22,4.5,0.8
"07010100010440005300","070101000104400053 , Callao,Callao,Callao,Centro Poblado: Callao,Mza: 053","053",66,64,23,0,4,0,0,0,0,0,27,0,0,0,0,0,0,5,4,18,0,0,3,27,4,30,130,50.8,27,18.5,1.33
"07010100010440005400","070101000104400054 , Callao,Callao,Callao,Centro Poblado: Callao,Mza: 054","054",36,33,19,0,0,0,0,0,0,0,17,0,0,0,1,1,0,0,1,16,0,0,3,17,4,17,69,52.2,17,0,1.33
"07010100010440005500","070101000104400055 , Callao,Callao,Callao,Centro Poblado: Callao,Mza: 055","055",44,45,25,0,0,0,0,0,0,0,24,1,0,0,0,0,0,4,2,14,4,0,2,24,4,24,89,49.4,24,16.7,2
"07010100010440005600","070101000104400056 , Callao,Callao,Callao,Centro Poblado: Callao,Mza: 056","056",76,85,43,0,0,0,0,0,0,0,39,4,0,0,0,0,0,3,1,34,1,0,2,39,4,41,161,47.2,39,7.7,2
"07010100010440005700","070101000104400057 , Callao,Callao,Callao,Centro Poblado: Callao,Mza: 057","057",54,57,29,0,0,0,0,0,0,0,28,0,0,0,1,0,0,4,2,20,1,1,3,28,4,31,111,48.6,28,14.3,1.33
"07010100010440005802","070101000104400058B, Callao,Callao,Callao,Centro Poblado: Callao,Mza: 058B","058B",31,31,21,0,0,0,0,0,0,0,17,1,2,0,0,1,0,2,5,10,0,0,3,17,4,17,62,50,17,11.8,1.33
"07010100010440005900","070101000104400059 , Callao,Callao,Callao,Centro Poblado: Callao,Mza: 059","059",53,54,30,0,0,0,0,0,0,0,29,0,0,0,1,0,0,3,5,18,2,1,2,29,3,31,107,49.5,29,10.3,1.5
"07010100010440006000","070101000104400060 , Callao,Callao,Callao,Centro Poblado: Callao,Mza: 060","060",75,77,28,0,1,0,0,10,0,0,38,0,0,0,1,0,0,7,10,18,2,1,3,38,4,40,152,49.3,38,18.4,1.33
"07010100010440088888","0701010001044008888, Callao,Callao,Callao,Centro Poblado: Callao,Mza: 8888","8888",27,30,1,0,0,0,4,0,0,0,1,0,0,0,0,0,0,1,0,0,0,0,4,1,1,5,57,47.4,1,100,0.25
"07010100010450000100","070101000104500001 , Callao,Callao,Callao,Centro Poblado: Callao,Mza: 001","001",140,164,43,28,5,0,0,12,0,0,86,2,0,0,0,0,0,46,18,19,3,0,3,86,3,89,304,46.1,86,53.5,1
"07010100010450000200","070101000104500002 , Callao,Callao,Callao,Centro Poblado: Callao,Mza: 002","002",118,135,46,0,8,0,0,22,0,0,74,1,1,0,0,0,0,30,11,30,3,0,3,74,3,79,253,46.6,74,40.5,1
"07010100010450000300","070101000104500003 , Callao,Callao,Callao,Centro Poblado: Callao,Mza: 003","003",26,29,14,0,0,0,1,0,0,0,14,0,0,0,0,0,0,3,2,7,2,0,4,14,3,15,55,47.3,14,21.4,0.75
"07010100010450000400","070101000104500004 , Callao,Callao,Callao,Centro Poblado: Callao,Mza: 004","004",17,21,15,0,0,0,0,0,0,0,13,1,1,0,0,0,0,5,1,7,0,0,3,13,3,13,38,44.7,13,38.5,1
"07010100010450000500","070101000104500005 , Callao,Callao,Callao,Centro Poblado: Callao,Mza: 005","005",70,80,40,3,7,0,0,4,0,0,48,2,0,2,2,0,0,13,8,24,3,0,3,48,3,48,150,46.7,48,27.1,1
"07010100010450000600","070101000104500006 , Callao,Callao,Callao,Centro Poblado: Callao,Mza: 006","006",229,255,114,16,7,0,0,19,1,0,130,12,1,2,12,0,0,64,11,51,3,1,3,130,4,138,484,47.3,130,49.2,1.33
"07010100010450000800","070101000104500008 , Callao,Callao,Callao,Centro Poblado: Callao,Mza: 008","008",187,235,86,4,7,0,0,45,0,0,129,9,0,1,2,0,1,42,9,73,5,0,3,129,3,142,422,44.3,129,32.6,1
"07010100010450000900","070101000104500009 , Callao,Callao,Callao,Centro Poblado: Callao,Mza: 009","009",81,90,39,2,1,0,0,12,0,0,47,1,6,0,0,0,0,24,6,15,2,0,3,47,3,53,171,47.4,47,51.1,1
"07010100010450001000","070101000104500010 , Callao,Callao,Callao,Centro Poblado: Callao,Mza: 010","010",98,130,54,3,2,0,0,14,0,0,64,0,8,0,0,1,0,30,4,19,11,0,3,64,3,67,228,43,64,46.9,1
"07010100010450001100","070101000104500011 , Callao,Callao,Callao,Centro Poblado: Callao,Mza: 011","011",162,177,83,8,4,0,0,23,0,0,102,8,2,0,6,0,0,30,17,45,10,0,3,102,3,109,339,47.8,102,29.4,1
"07010100010450001200","070101000104500012 , Callao,Callao,Callao,Centro Poblado: Callao,Mza: 012","012",63,48,39,0,2,0,0,6,0,0,37,2,8,0,0,0,0,21,4,12,0,0,3,37,3,37,111,56.8,37,56.8,1
"07010100010450001300","070101000104500013 , Callao,Callao,Callao,Centro Poblado: Callao,Mza: 013","013",273,286,76,50,0,0,0,51,1,0,157,5,11,0,5,0,0,54,15,79,9,0,3,157,3,160,559,48.8,157,34.4,1
"07010100010450001400","070101000104500014 , Callao,Callao,Callao,Centro Poblado: Callao,Mza: 014","014",292,269,108,39,5,0,0,45,0,0,169,15,0,3,9,0,1,58,14,88,9,0,3,169,3,169,561,52,169,34.3,1
"07010100010450001500","070101000104500015 , Callao,Callao,Callao,Centro Poblado: Callao,Mza: 015","015",132,140,57,5,6,0,0,9,0,0,70,3,1,0,2,1,0,39,3,25,3,0,3,70,4,74,272,48.5,70,55.7,1.33
"07010100010450001600","070101000104500016 , Callao,Callao,Callao,Centro Poblado: Callao,Mza: 016","016",44,35,13,17,0,0,0,0,0,0,26,1,0,0,2,0,1,18,1,6,1,0,3,26,3,28,79,55.7,26,69.2,1
"07010100010450001700","070101000104500017 , Callao,Callao,Callao,Centro Poblado: Callao,Mza: 017","017",15,27,14,0,0,0,0,0,0,0,12,0,0,0,0,0,2,3,0,7,2,0,3,12,3,13,42,35.7,12,25,1
"07010100010450001800","070101000104500018 , Callao,Callao,Callao,Centro Poblado: Callao,Mza: 018","018",37,43,17,10,0,0,0,8,0,0,25,0,6,0,3,1,0,17,3,4,1,0,3,25,3,25,80,46.2,25,68,1
"07010100010450001900","070101000104500019 , Callao,Callao,Callao,Centro Poblado: Callao,Mza: 019","019",34,61,13,6,0,0,0,14,1,0,34,0,0,0,0,0,0,18,0,16,0,0,3,34,3,34,95,35.8,34,52.9,1
"07010100010450002000","070101000104500020 , Callao,Callao,Callao,Centro Poblado: Callao,Mza: 020","020",138,154,78,6,0,0,0,12,0,0,83,6,3,2,2,0,0,24,12,41,6,0,4,83,3,86,292,47.3,83,28.9,0.75
"07010100010450002100","070101000104500021 , Callao,Callao,Callao,Centro Poblado: Callao,Mza: 021","021",84,111,47,0,0,0,0,25,0,0,63,1,2,2,4,0,0,43,4,13,3,0,2,63,3,63,195,43.1,63,68.3,1.5
"07010100010450002200","070101000104500022 , Callao,Callao,Callao,Centro Poblado: Callao,Mza: 022","022",97,149,54,2,9,0,0,18,0,0,75,3,2,0,3,0,0,25,11,27,12,0,3,75,3,77,246,39.4,75,33.3,1
"07010100010450002400","070101000104500024 , Callao,Callao,Callao,Centro Poblado: Callao,Mza: 024","024",129,168,77,1,16,0,0,15,0,0,95,8,0,0,4,1,1,42,16,23,12,2,3,95,3,95,297,43.4,95,44.2,1
"07010100010450002500","070101000104500025 , Callao,Callao,Callao,Centro Poblado: Callao,Mza: 025","025",123,150,56,3,21,0,0,18,0,0,84,4,4,1,4,0,1,32,10,31,11,0,3,84,3,87,273,45.1,84,38.1,1
"07010100010450002600","070101000104500026 , Callao,Callao,Callao,Centro Poblado: Callao,Mza: 026","026",187,181,66,2,5,0,0,37,0,0,102,3,0,2,3,0,0,48,5,38,11,0,3,102,3,107,368,50.8,102,47.1,1
"07010100010450002701","070101000104500027A, Callao,Callao,Callao,Centro Poblado: Callao,Mza: 027A","027A",81,86,46,0,0,0,0,8,0,0,44,4,2,2,1,0,1,10,3,26,5,0,4,44,4,47,167,48.5,44,22.7,1
"07010100010450002702","070101000104500027B, Callao,Callao,Callao,Centro Poblado: Callao,Mza: 027B","027B",48,48,26,0,0,0,0,0,0,0,23,0,0,0,3,0,0,6,3,14,0,0,3,23,4,25,96,50,23,26.1,1.33
"07010100010450002800","070101000104500028 , Callao,Callao,Callao,Centro Poblado: Callao,Mza: 028","028",27,28,16,0,2,0,0,0,0,0,16,2,0,0,0,0,0,7,7,2,0,0,3,16,3,16,55,49.1,16,43.8,1
"07010100010450002900","070101000104500029 , Callao,Callao,Callao,Centro Poblado: Callao,Mza: 029","029",89,104,40,2,0,0,0,34,0,0,61,3,6,0,4,1,1,32,0,21,8,0,3,61,3,62,193,46.1,61,52.5,1
"07010100010450003000","070101000104500030 , Callao,Callao,Callao,Centro Poblado: Callao,Mza: 030","030",187,191,41,10,12,0,0,55,0,0,109,3,0,0,3,0,3,54,7,43,5,0,3,109,3,110,378,49.5,109,49.5,1
"07010100010450003100","070101000104500031 , Callao,Callao,Callao,Centro Poblado: Callao,Mza: 031","031",333,364,121,48,27,0,0,90,0,0,229,14,32,0,10,1,0,129,36,48,16,0,3,229,3,229,697,47.8,229,56.3,1
"07010100010450003200","070101000104500032 , Callao,Callao,Callao,Centro Poblado: Callao,Mza: 032","032",86,103,42,2,7,0,0,0,0,0,49,0,0,1,1,0,0,14,11,17,7,0,3,49,4,51,189,45.5,49,28.6,1.33
"07010100010450003300","070101000104500033 , Callao,Callao,Callao,Centro Poblado: Callao,Mza: 033","033",67,82,47,0,4,0,0,0,0,0,45,4,0,0,2,0,0,8,7,25,5,0,3,45,3,45,149,45,45,17.8,1
"07010100010450003400","070101000104500034 , Callao,Callao,Callao,Centro Poblado: Callao,Mza: 034","034",58,53,41,8,1,0,0,3,0,0,44,3,3,2,1,0,0,23,4,15,2,0,3,44,3,44,111,52.3,44,52.3,1
"07010100010450003500","070101000104500035 , Callao,Callao,Callao,Centro Poblado: Callao,Mza: 035","035",162,165,86,2,15,0,0,14,0,0,97,4,7,0,8,0,1,44,10,36,7,0,3,97,3,97,327,49.5,97,45.4,1
"07010100010450003600","070101000104500036 , Callao,Callao,Callao,Centro Poblado: Callao,Mza: 036","036",60,57,43,0,3,0,0,3,0,0,42,2,2,0,3,0,0,17,7,13,5,0,2,42,3,42,117,51.3,42,40.5,1.5
"07010100010450003700","070101000104500037 , Callao,Callao,Callao,Centro Poblado: Callao,Mza: 037","037",101,102,58,7,0,0,0,2,1,0,59,3,5,1,0,0,0,29,9,15,3,3,3,59,3,60,203,49.8,59,49.2,1
"07010100010450003800","070101000104500038 , Callao,Callao,Callao,Centro Poblado: Callao,Mza: 038","038",110,106,63,0,0,0,0,0,0,0,54,3,4,0,2,0,0,26,4,19,5,0,4,54,4,54,216,50.9,54,48.1,1
"07010100010450003900","070101000104500039 , Callao,Callao,Callao,Centro Poblado: Callao,Mza: 039","039",59,77,37,0,0,0,0,0,0,0,34,1,0,0,2,0,0,13,9,9,3,0,3,34,4,34,136,43.4,34,38.2,1.33
"07010100010450004000","070101000104500040 , Callao,Callao,Callao,Centro Poblado: Callao,Mza: 040","040",35,58,28,0,0,0,0,0,0,0,26,2,0,0,0,0,0,15,3,8,0,0,3,26,4,26,93,37.6,26,57.7,1.33
"07010100010450004100","070101000104500041 , Callao,Callao,Callao,Centro Poblado: Callao,Mza: 041","041",45,50,17,5,0,0,0,0,0,0,22,0,0,0,0,0,0,9,1,10,2,0,3,22,4,25,95,47.4,22,40.9,1.33
"07010100010450004200","070101000104500042 , Callao,Callao,Callao,Centro Poblado: Callao,Mza: 042","042",16,22,13,0,0,0,0,0,0,0,8,1,2,2,0,0,0,4,2,1,1,0,4,8,5,8,38,42.1,8,50,1.25
"07010100010450004300","070101000104500043 , Callao,Callao,Callao,Centro Poblado: Callao,Mza: 043","043",427,460,107,20,50,0,0,144,1,0,287,15,3,1,16,0,0,207,17,36,23,4,2,287,3,299,887,48.1,287,72.1,1.5
"07010100010450004501","070101000104500045A, Callao,Callao,Callao,Centro Poblado: Callao,Mza: 045A","045A",406,398,71,20,52,0,2,129,3,0,255,16,2,0,0,0,2,134,18,78,22,3,2,255,3,263,804,50.5,255,52.5,1.5
"07010100010450004502","070101000104500045B, Callao,Callao,Callao,Centro Poblado: Callao,Mza: 045B","045B",193,192,49,21,19,0,0,52,2,0,138,3,0,2,0,0,0,104,3,18,13,0,2,138,3,139,385,50.1,138,75.4,1.5
"07010100010450004600","070101000104500046 , Callao,Callao,Callao,Centro Poblado: Callao,Mza: 046","046",97,112,29,21,4,0,0,13,0,0,61,2,2,0,2,0,0,43,2,13,3,0,3,61,3,62,209,46.4,61,70.5,1
"07010100010450004700","070101000104500047 , Callao,Callao,Callao,Centro Poblado: Callao,Mza: 047","047",294,309,80,9,10,0,0,96,1,0,167,3,17,1,7,0,1,92,14,51,10,0,3,167,4,168,603,48.8,167,55.1,1.33
"07010100010450004900","070101000104500049 , Callao,Callao,Callao,Centro Poblado: Callao,Mza: 049","049",366,363,100,29,66,0,0,104,1,0,240,8,35,3,12,1,1,151,14,60,14,1,2,240,3,246,729,50.2,240,62.9,1.5
"07010100010450005000","070101000104500050 , Callao,Callao,Callao,Centro Poblado: Callao,Mza: 050","050",88,82,14,0,2,0,0,30,0,0,45,1,0,0,0,0,0,6,1,30,6,2,2,45,4,46,170,51.8,45,13.3,2
"07010100010450005200","070101000104500052 , Callao,Callao,Callao,Centro Poblado: Callao,Mza: 052","052",193,221,64,44,4,0,0,34,0,0,133,3,0,2,3,0,5,59,15,55,4,0,2,133,3,133,414,46.6,133,44.4,1.5
"07010100010450005300","070101000104500053 , Callao,Callao,Callao,Centro Poblado: Callao,Mza: 053","053",130,133,47,39,0,0,0,23,3,0,87,8,5,0,11,0,1,47,8,27,4,1,3,87,3,89,263,49.4,87,54,1
"07010100010450005400","070101000104500054 , Callao,Callao,Callao,Centro Poblado: Callao,Mza: 054","054",84,99,55,3,0,0,0,0,0,0,48,4,3,0,3,0,0,19,1,25,3,0,3,48,4,50,183,45.9,48,39.6,1.33
"07010100010450005500","070101000104500055 , Callao,Callao,Callao,Centro Poblado: Callao,Mza: 055","055",166,161,52,9,28,0,0,29,0,0,92,8,1,0,13,4,0,61,5,20,6,0,3,92,3,94,327,50.8,92,66.3,1
"07010100010450005600","070101000104500056 , Callao,Callao,Callao,Centro Poblado: Callao,Mza: 056","056",220,232,63,28,41,0,0,58,1,0,148,10,3,0,28,2,0,78,10,49,10,1,3,148,3,152,452,48.7,148,52.7,1
"07010100010450005700","070101000104500057 , Callao,Callao,Callao,Centro Poblado: Callao,Mza: 057","057",95,104,50,14,0,0,0,0,0,0,53,0,2,0,8,0,1,18,4,25,6,0,3,53,4,53,199,47.7,53,34,1.33
"07010100010450088888","0701010001045008888, Callao,Callao,Callao,Centro Poblado: Callao,Mza: 8888","8888",8,5,7,2,0,0,0,0,0,0,5,0,1,3,0,0,0,3,1,1,0,0,2,5,3,5,13,61.5,5,60,1.5
"07010100010460000100","070101000104600001 , Callao,Callao,Callao,Centro Poblado: Callao,Mza: 001","001",24,30,0,19,0,0,0,0,0,0,17,1,0,0,1,0,0,6,2,7,2,0,3,17,3,17,54,44.4,17,35.3,1
"07010100010460000200","070101000104600002 , Callao,Callao,Callao,Centro Poblado: Callao,Mza: 002","002",17,19,0,12,0,0,0,0,0,0,10,0,2,0,0,0,0,2,1,6,1,0,2,10,4,10,36,47.2,10,20,2
"07010100010460000300","070101000104600003 , Callao,Callao,Callao,Centro Poblado: Callao,Mza: 003","003",15,18,2,10,0,0,0,0,0,0,11,1,0,0,0,0,0,5,1,5,0,0,3,11,3,11,33,45.5,11,45.5,1
"07010100010460000400","070101000104600004 , Callao,Callao,Callao,Centro Poblado: Callao,Mza: 004","004",28,35,11,14,0,0,0,0,0,0,21,1,1,0,1,0,1,4,3,14,0,0,3,21,3,21,63,44.4,21,19,1
"07010100010460000500","070101000104600005 , Callao,Callao,Callao,Centro Poblado: Callao,Mza: 005","005",43,27,20,0,0,0,0,0,0,0,20,0,0,0,0,0,0,2,7,11,0,0,3,20,4,20,70,61.4,20,10,1.33
"07010100010460000700","070101000104600007 , Callao,Callao,Callao,Centro Poblado: Callao,Mza: 007","007",37,46,12,12,0,0,0,0,0,0,23,0,0,0,1,0,0,3,3,17,0,0,3,23,3,24,83,44.6,23,13,1
"07010100010460000800","070101000104600008 , Callao,Callao,Callao,Centro Poblado: Callao,Mza: 008","008",27,32,8,15,0,0,0,0,0,0,21,0,2,0,0,0,0,2,2,17,0,0,4,21,3,21,59,45.8,21,9.5,0.75
"07010100010460000900","070101000104600009 , Callao,Callao,Callao,Centro Poblado: Callao,Mza: 009","009",33,34,22,2,0,0,0,0,0,0,22,1,0,0,0,0,1,1,1,13,7,0,3,22,3,22,67,49.3,22,4.5,1
"07010100010460001000","070101000104600010 , Callao,Callao,Callao,Centro Poblado: Callao,Mza: 010","010",86,109,42,0,0,0,0,0,0,0,38,2,2,0,0,0,0,2,11,22,3,0,3,38,5,42,195,44.1,38,5.3,1.67
"07010100010460001100","070101000104600011 , Callao,Callao,Callao,Centro Poblado: Callao,Mza: 011","011",53,56,32,0,0,0,0,0,0,0,29,2,1,0,0,0,0,8,7,12,2,0,4,29,4,29,109,48.6,29,27.6,1
"07010100010460001200","070101000104600012 , Callao,Callao,Callao,Centro Poblado: Callao,Mza: 012","012",37,39,16,0,0,0,0,0,0,0,15,1,0,0,0,0,0,0,2,13,0,0,7,15,4,17,76,48.7,15,0,0.57
"07010100010460001300","070101000104600013 , Callao,Callao,Callao,Centro Poblado: Callao,Mza: 013","013",63,73,26,7,0,0,0,0,0,0,33,0,0,0,0,0,0,7,10,16,0,0,3,33,4,38,136,46.3,33,21.2,1.33
"07010100010460001400","070101000104600014 , Callao,Callao,Callao,Centro Poblado: Callao,Mza: 014","014",38,41,16,3,0,0,0,0,0,0,19,0,0,0,0,0,0,4,1,13,1,0,4,19,4,20,79,48.1,19,21.1,1
"07010100010460001500","070101000104600015 , Callao,Callao,Callao,Centro Poblado: Callao,Mza: 015","015",33,23,16,0,0,0,0,0,0,0,16,0,0,0,0,0,0,3,2,9,2,0,4,16,3,22,56,58.9,16,18.8,0.75
"07010100010460001600","070101000104600016 , Callao,Callao,Callao,Centro Poblado: Callao,Mza: 016","016",42,39,21,0,0,0,0,0,0,0,18,1,1,1,0,0,0,1,3,12,2,0,4,18,4,20,81,51.9,18,5.6,1
"07010100010460001700","070101000104600017 , Callao,Callao,Callao,Centro Poblado: Callao,Mza: 017","017",44,55,33,0,0,0,0,0,0,0,31,1,0,0,0,0,1,2,4,23,2,0,2,31,3,32,99,44.4,31,6.5,1.5
"07010100010460001800","070101000104600018 , Callao,Callao,Callao,Centro Poblado: Callao,Mza: 018","018",26,30,16,0,0,0,0,0,0,0,15,0,0,0,1,0,0,0,3,8,4,0,5,15,4,15,56,46.4,15,0,0.8
"07010100010460001900","070101000104600019 , Callao,Callao,Callao,Centro Poblado: Callao,Mza: 019","019",27,27,16,0,0,0,0,0,0,0,15,0,0,1,0,0,0,2,2,10,1,0,3,15,4,15,54,50,15,13.3,1.33
"07010100010460002100","070101000104600021 , Callao,Callao,Callao,Centro Poblado: Callao,Mza: 021","021",21,32,8,13,0,0,0,0,0,0,18,0,0,2,1,0,0,4,3,11,0,0,3,18,3,18,53,39.6,18,22.2,1
"07010100010460002200","070101000104600022 , Callao,Callao,Callao,Centro Poblado: Callao,Mza: 022","022",13,21,12,0,0,0,0,0,0,0,11,0,0,0,0,0,1,0,1,8,2,0,2,11,3,11,34,38.2,11,0,1.5
"07010100010460002300","070101000104600023 , Callao,Callao,Callao,Centro Poblado: Callao,Mza: 023","023",15,21,6,6,0,0,0,0,0,0,12,0,0,0,0,0,0,0,2,9,1,0,3,12,3,13,36,41.7,12,0,1
"07010100010460002400","070101000104600024 , Callao,Callao,Callao,Centro Poblado: Callao,Mza: 024","024",63,65,40,0,0,0,0,0,0,0,37,2,0,0,0,0,1,12,7,16,2,0,3,37,3,43,128,49.2,37,32.4,1
"07010100010460002500","070101000104600025 , Callao,Callao,Callao,Centro Poblado: Callao,Mza: 025","025",23,29,16,0,0,0,0,0,0,0,15,1,0,0,0,0,0,2,2,11,0,0,5,15,3,15,52,44.2,15,13.3,0.6
"07010100010460002601","070101000104600026A, Callao,Callao,Callao,Centro Poblado: Callao,Mza: 026A","026A",24,31,0,15,0,0,0,0,0,0,13,2,0,0,0,0,0,5,3,4,1,0,3,13,4,13,55,43.6,13,38.5,1.33
"07010100010460002700","070101000104600027 , Callao,Callao,Callao,Centro Poblado: Callao,Mza: 027","027",25,26,0,15,0,0,0,0,0,0,15,0,0,0,0,0,0,3,2,8,2,0,3,15,3,15,51,49,15,20,1
"07010100010460002900","070101000104600029 , Callao,Callao,Callao,Centro Poblado: Callao,Mza: 029","029",15,25,0,15,0,0,0,0,0,0,13,1,0,0,1,0,0,1,4,8,0,0,4,13,3,13,40,37.5,13,7.7,0.75
"07010100010460003100","070101000104600031 , Callao,Callao,Callao,Centro Poblado: Callao,Mza: 031","031",33,40,16,2,0,0,0,9,0,0,25,1,0,0,1,0,0,2,10,13,0,0,4,25,3,25,73,45.2,25,8,0.75
"07010100010460003200","070101000104600032 , Callao,Callao,Callao,Centro Poblado: Callao,Mza: 032","032",112,127,35,24,0,0,0,15,0,0,71,2,0,0,0,1,0,24,2,41,4,0,4,71,3,75,239,46.9,71,33.8,0.75
"07010100010460003300","070101000104600033 , Callao,Callao,Callao,Centro Poblado: Callao,Mza: 033","033",23,25,5,12,0,0,0,0,0,0,13,1,2,0,1,0,0,0,0,12,1,0,3,13,3,14,48,47.9,13,0,1
"07010100010460003400","070101000104600034 , Callao,Callao,Callao,Centro Poblado: Callao,Mza: 034","034",23,30,0,18,0,0,0,0,0,0,17,0,0,0,1,0,0,4,1,11,1,0,4,17,3,17,53,43.4,17,23.5,0.75
"07010100010460003500","070101000104600035 , Callao,Callao,Callao,Centro Poblado: Callao,Mza: 035","035",24,23,2,16,0,0,0,0,0,0,15,0,0,0,3,0,0,2,1,12,0,0,4,15,3,16,47,51.1,15,13.3,0.75
"07010100010460003600","070101000104600036 , Callao,Callao,Callao,Centro Poblado: Callao,Mza: 036","036",28,29,18,0,0,0,0,0,0,0,18,0,0,0,0,0,0,4,0,14,0,0,3,18,3,18,57,49.1,18,22.2,1
"07010100010460003700","070101000104600037 , Callao,Callao,Callao,Centro Poblado: Callao,Mza: 037","037",66,71,42,0,0,0,0,0,0,0,36,3,1,0,2,0,0,3,5,28,0,0,4,36,4,37,137,48.2,36,8.3,1
"07010100010460003900","070101000104600039 , Callao,Callao,Callao,Centro Poblado: Callao,Mza: 039","039",49,45,22,4,0,0,0,0,0,0,24,2,0,0,0,0,0,8,6,10,0,0,3,24,4,24,94,52.1,24,33.3,1.33
"07010100010460004000","070101000104600040 , Callao,Callao,Callao,Centro Poblado: Callao,Mza: 040","040",22,34,12,3,0,0,0,0,0,0,14,1,0,0,0,0,0,1,2,11,0,0,4,14,4,14,56,39.3,14,7.1,1
"07010100010460004100","070101000104600041 , Callao,Callao,Callao,Centro Poblado: Callao,Mza: 041","041",19,21,10,0,0,0,0,0,0,0,8,1,1,0,0,0,0,4,1,3,0,0,4,8,5,8,40,47.5,8,50,1.25
"07010100010460004200","070101000104600042 , Callao,Callao,Callao,Centro Poblado: Callao,Mza: 042","042",35,31,4,19,0,0,0,0,0,0,18,2,0,1,2,0,0,4,5,8,1,0,3,18,4,18,66,53,18,22.2,1.33
"07010100010460004301","070101000104600043A, Callao,Callao,Callao,Centro Poblado: Callao,Mza: 043A","043A",29,26,0,15,0,0,0,0,0,0,15,0,0,0,0,0,0,1,3,11,0,0,4,15,4,15,55,52.7,15,6.7,1
"07010100010460004302","070101000104600043B, Callao,Callao,Callao,Centro Poblado: Callao,Mza: 043B","043B",17,19,0,13,0,0,0,0,0,0,12,0,0,1,0,0,0,4,1,4,3,0,3,12,3,12,36,47.2,12,33.3,1
"07010100010460004303","070101000104600043C, Callao,Callao,Callao,Centro Poblado: Callao,Mza: 043C","043C",21,27,2,13,0,0,0,0,0,0,15,0,0,0,0,0,0,2,3,10,0,0,3,15,3,15,48,43.8,15,13.3,1
"07010100010460004600","070101000104600046 , Callao,Callao,Callao,Centro Poblado: Callao,Mza: 046","046",26,28,0,19,0,0,0,0,0,0,17,1,0,0,1,0,0,4,2,11,0,0,3,17,3,17,54,48.1,17,23.5,1
"07010100010460004700","070101000104600047 , Callao,Callao,Callao,Centro Poblado: Callao,Mza: 047","047",26,38,6,12,0,0,0,0,0,0,18,0,0,0,0,0,0,7,0,10,1,0,3,18,3,21,64,40.6,18,38.9,1
"07010100010460004800","070101000104600048 , Callao,Callao,Callao,Centro Poblado: Callao,Mza: 048","048",21,23,0,18,0,0,0,0,0,0,15,1,2,0,0,0,0,4,4,7,0,0,2,15,3,15,44,47.7,15,26.7,1.5
"07010100010460004900","070101000104600049 , Callao,Callao,Callao,Centro Poblado: Callao,Mza: 049","049",95,96,7,40,0,0,1,0,0,0,45,2,0,0,0,0,0,7,7,28,3,0,4,45,4,50,191,49.7,45,15.6,1
"07010100010460005000","070101000104600050 , Callao,Callao,Callao,Centro Poblado: Callao,Mza: 050","050",93,90,40,3,0,0,0,0,0,0,40,3,0,0,0,0,0,9,5,23,3,0,4,40,4,46,183,50.8,40,22.5,1
"07010100010460005100","070101000104600051 , Callao,Callao,Callao,Centro Poblado: Callao,Mza: 051","051",54,62,32,6,0,0,0,0,0,0,34,2,0,0,2,0,0,5,4,22,3,0,5,34,3,39,116,46.6,34,14.7,0.6
"07010100010460005200","070101000104600052 , Callao,Callao,Callao,Centro Poblado: Callao,Mza: 052","052",57,57,26,11,0,0,0,0,0,0,37,0,0,0,0,0,0,8,4,23,2,0,4,37,3,39,114,50,37,21.6,0.75
"07010100010460005600","070101000104600056 , Callao,Callao,Callao,Centro Poblado: Callao,Mza: 056","056",38,39,8,16,0,0,0,0,0,0,23,1,0,0,0,0,0,6,5,10,2,0,4,23,3,23,77,49.4,23,26.1,0.75
"07010100010460088888","0701010001046008888, Callao,Callao,Callao,Centro Poblado: Callao,Mza: 8888","8888",71,49,20,0,0,0,3,0,0,0,17,0,0,0,3,0,0,4,1,10,2,0,3,17,2,20,120,59.2,17,23.5,0.67
"07010100010470000100","070101000104700001 , Callao,Callao,Callao,Centro Poblado: Callao,Mza: 001","001",46,44,18,0,0,0,0,0,0,0,16,0,1,0,1,0,0,2,0,13,1,0,5,16,4,24,90,51.1,16,12.5,0.8
"07010100010470000200","070101000104700002 , Callao,Callao,Callao,Centro Poblado: Callao,Mza: 002","002",39,30,18,0,0,0,0,0,0,0,17,1,0,0,0,0,0,2,0,15,0,0,3,17,4,18,69,56.5,17,11.8,1.33
"07010100010470000300","070101000104700003 , Callao,Callao,Callao,Centro Poblado: Callao,Mza: 003","003",38,46,22,0,0,0,0,0,0,0,17,2,1,2,0,0,0,1,3,10,3,0,3,17,5,18,84,45.2,17,5.9,1.67
"07010100010470000500","070101000104700005 , Callao,Callao,Callao,Centro Poblado: Callao,Mza: 005","005",60,62,23,0,0,0,0,0,0,0,22,1,0,0,0,0,0,0,0,21,1,0,5,22,4,31,122,49.2,22,0,0.8
"07010100010470000600","070101000104700006 , Callao,Callao,Callao,Centro Poblado: Callao,Mza: 006","006",64,66,33,0,0,0,0,0,0,0,33,0,0,0,0,0,0,6,1,23,3,0,3,33,4,34,130,49.2,33,18.2,1.33
"07010100010470000700","070101000104700007 , Callao,Callao,Callao,Centro Poblado: Callao,Mza: 007","007",68,74,29,0,0,0,0,0,0,0,29,0,0,0,0,0,0,1,8,15,5,0,4,29,4,34,142,47.9,29,3.4,1
"07010100010470000800","070101000104700008 , Callao,Callao,Callao,Centro Poblado: Callao,Mza: 008","008",38,41,16,0,0,0,0,0,0,0,16,0,0,0,0,0,0,0,7,9,0,0,4,16,3,24,79,48.1,16,0,0.75
"07010100010470000900","070101000104700009 , Callao,Callao,Callao,Centro Poblado: Callao,Mza: 009","009",62,66,4,22,0,0,0,0,0,0,24,1,1,0,0,0,0,1,5,18,0,0,4,24,4,32,128,48.4,24,4.2,1
"07010100010470001000","070101000104700010 , Callao,Callao,Callao,Centro Poblado: Callao,Mza: 010","010",80,72,32,0,0,0,0,0,0,0,32,0,0,0,0,0,0,0,0,28,4,0,4,32,4,42,152,52.6,32,0,1
"07010100010470001100","070101000104700011 , Callao,Callao,Callao,Centro Poblado: Callao,Mza: 011","011",83,73,18,0,0,0,0,0,0,0,17,1,0,0,0,0,0,2,1,14,0,0,4,17,4,38,156,53.2,17,11.8,1
"07010100010470001201","070101000104700012A, Callao,Callao,Callao,Centro Poblado: Callao,Mza: 012A","012A",37,45,16,0,0,0,0,0,0,0,15,0,0,0,0,1,0,1,3,11,0,0,4,15,4,21,82,45.1,15,6.7,1
"07010100010470001500","070101000104700015 , Callao,Callao,Callao,Centro Poblado: Callao,Mza: 015","015",39,42,17,0,0,0,0,0,0,0,16,0,0,0,0,0,1,2,1,12,1,0,5,16,4,21,81,48.1,16,12.5,0.8
"07010100010470001701","070101000104700017A, Callao,Callao,Callao,Centro Poblado: Callao,Mza: 017A","017A",50,55,19,4,0,0,0,0,0,0,22,0,0,0,1,0,0,6,4,10,2,0,3,22,4,26,105,47.6,22,27.3,1.33
"07010100010470001800","070101000104700018 , Callao,Callao,Callao,Centro Poblado: Callao,Mza: 018","018",80,70,29,0,0,0,0,0,0,0,29,0,0,0,0,0,0,2,8,13,6,0,5,29,5,32,150,53.3,29,6.9,1
"07010100010470001900","070101000104700019 , Callao,Callao,Callao,Centro Poblado: Callao,Mza: 019","019",66,70,30,0,0,0,0,0,0,0,30,0,0,0,0,0,0,4,3,21,2,0,4,30,5,30,136,48.5,30,13.3,1.25
"07010100010470002000","070101000104700020 , Callao,Callao,Callao,Centro Poblado: Callao,Mza: 020","020",45,54,25,2,0,0,0,0,0,0,26,1,0,0,0,0,0,6,0,18,2,0,5,26,4,28,99,45.5,26,23.1,0.8
"07010100010470002100","070101000104700021 , Callao,Callao,Callao,Centro Poblado: Callao,Mza: 021","021",32,45,21,3,0,0,0,0,0,0,23,0,0,0,0,0,1,1,8,12,2,0,4,23,3,24,77,41.6,23,4.3,0.75
"07010100010470002200","070101000104700022 , Callao,Callao,Callao,Centro Poblado: Callao,Mza: 022","022",37,45,26,0,0,0,0,0,0,0,25,1,0,0,0,0,0,3,5,10,7,0,4,25,3,26,82,45.1,25,12,0.75
"07010100010470002300","070101000104700023 , Callao,Callao,Callao,Centro Poblado: Callao,Mza: 023","023",35,50,11,0,6,0,0,0,0,0,17,0,0,0,0,0,0,1,10,0,6,0,3,17,5,17,85,41.2,17,5.9,1.67
"07010100010470002400","070101000104700024 , Callao,Callao,Callao,Centro Poblado: Callao,Mza: 024","024",32,33,15,0,0,0,0,0,0,0,15,0,0,0,0,0,0,1,2,8,4,0,4,15,3,19,65,49.2,15,6.7,0.75
"07010100010470002500","070101000104700025 , Callao,Callao,Callao,Centro Poblado: Callao,Mza: 025","025",32,34,16,0,0,0,0,0,0,0,14,1,1,0,0,0,0,0,13,1,0,0,4,14,4,15,66,48.5,14,0,1
"07010100010470002600","070101000104700026 , Callao,Callao,Callao,Centro Poblado: Callao,Mza: 026","026",25,36,17,0,0,0,0,0,0,0,14,0,0,3,0,0,0,0,12,0,2,0,2,14,4,15,61,41,14,0,2
"07010100010470002700","070101000104700027 , Callao,Callao,Callao,Centro Poblado: Callao,Mza: 027","027",38,42,24,0,0,0,0,0,0,0,19,2,1,1,1,0,0,0,17,2,0,0,3,19,4,19,80,47.5,19,0,1.33
"07010100010470002800","070101000104700028 , Callao,Callao,Callao,Centro Poblado: Callao,Mza: 028","028",67,60,39,0,0,0,0,0,0,0,32,3,3,1,0,0,0,1,29,2,0,0,2,32,4,34,127,52.8,32,3.1,2
"07010100010470002900","070101000104700029 , Callao,Callao,Callao,Centro Poblado: Callao,Mza: 029","029",31,37,4,15,0,0,0,0,0,0,15,0,4,0,0,0,0,3,0,12,0,0,4,15,4,17,68,45.6,15,20,1
"07010100010470003000","070101000104700030 , Callao,Callao,Callao,Centro Poblado: Callao,Mza: 030","030",26,31,0,18,0,0,0,0,0,0,17,1,0,0,0,0,0,0,1,16,0,0,4,17,3,18,57,45.6,17,0,0.75
"07010100010470003100","070101000104700031 , Callao,Callao,Callao,Centro Poblado: Callao,Mza: 031","031",36,33,18,0,0,0,0,0,0,0,18,0,0,0,0,0,0,2,1,14,1,0,4,18,4,19,69,52.2,18,11.1,1
"07010100010470003200","070101000104700032 , Callao,Callao,Callao,Centro Poblado: Callao,Mza: 032","032",38,36,0,18,0,0,0,0,0,0,18,0,0,0,0,0,0,2,13,3,0,0,3,18,4,18,74,51.4,18,11.1,1.33
"07010100010470003300","070101000104700033 , Callao,Callao,Callao,Centro Poblado: Callao,Mza: 033","033",24,40,12,7,0,0,0,0,0,0,17,0,0,0,1,0,1,1,1,14,1,0,5,17,4,18,64,37.5,17,5.9,0.8
"07010100010470003400","070101000104700034 , Callao,Callao,Callao,Centro Poblado: Callao,Mza: 034","034",31,36,0,19,0,0,0,0,0,0,17,2,0,0,0,0,0,6,2,9,0,0,5,17,4,19,67,46.3,17,35.3,0.8
"07010100010470003500","070101000104700035 , Callao,Callao,Callao,Centro Poblado: Callao,Mza: 035","035",34,42,16,2,0,0,0,0,0,0,16,2,0,0,0,0,0,1,1,13,1,0,4,16,5,16,76,44.7,16,6.2,1.25
"07010100010470003600","070101000104700036 , Callao,Callao,Callao,Centro Poblado: Callao,Mza: 036","036",33,43,7,11,0,0,0,0,0,0,17,0,0,0,0,0,1,2,2,13,0,0,3,17,4,17,76,43.4,17,11.8,1.33
"07010100010470004000","070101000104700040 , Callao,Callao,Callao,Centro Poblado: Callao,Mza: 040","040",91,81,39,4,2,0,0,0,0,0,40,4,1,0,0,0,0,5,8,25,2,0,4,40,4,47,172,52.9,40,12.5,1
"07010100010470004100","070101000104700041 , Callao,Callao,Callao,Centro Poblado: Callao,Mza: 041","041",45,41,23,3,0,0,0,0,0,0,23,2,0,0,1,0,0,2,5,11,5,0,4,23,3,26,86,52.3,23,8.7,0.75
"07010100010470004200","070101000104700042 , Callao,Callao,Callao,Centro Poblado: Callao,Mza: 042","042",49,61,2,24,0,0,0,0,0,0,25,1,0,0,0,0,0,5,3,16,1,0,3,25,4,26,110,44.5,25,20,1.33
"07010100010470004300","070101000104700043 , Callao,Callao,Callao,Centro Poblado: Callao,Mza: 043","043",87,100,39,2,0,0,0,0,0,0,39,2,0,0,0,0,0,9,9,20,1,0,4,39,4,50,187,46.5,39,23.1,1
"07010100010470004400","070101000104700044 , Callao,Callao,Callao,Centro Poblado: Callao,Mza: 044","044",72,88,40,0,0,0,0,0,0,0,39,0,0,0,1,0,0,4,19,12,4,0,4,39,3,49,160,45,39,10.3,0.75
"07010100010470004500","070101000104700045 , Callao,Callao,Callao,Centro Poblado: Callao,Mza: 045","045",65,82,22,4,8,0,0,0,0,0,32,2,0,0,0,0,0,5,6,18,3,0,4,32,3,44,147,44.2,32,15.6,0.75
"07010100010470004600","070101000104700046 , Callao,Callao,Callao,Centro Poblado: Callao,Mza: 046","046",107,87,41,3,0,0,0,0,0,0,40,1,0,0,0,0,3,12,10,17,1,0,4,40,4,45,194,55.2,40,30,1
"07010100010470004700","070101000104700047 , Callao,Callao,Callao,Centro Poblado: Callao,Mza: 047","047",97,83,43,0,0,0,0,0,0,0,42,1,0,0,0,0,0,2,6,31,3,0,4,42,4,43,180,53.9,42,4.8,1
"07010100010470004800","070101000104700048 , Callao,Callao,Callao,Centro Poblado: Callao,Mza: 048","048",95,96,43,0,0,0,0,0,0,0,42,0,0,0,1,0,0,5,17,17,3,0,4,42,4,46,191,49.7,42,11.9,1
"07010100010470004900","070101000104700049 , Callao,Callao,Callao,Centro Poblado: Callao,Mza: 049","049",66,58,18,21,0,0,0,0,0,0,35,2,0,1,0,1,0,4,7,22,2,0,4,35,4,35,124,53.2,35,11.4,1
"07010100010470005000","070101000104700050 , Callao,Callao,Callao,Centro Poblado: Callao,Mza: 050","050",92,83,36,0,0,0,0,0,0,0,35,0,0,0,1,0,0,5,5,25,0,0,4,35,3,52,175,52.6,35,14.3,0.75
"07010100010470005100","070101000104700051 , Callao,Callao,Callao,Centro Poblado: Callao,Mza: 051","051",31,32,20,0,0,0,0,0,0,0,20,0,0,0,0,0,0,7,0,7,6,0,3,20,3,20,63,49.2,20,35,1
"07010100010470005401","070101000104700054A, Callao,Callao,Callao,Centro Poblado: Callao,Mza: 054A","054A",63,79,37,0,0,0,0,0,0,0,34,0,0,0,3,0,0,5,8,21,0,0,4,34,4,36,142,44.4,34,14.7,1
"07010100010470005501","070101000104700055A, Callao,Callao,Callao,Centro Poblado: Callao,Mza: 055A","055A",54,70,26,14,0,0,0,0,0,0,38,0,0,2,0,0,0,7,7,21,3,0,3,38,3,38,124,43.5,38,18.4,1
"07010100010470005800","070101000104700058 , Callao,Callao,Callao,Centro Poblado: Callao,Mza: 058","058",45,68,32,0,0,0,0,0,0,0,31,1,0,0,0,0,0,4,3,20,4,0,4,31,3,35,113,39.8,31,12.9,0.75
"07010100010470005900","070101000104700059 , Callao,Callao,Callao,Centro Poblado: Callao,Mza: 059","059",55,59,21,7,0,0,0,0,0,0,28,0,0,0,0,0,0,6,3,19,0,0,4,28,3,33,114,48.2,28,21.4,0.75
"07010100010470006000","070101000104700060 , Callao,Callao,Callao,Centro Poblado: Callao,Mza: 060","060",43,61,24,0,0,0,0,0,0,0,24,0,0,0,0,0,0,2,3,18,1,0,4,24,4,29,104,41.3,24,8.3,1
"07010100010480000100","070101000104800001 , Callao,Callao,Callao,Centro Poblado: Callao,Mza: 001","001",48,60,43,0,0,0,0,0,0,0,31,0,0,2,10,0,0,10,5,15,1,0,3,31,3,32,108,44.4,31,32.3,1
"07010100010480000200","070101000104800002 , Callao,Callao,Callao,Centro Poblado: Callao,Mza: 002","002",45,52,29,0,0,0,0,0,0,0,24,0,0,0,4,0,1,5,5,14,0,0,4,24,3,28,97,46.4,24,20.8,0.75
"07010100010480000300","070101000104800003 , Callao,Callao,Callao,Centro Poblado: Callao,Mza: 003","003",92,96,52,4,2,0,0,3,0,0,53,2,2,1,3,0,0,16,4,30,3,0,4,53,3,54,188,48.9,53,30.2,0.75
"07010100010480000400","070101000104800004 , Callao,Callao,Callao,Centro Poblado: Callao,Mza: 004","004",91,94,56,7,0,0,0,3,0,0,59,6,1,0,0,0,0,26,1,28,4,0,4,59,3,61,185,49.2,59,44.1,0.75
"07010100010480000500","070101000104800005 , Callao,Callao,Callao,Centro Poblado: Callao,Mza: 005","005",42,43,18,0,0,0,0,5,0,0,23,0,0,0,0,0,0,4,1,11,7,0,4,23,4,23,85,49.4,23,17.4,1
"07010100010480000700","070101000104800007 , Callao,Callao,Callao,Centro Poblado: Callao,Mza: 007","007",51,61,28,7,0,0,0,2,0,0,35,2,0,0,0,0,0,10,2,23,0,0,5,35,3,37,112,45.5,35,28.6,0.6
"07010100010480000800","070101000104800008 , Callao,Callao,Callao,Centro Poblado: Callao,Mza: 008","008",24,24,14,0,0,0,0,0,0,0,11,1,1,0,1,0,0,4,0,7,0,0,6,11,4,13,48,50,11,36.4,0.67
"07010100010480001000","070101000104800010 , Callao,Callao,Callao,Centro Poblado: Callao,Mza: 010","010",100,110,39,0,4,0,2,0,0,0,41,1,0,0,0,0,1,12,2,25,2,0,3,41,3,46,210,47.6,41,29.3,1
"07010100010480001100","070101000104800011 , Callao,Callao,Callao,Centro Poblado: Callao,Mza: 011","011",107,113,55,19,0,0,0,0,0,0,62,1,6,0,3,2,0,23,2,35,1,1,4,62,3,72,220,48.6,62,37.1,0.75
"07010100010480001200","070101000104800012 , Callao,Callao,Callao,Centro Poblado: Callao,Mza: 012","012",79,89,47,14,0,0,0,4,1,0,47,2,11,0,2,0,4,18,7,22,0,0,4,47,4,48,168,47,47,38.3,1
"07010100010480001300","070101000104800013 , Callao,Callao,Callao,Centro Poblado: Callao,Mza: 013","013",94,125,63,13,0,0,0,2,0,0,62,6,2,3,5,0,0,21,7,30,4,0,4,62,3,70,219,42.9,62,33.9,0.75
"07010100010480001400","070101000104800014 , Callao,Callao,Callao,Centro Poblado: Callao,Mza: 014","014",83,75,55,4,0,0,0,0,0,0,42,2,8,3,0,1,3,9,4,29,0,0,4,42,3,47,158,52.5,42,21.4,0.75
"07010100010480001500","070101000104800015 , Callao,Callao,Callao,Centro Poblado: Callao,Mza: 015","015",91,126,41,12,0,0,1,0,0,0,48,2,3,0,0,0,0,11,7,21,9,0,4,48,3,54,217,41.9,48,22.9,0.75
"07010100010480001600","070101000104800016 , Callao,Callao,Callao,Centro Poblado: Callao,Mza: 016","016",42,52,33,8,0,0,0,0,0,0,31,3,1,2,0,0,4,8,5,18,0,0,4,31,3,31,94,44.7,31,25.8,0.75
"07010100010480001700","070101000104800017 , Callao,Callao,Callao,Centro Poblado: Callao,Mza: 017","017",30,23,21,5,0,0,0,0,0,0,20,1,3,1,0,0,1,9,0,11,0,0,2,20,3,20,53,56.6,20,45,1.5
"07010100010480001800","070101000104800018 , Callao,Callao,Callao,Centro Poblado: Callao,Mza: 018","018",69,92,12,17,0,0,0,15,0,0,44,0,0,0,0,0,0,7,3,34,0,0,4,44,4,44,161,42.9,44,15.9,1
"07010100010480001900","070101000104800019 , Callao,Callao,Callao,Centro Poblado: Callao,Mza: 019","019",34,32,21,0,0,0,0,0,0,0,17,1,0,1,2,0,0,1,1,14,1,0,5,17,3,20,66,51.5,17,5.9,0.6
"07010100010480002000","070101000104800020 , Callao,Callao,Callao,Centro Poblado: Callao,Mza: 020","020",263,292,115,0,0,0,0,0,0,0,109,5,0,0,1,0,0,12,16,65,16,0,4,109,4,135,555,47.4,109,11,1
"07010100010480002100","070101000104800021 , Callao,Callao,Callao,Centro Poblado: Callao,Mza: 021","021",22,37,13,0,0,0,0,0,0,0,13,0,0,0,0,0,0,0,0,13,0,0,3,13,5,13,59,37.3,13,0,1.67
"07010100010480002200","070101000104800022 , Callao,Callao,Callao,Centro Poblado: Callao,Mza: 022","022",236,287,104,5,11,0,0,4,0,0,122,2,0,0,0,0,0,22,30,66,4,0,3,122,4,139,523,45.1,122,18,1.33
"07010100010480002400","070101000104800024 , Callao,Callao,Callao,Centro Poblado: Callao,Mza: 024","024",72,87,29,0,0,0,0,0,0,0,29,0,0,0,0,0,0,1,2,20,6,0,5,29,4,40,159,45.3,29,3.4,0.8
"07010100010480002600","070101000104800026 , Callao,Callao,Callao,Centro Poblado: Callao,Mza: 026","026",60,61,25,0,0,0,0,0,0,0,25,0,0,0,0,0,0,6,2,10,7,0,4,25,4,34,121,49.6,25,24,1
"07010100010480002700","070101000104800027 , Callao,Callao,Callao,Centro Poblado: Callao,Mza: 027","027",92,110,28,2,0,0,0,3,0,0,32,1,0,0,0,0,0,4,1,15,12,0,5,32,4,45,202,45.5,32,12.5,0.8
"07010100010480002800","070101000104800028 , Callao,Callao,Callao,Centro Poblado: Callao,Mza: 028","028",76,84,35,1,0,0,0,0,0,0,31,1,2,1,1,0,0,3,6,16,6,0,4,31,4,39,160,47.5,31,9.7,1
"07010100010480002900","070101000104800029 , Callao,Callao,Callao,Centro Poblado: Callao,Mza: 029","029",40,55,20,3,0,0,0,0,0,0,21,2,0,0,0,0,0,4,1,11,5,0,4,21,4,24,95,42.1,21,19,1
"07010100010480003000","070101000104800030 , Callao,Callao,Callao,Centro Poblado: Callao,Mza: 030","030",71,71,37,5,0,0,0,0,0,0,41,0,0,0,1,0,0,6,3,30,2,0,3,41,3,45,142,50,41,14.6,1
"07010100010480003100","070101000104800031 , Callao,Callao,Callao,Centro Poblado: Callao,Mza: 031","031",65,77,31,2,0,0,0,0,0,0,33,0,0,0,0,0,0,3,6,23,1,0,3,33,4,36,142,45.8,33,9.1,1.33
"07010100010480003301","070101000104800033A, Callao,Callao,Callao,Centro Poblado: Callao,Mza: 033A","033A",29,34,11,0,0,0,0,0,0,0,11,0,0,0,0,0,0,2,4,4,1,0,4,11,5,12,63,46,11,18.2,1.25
"07010100010480003400","070101000104800034 , Callao,Callao,Callao,Centro Poblado: Callao,Mza: 034","034",134,154,43,27,0,0,0,0,0,0,70,0,0,0,0,0,0,29,6,26,9,0,3,70,3,94,288,46.5,70,41.4,1
"07010100010480003500","070101000104800035 , Callao,Callao,Callao,Centro Poblado: Callao,Mza: 035","035",27,39,21,0,0,0,0,0,0,0,20,1,0,0,0,0,0,1,3,14,2,0,4,20,3,20,66,40.9,20,5,0.75
"07010100010480003600","070101000104800036 , Callao,Callao,Callao,Centro Poblado: Callao,Mza: 036","036",97,105,49,12,0,0,0,0,0,0,59,1,1,0,0,0,0,13,5,41,0,0,4,59,3,59,202,48,59,22,0.75
"07010100010480003701","070101000104800037A, Callao,Callao,Callao,Centro Poblado: Callao,Mza: 037A","037A",450,485,117,138,0,0,0,3,0,0,235,16,2,1,3,0,1,44,41,135,15,0,4,235,4,253,935,48.1,235,18.7,1
"07010100010480003800","070101000104800038 , Callao,Callao,Callao,Centro Poblado: Callao,Mza: 038","038",150,161,75,5,0,0,0,0,0,0,80,0,0,0,0,0,0,19,10,44,5,2,3,80,4,85,311,48.2,80,23.8,1.33
"07010100010480004100","070101000104800041 , Callao,Callao,Callao,Centro Poblado: Callao,Mza: 041","041",135,177,66,9,0,0,0,4,0,0,79,0,0,0,0,0,0,21,4,49,4,1,3,79,4,81,312,43.3,79,26.6,1.33
"07010100010480004200","070101000104800042 , Callao,Callao,Callao,Centro Poblado: Callao,Mza: 042","042",118,116,47,18,0,0,0,0,0,0,63,1,0,0,1,0,0,24,3,26,10,0,3,63,4,63,234,50.4,63,38.1,1.33
"07010100010480004300","070101000104800043 , Callao,Callao,Callao,Centro Poblado: Callao,Mza: 043","043",147,159,72,10,0,0,0,0,0,0,76,4,0,1,1,0,0,14,5,51,6,0,4,76,4,80,306,48,76,18.4,1
"07010100010480004400","070101000104800044 , Callao,Callao,Callao,Centro Poblado: Callao,Mza: 044","044",23,33,12,2,0,0,0,0,0,0,13,1,0,0,0,0,0,2,3,8,0,0,5,13,4,14,56,41.1,13,15.4,0.8
"07010100010480004500","070101000104800045 , Callao,Callao,Callao,Centro Poblado: Callao,Mza: 045","045",99,124,48,8,0,0,0,0,0,0,54,0,1,0,1,0,0,10,2,41,1,0,4,54,4,60,223,44.4,54,18.5,1
"07010100010480004700","070101000104800047 , Callao,Callao,Callao,Centro Poblado: Callao,Mza: 047","047",105,117,45,8,0,0,0,0,0,0,52,1,0,0,0,0,0,8,3,38,3,0,4,52,4,58,222,47.3,52,15.4,1
"07010100010480004900","070101000104800049 , Callao,Callao,Callao,Centro Poblado: Callao,Mza: 049","049",128,156,56,4,0,0,0,0,0,0,60,0,0,0,0,0,0,9,11,35,5,0,4,60,4,65,284,45.1,60,15,1
"07010100010480005000","070101000104800050 , Callao,Callao,Callao,Centro Poblado: Callao,Mza: 050","050",31,45,20,0,0,0,0,0,0,0,20,0,0,0,0,0,0,1,2,12,5,0,4,20,4,20,76,40.8,20,5,1
"07010100010480005100","070101000104800051 , Callao,Callao,Callao,Centro Poblado: Callao,Mza: 051","051",140,175,76,12,0,0,0,0,0,0,86,0,2,0,0,0,0,13,11,46,16,0,2,86,3,91,315,44.4,86,15.1,1.5
"07010100010480005200","070101000104800052 , Callao,Callao,Callao,Centro Poblado: Callao,Mza: 052","052",102,117,55,0,0,0,0,0,0,0,55,0,0,0,0,0,0,14,4,31,6,0,3,55,4,58,219,46.6,55,25.5,1.33
"07010100010480005300","070101000104800053 , Callao,Callao,Callao,Centro Poblado: Callao,Mza: 053","053",95,116,41,8,0,0,0,0,0,0,49,0,0,0,0,0,0,8,4,32,4,1,3,49,4,49,211,45,49,16.3,1.33
"07010100010480005400","070101000104800054 , Callao,Callao,Callao,Centro Poblado: Callao,Mza: 054","054",88,90,46,0,0,0,0,0,0,0,46,0,0,0,0,0,0,0,3,42,1,0,3,46,4,46,178,49.4,46,0,1.33
"07010100010480005500","070101000104800055 , Callao,Callao,Callao,Centro Poblado: Callao,Mza: 055","055",99,114,58,4,0,0,0,0,0,0,59,3,0,0,0,0,0,7,7,31,14,0,3,59,4,60,213,46.5,59,11.9,1.33
"07010100010480005601","070101000104800056A, Callao,Callao,Callao,Centro Poblado: Callao,Mza: 056A","056A",63,83,40,0,0,0,0,0,0,0,40,0,0,0,0,0,0,5,12,23,0,0,3,40,4,40,146,43.2,40,12.5,1.33
"07010100010480005800","070101000104800058 , Callao,Callao,Callao,Centro Poblado: Callao,Mza: 058","058",124,121,44,1,2,0,1,2,0,0,47,1,1,0,0,0,0,9,2,33,3,0,4,47,5,49,245,50.6,47,19.1,1.25
"07010100010490000100","070101000104900001 , Callao,Callao,Callao,Centro Poblado: Callao,Mza: 001","001",325,374,8,236,0,0,1,0,0,0,222,15,2,2,2,0,1,29,112,80,1,0,3,222,3,223,699,46.5,222,13.1,1
"07010100010490000400","070101000104900004 , Callao,Callao,Callao,Centro Poblado: Callao,Mza: 004","004",113,133,37,28,0,0,0,0,0,0,53,1,0,0,0,0,11,17,7,23,6,0,4,53,4,67,246,45.9,53,32.1,1
"07010100010490000500","070101000104900005 , Callao,Callao,Callao,Centro Poblado: Callao,Mza: 005","005",91,84,35,18,0,0,0,0,1,0,51,1,2,0,0,0,0,29,3,15,4,0,3,51,3,52,175,52,51,56.9,1
"07010100010490000600","070101000104900006 , Callao,Callao,Callao,Centro Poblado: Callao,Mza: 006","006",66,70,27,5,0,0,0,0,0,0,29,1,2,0,0,0,0,5,13,9,2,0,4,29,5,29,136,48.5,29,17.2,1.25
"07010100010490000700","070101000104900007 , Callao,Callao,Callao,Centro Poblado: Callao,Mza: 007","007",65,81,29,4,0,0,0,0,0,0,32,1,0,0,0,0,0,5,6,16,5,0,3,32,5,32,146,44.5,32,15.6,1.67
"07010100010490000800","070101000104900008 , Callao,Callao,Callao,Centro Poblado: Callao,Mza: 008","008",132,122,44,2,0,0,0,0,0,0,41,1,4,0,0,0,0,11,1,26,3,0,4,41,6,41,254,52,41,26.8,1.5
"07010100010490000900","070101000104900009 , Callao,Callao,Callao,Centro Poblado: Callao,Mza: 009","009",34,37,10,1,0,0,0,0,0,0,11,0,0,0,0,0,0,2,0,9,0,0,4,11,4,18,71,47.9,11,18.2,1
"07010100010490001100","070101000104900011 , Callao,Callao,Callao,Centro Poblado: Callao,Mza: 011","011",84,66,21,0,0,0,0,0,0,0,21,0,0,0,0,0,0,1,1,18,1,0,4,21,5,31,150,56,21,4.8,1.25
"07010100010490001200","070101000104900012 , Callao,Callao,Callao,Centro Poblado: Callao,Mza: 012","012",118,112,48,10,0,0,0,0,0,0,52,4,0,0,2,0,0,12,12,23,5,0,3,52,4,59,230,51.3,52,23.1,1.33
"07010100010490001300","070101000104900013 , Callao,Callao,Callao,Centro Poblado: Callao,Mza: 013","013",75,72,35,2,0,0,0,0,0,0,34,0,3,0,0,0,0,11,3,20,0,0,3,34,4,35,147,51,34,32.4,1.33
"07010100010490001400","070101000104900014 , Callao,Callao,Callao,Centro Poblado: Callao,Mza: 014","014",92,90,40,11,0,0,0,0,0,0,40,1,10,0,0,0,0,5,20,12,3,0,3,40,5,40,182,50.5,40,12.5,1.67
"07010100010490001600","070101000104900016 , Callao,Callao,Callao,Centro Poblado: Callao,Mza: 016","016",91,102,40,5,0,0,0,0,0,0,41,1,3,0,0,0,0,12,5,20,4,0,4,41,4,44,193,47.2,41,29.3,1
"07010100010490001700","070101000104900017 , Callao,Callao,Callao,Centro Poblado: Callao,Mza: 017","017",73,61,28,0,0,0,0,0,0,0,27,1,0,0,0,0,0,8,7,9,3,0,3,27,5,27,134,54.5,27,29.6,1.67
"07010100010490001800","070101000104900018 , Callao,Callao,Callao,Centro Poblado: Callao,Mza: 018","018",26,30,14,0,0,0,0,0,0,0,12,2,0,0,0,0,0,0,0,7,5,0,3,12,3,17,56,46.4,12,0,1
"07010100010490001900","070101000104900019 , Callao,Callao,Callao,Centro Poblado: Callao,Mza: 019","019",84,91,42,0,0,0,0,0,0,0,39,1,2,0,0,0,0,10,4,21,4,0,3,39,4,40,175,48,39,25.6,1.33
"07010100010490002000","070101000104900020 , Callao,Callao,Callao,Centro Poblado: Callao,Mza: 020","020",28,21,7,0,0,0,0,0,0,0,7,0,0,0,0,0,0,0,0,7,0,0,4,7,7,7,49,57.1,7,0,1.75
"07010100010490002100","070101000104900021 , Callao,Callao,Callao,Centro Poblado: Callao,Mza: 021","021",112,106,56,0,0,0,0,0,0,0,54,2,0,0,0,0,0,7,8,27,12,0,3,54,4,61,218,51.4,54,13,1.33
"07010100010490002300","070101000104900023 , Callao,Callao,Callao,Centro Poblado: Callao,Mza: 023","023",58,66,27,0,0,0,0,0,0,0,24,1,2,0,0,0,0,5,3,12,3,1,5,24,4,29,124,46.8,24,20.8,0.8
"07010100010490002400","070101000104900024 , Callao,Callao,Callao,Centro Poblado: Callao,Mza: 024","024",36,52,23,0,0,0,0,0,0,0,23,0,0,0,0,0,0,3,0,20,0,0,4,23,4,24,88,40.9,23,13,1
"07010100010490002500","070101000104900025 , Callao,Callao,Callao,Centro Poblado: Callao,Mza: 025","025",53,51,20,0,0,0,0,0,0,0,19,1,0,0,0,0,0,4,1,10,4,0,4,19,4,25,104,51,19,21.1,1
"07010100010490002700","070101000104900027 , Callao,Callao,Callao,Centro Poblado: Callao,Mza: 027","027",22,28,14,0,0,0,0,0,0,0,13,0,1,0,0,0,0,1,3,7,2,0,3,13,4,13,50,44,13,7.7,1.33
"07010100010490002800","070101000104900028 , Callao,Callao,Callao,Centro Poblado: Callao,Mza: 028","028",89,98,32,0,0,0,0,0,0,0,32,0,0,0,0,0,0,3,1,28,0,0,5,32,5,37,187,47.6,32,9.4,1
"07010100010490002900","070101000104900029 , Callao,Callao,Callao,Centro Poblado: Callao,Mza: 029","029",30,42,34,0,0,0,0,0,0,0,20,1,12,1,0,0,0,0,4,13,3,0,3,20,3,21,72,41.7,20,0,1
"07010100010490003000","070101000104900030 , Callao,Callao,Callao,Centro Poblado: Callao,Mza: 030","030",33,43,24,0,0,0,0,0,0,0,21,1,1,0,0,1,0,8,1,12,0,0,4,21,4,21,76,43.4,21,38.1,1
"07010100010490003100","070101000104900031 , Callao,Callao,Callao,Centro Poblado: Callao,Mza: 031","031",305,309,98,0,0,0,0,2,0,0,93,5,0,0,2,0,0,8,12,66,6,1,4,93,4,139,614,49.7,93,8.6,1
"07010100010490003101","070101000104900031A, Callao,Callao,Callao,Centro Poblado: Callao,Mza: 031A","031A",69,88,36,4,0,0,0,0,0,0,38,1,1,0,0,0,0,13,2,20,3,0,3,38,4,43,157,43.9,38,34.2,1.33
"07010100010490003102","070101000104900031B, Callao,Callao,Callao,Centro Poblado: Callao,Mza: 031B","031B",82,80,21,4,0,0,0,0,0,0,25,0,0,0,0,0,0,0,2,18,5,0,4,25,4,39,162,50.6,25,0,1
"07010100010490003200","070101000104900032 , Callao,Callao,Callao,Centro Poblado: Callao,Mza: 032","032",34,42,0,22,0,0,0,0,0,0,19,2,1,0,0,0,0,6,0,13,0,0,3,19,4,20,76,44.7,19,31.6,1.33
"07010100010490003300","070101000104900033 , Callao,Callao,Callao,Centro Poblado: Callao,Mza: 033","033",29,27,0,18,0,0,0,0,0,0,14,1,3,0,0,0,0,5,1,8,0,0,3,14,4,15,56,51.8,14,35.7,1.33
"07010100010490003400","070101000104900034 , Callao,Callao,Callao,Centro Poblado: Callao,Mza: 034","034",25,25,0,17,0,0,0,0,0,0,13,1,3,0,0,0,0,0,0,13,0,0,3,13,4,13,50,50,13,0,1.33
"07010100010490003600","070101000104900036 , Callao,Callao,Callao,Centro Poblado: Callao,Mza: 036","036",24,29,0,13,0,0,0,0,0,0,13,0,0,0,0,0,0,4,1,8,0,0,3,13,4,13,53,45.3,13,30.8,1.33
"07010100010490003701","070101000104900037A, Callao,Callao,Callao,Centro Poblado: Callao,Mza: 037A","037A",54,67,0,38,0,0,0,0,0,0,36,2,0,0,0,0,0,8,3,22,3,0,4,36,3,36,121,44.6,36,22.2,0.75
"07010100010490003900","070101000104900039 , Callao,Callao,Callao,Centro Poblado: Callao,Mza: 039","039",77,83,44,0,0,0,0,0,0,0,43,0,0,0,1,0,0,6,11,26,0,0,4,43,3,49,160,48.1,43,14,0.75
"07010100010490004100","070101000104900041 , Callao,Callao,Callao,Centro Poblado: Callao,Mza: 041","041",99,116,26,35,0,0,0,0,0,0,57,2,1,0,1,0,0,33,6,14,4,0,3,57,4,58,215,46,57,57.9,1.33
"07010100010490004200","070101000104900042 , Callao,Callao,Callao,Centro Poblado: Callao,Mza: 042","042",42,43,30,0,0,0,0,0,0,0,28,0,2,0,0,0,0,14,4,10,0,0,3,28,3,28,85,49.4,28,50,1
"07010100010490004400","070101000104900044 , Callao,Callao,Callao,Centro Poblado: Callao,Mza: 044","044",47,44,23,0,0,0,0,0,0,0,23,0,0,0,0,0,0,3,3,16,1,0,4,23,4,25,91,51.6,23,13,1
"07010100010490004500","070101000104900045 , Callao,Callao,Callao,Centro Poblado: Callao,Mza: 045","045",31,35,10,5,1,0,0,0,0,0,16,0,0,0,0,0,0,4,1,10,1,0,3,16,4,16,66,47,16,25,1.33
"07010100010490004700","070101000104900047 , Callao,Callao,Callao,Centro Poblado: Callao,Mza: 047","047",26,35,14,4,0,0,0,0,0,0,18,0,0,0,0,0,0,4,4,9,1,0,3,18,3,18,61,42.6,18,22.2,1
"07010100010490004800","070101000104900048 , Callao,Callao,Callao,Centro Poblado: Callao,Mza: 048","048",18,17,20,0,0,0,0,0,0,0,11,0,9,0,0,0,0,2,1,8,0,0,3,11,3,11,35,51.4,11,18.2,1
"07010100010490004900","070101000104900049 , Callao,Callao,Callao,Centro Poblado: Callao,Mza: 049","049",34,48,25,0,0,0,0,0,0,0,22,1,2,0,0,0,0,7,7,5,3,0,4,22,3,24,82,41.5,22,31.8,0.75
"07010100010490005000","070101000104900050 , Callao,Callao,Callao,Centro Poblado: Callao,Mza: 050","050",140,145,51,26,0,0,0,0,0,0,71,5,0,1,0,0,0,39,2,28,2,0,3,71,3,91,285,49.1,71,54.9,1
"07010100010490005100","070101000104900051 , Callao,Callao,Callao,Centro Poblado: Callao,Mza: 051","051",53,59,27,1,0,0,0,0,0,0,26,2,0,0,0,0,0,13,3,9,1,0,3,26,4,31,112,47.3,26,50,1.33
"07010100010490005200","070101000104900052 , Callao,Callao,Callao,Centro Poblado: Callao,Mza: 052","052",65,76,21,0,0,0,0,0,0,0,19,1,0,0,0,0,1,6,5,7,1,0,4,19,4,36,141,46.1,19,31.6,1
"07010100010490005400","070101000104900054 , Callao,Callao,Callao,Centro Poblado: Callao,Mza: 054","054",51,60,36,0,0,0,0,0,0,0,33,1,0,0,1,0,1,17,4,10,2,0,3,33,3,34,111,45.9,33,51.5,1
"07010100010490005500","070101000104900055 , Callao,Callao,Callao,Centro Poblado: Callao,Mza: 055","055",62,72,27,8,0,0,0,0,0,0,34,1,0,0,0,0,0,13,2,14,5,0,3,34,4,35,134,46.3,34,38.2,1.33
"07010100010490088888","0701010001049008888, Callao,Callao,Callao,Centro Poblado: Callao,Mza: 8888","8888",14,11,1,7,0,0,0,0,0,0,7,1,0,0,0,0,0,3,0,3,1,0,4,7,3,8,25,56,7,42.9,0.75
"07010100010500000301","070101000105000003A, Callao,Callao,Callao,Centro Poblado: Callao,Mza: 003A","003A",317,335,112,4,4,0,0,17,0,0,131,4,1,0,0,1,0,23,21,71,16,0,4,131,4,155,652,48.6,131,17.6,1
"07010100010500000703","070101000105000007C, Callao,Callao,Callao,Centro Poblado: Callao,Mza: 007C","007C",69,67,25,6,0,0,1,0,0,0,29,2,0,0,0,0,0,6,15,7,1,0,3,29,4,31,136,50.7,29,20.7,1.33
"07010100010500000801","070101000105000008A, Callao,Callao,Callao,Centro Poblado: Callao,Mza: 008A","008A",122,134,51,1,0,0,0,0,0,0,45,3,1,1,1,1,0,10,10,21,4,0,4,45,4,66,256,47.7,45,22.2,1
"07010100010500000900","070101000105000009 , Callao,Callao,Callao,Centro Poblado: Callao,Mza: 009","009",91,101,46,7,0,0,0,0,0,0,45,6,1,0,1,0,0,10,14,17,4,0,4,45,4,46,192,47.4,45,22.2,1
"07010100010500001000","070101000105000010 , Callao,Callao,Callao,Centro Poblado: Callao,Mza: 010","010",53,41,22,5,0,0,0,0,0,0,25,0,0,0,1,1,0,4,8,13,0,0,5,25,3,30,94,56.4,25,16,0.6
"07010100010500001100","070101000105000011 , Callao,Callao,Callao,Centro Poblado: Callao,Mza: 011","011",872,965,80,456,0,0,0,0,0,0,478,28,22,4,2,0,2,118,280,77,3,0,3,478,4,486,1837,47.5,478,24.7,1.33
"07010100010500001200","070101000105000012 , Callao,Callao,Callao,Centro Poblado: Callao,Mza: 012","012",98,113,45,0,0,0,1,0,0,0,45,0,0,0,0,0,0,11,4,17,13,0,4,45,4,47,211,46.4,45,24.4,1
"07010100010500001300","070101000105000013 , Callao,Callao,Callao,Centro Poblado: Callao,Mza: 013","013",79,80,26,15,0,0,0,0,0,0,38,0,0,0,3,0,0,18,5,14,1,0,3,38,4,38,159,49.7,38,47.4,1.33
"07010100010500001400","070101000105000014 , Callao,Callao,Callao,Centro Poblado: Callao,Mza: 014","014",32,21,11,0,0,0,0,0,0,0,10,0,0,0,1,0,0,5,0,5,0,0,6,10,4,15,53,60.4,10,50,0.67
"07010100010500001600","070101000105000016 , Callao,Callao,Callao,Centro Poblado: Callao,Mza: 016","016",37,50,24,0,0,0,0,0,0,0,23,1,0,0,0,0,0,7,0,11,5,0,3,23,4,23,87,42.5,23,30.4,1.33
"07010100010500001800","070101000105000018 , Callao,Callao,Callao,Centro Poblado: Callao,Mza: 018","018",50,60,24,0,0,0,0,0,0,0,22,1,0,0,0,1,0,4,2,12,4,0,4,22,4,26,110,45.5,22,18.2,1
"07010100010500001900","070101000105000019 , Callao,Callao,Callao,Centro Poblado: Callao,Mza: 019","019",56,58,20,4,0,0,0,0,0,0,23,1,0,0,0,0,0,1,8,12,2,0,4,23,4,26,114,49.1,23,4.3,1
"07010100010500002000","070101000105000020 , Callao,Callao,Callao,Centro Poblado: Callao,Mza: 020","020",104,116,36,7,0,0,0,0,0,0,41,1,0,0,1,0,0,12,0,25,4,0,4,41,4,50,220,47.3,41,29.3,1
"07010100010500002100","070101000105000021 , Callao,Callao,Callao,Centro Poblado: Callao,Mza: 021","021",66,54,22,8,0,0,0,0,0,0,29,0,0,0,1,0,0,15,4,9,1,0,3,29,4,33,120,55,29,51.7,1.33
"07010100010500002200","070101000105000022 , Callao,Callao,Callao,Centro Poblado: Callao,Mza: 022","022",61,80,32,7,0,0,0,0,0,0,35,1,0,0,3,0,0,14,7,12,2,0,4,35,4,38,141,43.3,35,40,1
"07010100010500002300","070101000105000023 , Callao,Callao,Callao,Centro Poblado: Callao,Mza: 023","023",90,93,39,0,0,0,0,0,1,0,36,3,0,0,1,0,0,4,1,29,2,0,5,36,4,46,183,49.2,36,11.1,0.8
"07010100010500002400","070101000105000024 , Callao,Callao,Callao,Centro Poblado: Callao,Mza: 024","024",137,136,60,2,0,0,0,0,0,0,62,0,0,0,0,0,0,15,10,33,4,0,4,62,4,76,273,50.2,62,24.2,1
"07010100010500002500","070101000105000025 , Callao,Callao,Callao,Centro Poblado: Callao,Mza: 025","025",97,118,46,0,0,0,0,0,0,0,42,2,2,0,0,0,0,23,9,8,2,0,4,42,4,56,215,45.1,42,54.8,1
"07010100010500002602","070101000105000026B, Callao,Callao,Callao,Centro Poblado: Callao,Mza: 026B","026B",43,55,21,0,0,0,0,0,0,0,20,1,0,0,0,0,0,9,5,6,0,0,4,20,4,22,98,43.9,20,45,1
"07010100010500003000","070101000105000030 , Callao,Callao,Callao,Centro Poblado: Callao,Mza: 030","030",87,86,40,1,0,0,0,0,0,0,41,0,0,0,0,0,0,11,3,25,2,0,4,41,4,47,173,50.3,41,26.8,1
"07010100010500003100","070101000105000031 , Callao,Callao,Callao,Centro Poblado: Callao,Mza: 031","031",108,119,32,7,0,0,0,0,0,0,39,0,0,0,0,0,0,11,6,20,2,0,5,39,4,59,227,47.6,39,28.2,0.8
"07010100010500003200","070101000105000032 , Callao,Callao,Callao,Centro Poblado: Callao,Mza: 032","032",46,76,29,2,0,0,0,0,0,0,31,0,0,0,0,0,0,22,1,8,0,0,3,31,3,41,122,37.7,31,71,1
"07010100010500003300","070101000105000033 , Callao,Callao,Callao,Centro Poblado: Callao,Mza: 033","033",34,44,20,0,0,0,0,0,0,0,20,0,0,0,0,0,0,3,0,15,2,0,4,20,4,22,78,43.6,20,15,1
"07010100010500003400","070101000105000034 , Callao,Callao,Callao,Centro Poblado: Callao,Mza: 034","034",124,127,34,9,0,0,0,0,0,0,42,0,0,0,1,0,0,20,3,18,1,0,4,42,4,63,251,49.4,42,47.6,1
"07010100010500003500","070101000105000035 , Callao,Callao,Callao,Centro Poblado: Callao,Mza: 035","035",184,216,76,6,0,0,0,4,0,0,85,0,0,0,1,0,0,20,6,57,2,0,3,85,3,115,400,46,85,23.5,1
"07010100010500003600","070101000105000036 , Callao,Callao,Callao,Centro Poblado: Callao,Mza: 036","036",110,121,42,3,0,0,1,0,0,0,44,1,0,0,0,0,0,16,2,24,2,0,3,44,4,49,231,47.6,44,36.4,1.33
"07010100010500003700","070101000105000037 , Callao,Callao,Callao,Centro Poblado: Callao,Mza: 037","037",116,90,34,3,0,0,0,0,0,0,35,0,0,0,2,0,0,6,3,25,1,0,4,35,4,48,206,56.3,35,17.1,1
"07010100010500003800","070101000105000038 , Callao,Callao,Callao,Centro Poblado: Callao,Mza: 038","038",89,86,17,12,12,0,0,0,0,0,41,0,0,0,0,0,0,5,1,30,5,0,3,41,4,41,175,50.9,41,12.2,1.33
"07010100010500003900","070101000105000039 , Callao,Callao,Callao,Centro Poblado: Callao,Mza: 039","039",93,101,51,2,0,0,0,0,0,0,50,3,0,0,0,0,0,16,11,20,2,1,4,50,3,58,194,47.9,50,32,0.75
"07010100010500004000","070101000105000040 , Callao,Callao,Callao,Centro Poblado: Callao,Mza: 040","040",123,116,52,0,0,0,0,0,0,0,51,1,0,0,0,0,0,4,3,38,6,0,4,51,4,62,239,51.5,51,7.8,1
"07010100010500004100","070101000105000041 , Callao,Callao,Callao,Centro Poblado: Callao,Mza: 041","041",112,107,50,4,0,0,1,0,0,0,51,1,0,0,1,1,0,11,8,20,12,0,4,51,4,58,219,51.1,51,21.6,1
"07010100010500004300","070101000105000043 , Callao,Callao,Callao,Centro Poblado: Callao,Mza: 043","043",78,93,26,14,0,0,2,0,0,0,36,2,2,0,0,0,0,14,3,18,1,0,4,36,4,43,171,45.6,36,38.9,1
"07010100010500004400","070101000105000044 , Callao,Callao,Callao,Centro Poblado: Callao,Mza: 044","044",85,105,38,2,0,0,3,0,0,0,34,3,0,0,1,1,1,8,6,19,1,0,4,34,3,45,190,44.7,34,23.5,0.75
"07010100010500004500","070101000105000045 , Callao,Callao,Callao,Centro Poblado: Callao,Mza: 045","045",86,107,35,0,0,0,0,0,0,0,34,0,0,0,1,0,0,12,1,19,2,0,5,34,4,55,193,44.6,34,35.3,0.8
"07010100010500004600","070101000105000046 , Callao,Callao,Callao,Centro Poblado: Callao,Mza: 046","046",70,82,33,0,0,0,1,0,0,0,31,1,0,0,1,0,0,5,0,22,4,0,4,31,4,38,152,46.1,31,16.1,1
"07010100010500004700","070101000105000047 , Callao,Callao,Callao,Centro Poblado: Callao,Mza: 047","047",63,74,32,0,0,0,0,0,0,0,27,1,3,0,0,1,0,8,2,16,1,0,4,27,4,36,137,46,27,29.6,1
"07010100010500004800","070101000105000048 , Callao,Callao,Callao,Centro Poblado: Callao,Mza: 048","048",66,65,40,0,0,0,0,0,0,0,32,1,5,0,2,0,0,6,4,19,3,0,4,32,4,33,131,50.4,32,18.8,1
"07010100010500004900","070101000105000049 , Callao,Callao,Callao,Centro Poblado: Callao,Mza: 049","049",87,87,35,12,0,0,0,0,0,0,46,1,0,0,0,0,0,26,0,18,2,0,3,46,4,48,174,50,46,56.5,1.33
"07010100010500005100","070101000105000051 , Callao,Callao,Callao,Centro Poblado: Callao,Mza: 051","051",145,150,44,15,0,0,0,0,0,0,59,0,0,0,0,0,0,27,3,26,3,0,3,59,4,76,295,49.2,59,45.8,1.33
"07010100010500005200","070101000105000052 , Callao,Callao,Callao,Centro Poblado: Callao,Mza: 052","052",140,150,57,5,0,0,0,0,0,0,62,0,0,0,0,0,0,22,9,27,4,0,4,62,4,69,290,48.3,62,35.5,1
"07010100010500088888","0701010001050008888, Callao,Callao,Callao,Centro Poblado: Callao,Mza: 8888","8888",11,7,5,0,0,0,0,0,1,0,6,0,0,0,0,0,0,1,1,0,4,0,3,6,3,7,18,61.1,6,16.7,1
"07010100010510000100","070101000105100001 , Callao,Callao,Callao,Centro Poblado: Callao,Mza: 001","001",118,138,47,20,11,0,0,13,0,0,78,3,7,0,1,0,2,31,6,37,4,0,3,78,3,80,256,46.1,78,39.7,1
"07010100010510000300","070101000105100003 , Callao,Callao,Callao,Centro Poblado: Callao,Mza: 003","003",161,16,5,148,0,0,2,0,5,0,158,0,0,0,0,0,0,34,1,1,122,0,3,158,1,160,177,91,158,21.5,0.33
"07010100010510000400","070101000105100004 , Callao,Callao,Callao,Centro Poblado: Callao,Mza: 004","004",127,122,57,4,0,0,0,0,0,0,57,3,0,1,0,0,0,7,19,23,8,0,3,57,4,61,249,51,57,12.3,1.33
"07010100010510000600","070101000105100006 , Callao,Callao,Callao,Centro Poblado: Callao,Mza: 006","006",98,84,38,6,2,1,0,2,0,0,45,2,0,1,0,1,0,10,16,17,2,0,3,45,4,51,182,53.8,45,22.2,1.33
"07010100010510000700","070101000105100007 , Callao,Callao,Callao,Centro Poblado: Callao,Mza: 007","007",123,135,52,2,0,0,0,0,0,0,51,2,0,0,1,0,0,6,10,28,5,2,4,51,4,71,258,47.7,51,11.8,1
"07010100010510000900","070101000105100009 , Callao,Callao,Callao,Centro Poblado: Callao,Mza: 009","009",144,147,45,32,2,0,0,0,0,0,77,0,0,0,2,0,0,45,8,20,4,0,3,77,4,81,291,49.5,77,58.4,1.33
"07010100010510001000","070101000105100010 , Callao,Callao,Callao,Centro Poblado: Callao,Mza: 010","010",210,204,86,15,2,0,0,14,0,0,90,4,22,0,1,0,0,13,23,45,9,0,3,90,4,117,414,50.7,90,14.4,1.33
"07010100010510001100","070101000105100011 , Callao,Callao,Callao,Centro Poblado: Callao,Mza: 011","011",179,208,75,7,0,0,0,0,0,0,78,3,0,0,0,1,0,14,31,29,4,0,4,78,4,99,387,46.3,78,17.9,1
"07010100010510001200","070101000105100012 , Callao,Callao,Callao,Centro Poblado: Callao,Mza: 012","012",145,201,75,24,0,0,0,0,0,0,92,6,0,1,0,0,0,22,17,43,10,0,3,92,4,98,346,41.9,92,23.9,1.33
"07010100010510001300","070101000105100013 , Callao,Callao,Callao,Centro Poblado: Callao,Mza: 013","013",172,213,92,7,3,0,0,9,0,0,103,5,1,0,1,0,1,18,31,47,7,0,3,103,3,125,385,44.7,103,17.5,1
"07010100010510001400","070101000105100014 , Callao,Callao,Callao,Centro Poblado: Callao,Mza: 014","014",162,192,70,21,2,0,0,1,0,0,91,3,0,0,0,0,0,27,14,40,10,0,3,91,3,103,354,45.8,91,29.7,1
"07010100010510001500","070101000105100015 , Callao,Callao,Callao,Centro Poblado: Callao,Mza: 015","015",124,172,55,32,0,0,0,0,1,0,79,7,0,0,2,0,0,13,23,27,16,0,3,79,4,81,296,41.9,79,16.5,1.33
"07010100010510001700","070101000105100017 , Callao,Callao,Callao,Centro Poblado: Callao,Mza: 017","017",157,202,85,6,1,0,0,3,0,0,91,1,0,1,2,0,0,21,19,31,20,0,3,91,4,97,359,43.7,91,23.1,1.33
"07010100010510001800","070101000105100018 , Callao,Callao,Callao,Centro Poblado: Callao,Mza: 018","018",182,199,80,5,0,0,0,0,0,0,83,2,0,0,0,0,0,16,25,39,3,0,4,83,4,86,381,47.8,83,19.3,1
"07010100010510002000","070101000105100020 , Callao,Callao,Callao,Centro Poblado: Callao,Mza: 020","020",183,176,76,6,6,0,0,0,0,0,85,0,0,1,2,0,0,25,19,39,2,0,4,85,4,89,359,51,85,29.4,1
"07010100010510002100","070101000105100021 , Callao,Callao,Callao,Centro Poblado: Callao,Mza: 021","021",196,169,76,0,0,0,0,0,0,0,72,2,2,0,0,0,0,6,28,31,7,0,4,72,5,80,365,53.7,72,8.3,1.25
"07010100010510002300","070101000105100023 , Callao,Callao,Callao,Centro Poblado: Callao,Mza: 023","023",158,178,75,10,0,0,0,0,0,0,80,5,0,0,0,0,0,3,17,39,21,0,3,80,4,81,336,47,80,3.8,1.33
"07010100010510002500","070101000105100025 , Callao,Callao,Callao,Centro Poblado: Callao,Mza: 025","025",312,354,140,8,0,0,0,10,0,0,150,6,0,0,1,0,1,22,33,81,14,0,4,150,4,157,666,46.8,150,14.7,1
"07010100010510002600","070101000105100026 , Callao,Callao,Callao,Centro Poblado: Callao,Mza: 026","026",94,101,42,2,18,0,0,0,0,0,51,2,4,0,4,1,0,20,17,10,4,0,3,51,3,56,195,48.2,51,39.2,1
"07010100010510002800","070101000105100028 , Callao,Callao,Callao,Centro Poblado: Callao,Mza: 028","028",71,58,31,6,0,0,0,0,0,0,31,0,3,1,1,1,0,6,6,13,6,0,4,31,4,35,129,55,31,19.4,1
"07010100010510002900","070101000105100029 , Callao,Callao,Callao,Centro Poblado: Callao,Mza: 029","029",82,70,43,0,0,0,0,0,0,0,40,3,0,0,0,0,0,4,12,24,0,0,3,40,4,42,152,53.9,40,10,1.33
"07010100010510003000","070101000105100030 , Callao,Callao,Callao,Centro Poblado: Callao,Mza: 030","030",69,85,43,0,0,0,0,0,0,0,42,1,0,0,0,0,0,8,5,24,5,0,4,42,4,43,154,44.8,42,19,1
"07010100010510003100","070101000105100031 , Callao,Callao,Callao,Centro Poblado: Callao,Mza: 031","031",231,293,109,15,3,0,0,12,0,0,134,5,0,0,0,0,0,22,38,67,7,0,3,134,4,137,524,44.1,134,16.4,1.33
"07010100010510003302","070101000105100033B, Callao,Callao,Callao,Centro Poblado: Callao,Mza: 033B","033B",640,690,242,24,3,0,0,82,5,0,326,11,0,2,15,2,0,82,44,173,24,3,3,326,3,386,1330,48.1,326,25.2,1
"07010100010510003500","070101000105100035 , Callao,Callao,Callao,Centro Poblado: Callao,Mza: 035","035",53,45,21,0,0,0,0,0,0,0,20,0,0,0,0,1,0,0,0,19,1,0,3,20,4,22,98,54.1,20,0,1.33
"07010100010510003600","070101000105100036 , Callao,Callao,Callao,Centro Poblado: Callao,Mza: 036","036",101,125,39,14,0,0,0,0,0,0,53,0,0,0,0,0,0,19,9,23,2,0,3,53,4,64,226,44.7,53,35.8,1.33
"07010100010510003800","070101000105100038 , Callao,Callao,Callao,Centro Poblado: Callao,Mza: 038","038",162,179,61,22,0,0,0,0,0,0,81,2,0,0,0,0,0,27,6,44,4,0,4,81,3,101,341,47.5,81,33.3,0.75
"07010100010510003900","070101000105100039 , Callao,Callao,Callao,Centro Poblado: Callao,Mza: 039","039",116,132,47,17,0,0,0,0,0,0,62,1,0,0,1,0,0,20,11,27,4,0,3,62,4,66,248,46.8,62,32.3,1.33
"07010100010510004000","070101000105100040 , Callao,Callao,Callao,Centro Poblado: Callao,Mza: 040","040",16,22,9,2,0,0,0,0,0,0,9,0,2,0,0,0,0,3,4,0,2,0,3,9,3,12,38,42.1,9,33.3,1
"07010100010510004100","070101000105100041 , Callao,Callao,Callao,Centro Poblado: Callao,Mza: 041","041",45,53,26,0,0,0,0,0,0,0,20,2,3,0,0,0,1,1,3,14,2,0,4,20,4,28,98,45.9,20,5,1
"07010100010510004200","070101000105100042 , Callao,Callao,Callao,Centro Poblado: Callao,Mza: 042","042",121,130,48,3,0,0,0,0,0,0,46,3,2,0,0,0,0,8,0,35,3,0,5,46,4,69,251,48.2,46,17.4,0.8
"07010100010510004300","070101000105100043 , Callao,Callao,Callao,Centro Poblado: Callao,Mza: 043","043",61,84,33,0,0,0,1,0,0,0,33,0,0,0,0,0,0,1,1,29,1,1,4,33,3,40,145,42.1,33,3,0.75
"07010100010510004403","070101000105100044C, Callao,Callao,Callao,Centro Poblado: Callao,Mza: 044C","044C",44,49,35,2,0,0,0,0,0,0,35,0,2,0,0,0,0,7,2,18,8,0,3,35,3,36,93,47.3,35,20,1
"07010100010510004500","070101000105100045 , Callao,Callao,Callao,Centro Poblado: Callao,Mza: 045","045",122,152,50,0,0,0,0,0,0,0,50,0,0,0,0,0,0,2,6,37,4,1,4,50,4,63,274,44.5,50,4,1
"07010100010510004700","070101000105100047 , Callao,Callao,Callao,Centro Poblado: Callao,Mza: 047","047",41,58,17,3,0,0,0,0,0,0,18,0,0,0,1,0,1,4,4,10,0,0,5,18,3,29,99,41.4,18,22.2,0.6
"07010100010510004900","070101000105100049 , Callao,Callao,Callao,Centro Poblado: Callao,Mza: 049","049",54,51,23,0,0,0,0,0,0,0,22,0,0,0,0,0,1,4,1,13,4,0,5,22,4,29,105,51.4,22,18.2,0.8
"07010100010510005000","070101000105100050 , Callao,Callao,Callao,Centro Poblado: Callao,Mza: 050","050",67,52,32,0,0,0,0,0,0,0,30,2,0,0,0,0,0,5,1,18,6,0,4,30,4,31,119,56.3,30,16.7,1
"07010100010510005100","070101000105100051 , Callao,Callao,Callao,Centro Poblado: Callao,Mza: 051","051",86,87,28,7,0,0,0,0,0,0,33,2,0,0,0,0,0,5,4,22,2,0,4,33,5,36,173,49.7,33,15.2,1.25
"07010100010510005200","070101000105100052 , Callao,Callao,Callao,Centro Poblado: Callao,Mza: 052","052",139,180,58,4,0,0,0,0,0,0,60,2,0,0,0,0,0,7,9,41,3,0,4,60,4,73,319,43.6,60,11.7,1
"07010100010510005300","070101000105100053 , Callao,Callao,Callao,Centro Poblado: Callao,Mza: 053","053",39,45,20,4,0,0,0,0,0,0,24,0,0,0,0,0,0,6,5,12,1,0,4,24,3,25,84,46.4,24,25,0.75
"07010100010510005400","070101000105100054 , Callao,Callao,Callao,Centro Poblado: Callao,Mza: 054","054",21,38,17,0,0,0,0,0,0,0,17,0,0,0,0,0,0,7,3,7,0,0,4,17,3,17,59,35.6,17,41.2,0.75
"07010100010510005500","070101000105100055 , Callao,Callao,Callao,Centro Poblado: Callao,Mza: 055","055",51,52,27,0,0,0,0,0,0,0,27,0,0,0,0,0,0,5,2,20,0,0,4,27,4,29,103,49.5,27,18.5,1
"07010100010510005600","070101000105100056 , Callao,Callao,Callao,Centro Poblado: Callao,Mza: 056","056",84,96,37,15,0,0,0,0,0,0,52,0,0,0,0,0,0,22,2,28,0,0,3,52,3,54,180,46.7,52,42.3,1
"07010100010510005702","070101000105100057B, Callao,Callao,Callao,Centro Poblado: Callao,Mza: 057B","057B",32,39,10,17,0,0,0,0,0,0,27,0,0,0,0,0,0,19,2,4,2,0,2,27,3,27,71,45.1,27,70.4,1.5
"07010100010510005703","070101000105100057C, Callao,Callao,Callao,Centro Poblado: Callao,Mza: 057C","057C",25,26,7,3,0,0,0,0,0,0,10,0,0,0,0,0,0,4,2,4,0,0,3,10,5,11,51,49,10,40,1.67
"07010100010510005800","070101000105100058 , Callao,Callao,Callao,Centro Poblado: Callao,Mza: 058","058",117,118,48,21,0,0,0,0,0,0,64,1,1,0,0,0,3,25,5,22,12,0,3,64,4,64,235,49.8,64,39.1,1.33
"07010100010510005900","070101000105100059 , Callao,Callao,Callao,Centro Poblado: Callao,Mza: 059","059",107,102,31,33,0,0,0,0,0,0,58,4,0,1,0,1,0,22,2,34,0,0,3,58,4,59,209,51.2,58,37.9,1.33
"07010100010510006000","070101000105100060 , Callao,Callao,Callao,Centro Poblado: Callao,Mza: 060","060",85,87,39,6,0,0,0,0,0,0,45,0,0,0,0,0,0,18,3,19,5,0,4,45,4,45,172,49.4,45,40,1
"07010100010510088888","0701010001051008888, Callao,Callao,Callao,Centro Poblado: Callao,Mza: 8888","8888",103,124,16,0,0,0,1,0,1,0,15,0,1,0,1,0,0,6,0,6,3,0,3,15,3,16,227,45.4,15,40,1
"07010100010520000100","070101000105200001 , Callao,Callao,Callao,Centro Poblado: Callao,Mza: 001","001",91,96,36,2,0,0,0,2,1,0,39,1,0,0,1,0,0,5,6,24,4,0,3,39,4,48,187,48.7,39,12.8,1.33
"07010100010520000200","070101000105200002 , Callao,Callao,Callao,Centro Poblado: Callao,Mza: 002","002",86,117,41,12,1,0,0,2,0,0,51,2,0,1,2,0,0,19,13,18,1,0,3,51,4,55,203,42.4,51,37.3,1.33
"07010100010520000300","070101000105200003 , Callao,Callao,Callao,Centro Poblado: Callao,Mza: 003","003",99,130,48,15,0,0,0,6,0,0,56,4,2,0,7,0,0,13,13,20,10,0,4,56,3,66,229,43.2,56,23.2,0.75
"07010100010520000400","070101000105200004 , Callao,Callao,Callao,Centro Poblado: Callao,Mza: 004","004",76,92,50,0,0,0,0,0,0,0,49,0,1,0,0,0,0,15,11,19,4,0,3,49,3,54,168,45.2,49,30.6,1
"07010100010520000500","070101000105200005 , Callao,Callao,Callao,Centro Poblado: Callao,Mza: 005","005",286,303,121,32,3,0,0,15,0,0,165,5,0,0,0,0,1,46,25,77,17,0,3,165,3,183,589,48.6,165,27.9,1
"07010100010520000700","070101000105200007 , Callao,Callao,Callao,Centro Poblado: Callao,Mza: 007","007",95,115,42,4,0,0,0,0,0,0,45,0,0,1,0,0,0,12,6,23,4,0,4,45,4,49,210,45.2,45,26.7,1
"07010100010520000800","070101000105200008 , Callao,Callao,Callao,Centro Poblado: Callao,Mza: 008","008",44,54,23,4,0,0,0,0,0,0,27,0,0,0,0,0,0,10,3,11,3,0,3,27,3,32,98,44.9,27,37,1
"07010100010520000900","070101000105200009 , Callao,Callao,Callao,Centro Poblado: Callao,Mza: 009","009",125,115,54,0,0,0,0,0,0,0,52,0,0,0,1,1,0,3,17,20,12,0,4,52,4,67,240,52.1,52,5.8,1
"07010100010520001100","070101000105200011 , Callao,Callao,Callao,Centro Poblado: Callao,Mza: 011","011",71,53,31,2,0,0,0,0,0,0,32,1,0,0,0,0,0,8,6,15,3,0,4,32,3,36,124,57.3,32,25,0.75
"07010100010520001200","070101000105200012 , Callao,Callao,Callao,Centro Poblado: Callao,Mza: 012","012",100,80,46,3,0,0,0,2,0,0,46,3,0,1,1,0,0,8,12,21,5,0,4,46,4,50,180,55.6,46,17.4,1
"07010100010520001400","070101000105200014 , Callao,Callao,Callao,Centro Poblado: Callao,Mza: 014","014",70,88,39,2,3,0,0,0,0,0,42,0,2,0,0,0,0,8,15,16,2,1,4,42,3,50,158,44.3,42,19,0.75
"07010100010520001500","070101000105200015 , Callao,Callao,Callao,Centro Poblado: Callao,Mza: 015","015",118,135,59,0,1,0,1,2,0,0,61,0,1,0,0,0,0,5,16,38,2,0,3,61,4,62,253,46.6,61,8.2,1.33
"07010100010520001601","070101000105200016A, Callao,Callao,Callao,Centro Poblado: Callao,Mza: 016A","016A",92,99,35,0,0,0,0,0,0,0,35,0,0,0,0,0,0,0,1,30,4,0,5,35,5,42,191,48.2,35,0,1
"07010100010520001900","070101000105200019 , Callao,Callao,Callao,Centro Poblado: Callao,Mza: 019","019",143,167,61,43,0,0,4,0,0,0,97,4,0,0,1,1,1,30,6,58,3,0,3,97,3,113,310,46.1,97,30.9,1
"07010100010520002000","070101000105200020 , Callao,Callao,Callao,Centro Poblado: Callao,Mza: 020","020",134,151,53,20,0,0,1,2,0,0,72,3,0,0,0,0,0,25,4,38,5,0,4,72,4,76,285,47,72,34.7,1
"07010100010520002100","070101000105200021 , Callao,Callao,Callao,Centro Poblado: Callao,Mza: 021","021",133,162,60,20,0,0,0,0,0,0,73,2,2,1,2,0,0,21,9,40,3,0,4,73,4,83,295,45.1,73,28.8,1
"07010100010520002200","070101000105200022 , Callao,Callao,Callao,Centro Poblado: Callao,Mza: 022","022",44,50,29,9,0,0,0,0,0,0,31,0,2,0,4,1,0,13,1,17,0,0,3,31,3,33,94,46.8,31,41.9,1
"07010100010520002400","070101000105200024 , Callao,Callao,Callao,Centro Poblado: Callao,Mza: 024","024",52,55,24,8,0,0,0,0,0,0,30,1,0,0,1,0,0,7,5,15,3,0,4,30,3,33,107,48.6,30,23.3,0.75
"07010100010520002500","070101000105200025 , Callao,Callao,Callao,Centro Poblado: Callao,Mza: 025","025",111,142,42,46,0,0,0,0,0,0,70,5,4,3,3,0,3,28,2,39,0,1,3,70,3,74,253,43.9,70,40,1
"07010100010520002600","070101000105200026 , Callao,Callao,Callao,Centro Poblado: Callao,Mza: 026","026",112,126,50,30,0,0,0,1,0,0,68,4,5,0,3,0,1,24,5,35,4,0,4,68,4,68,238,47.1,68,35.3,1
"07010100010520002701","070101000105200027A, Callao,Callao,Callao,Centro Poblado: Callao,Mza: 027A","027A",21,16,8,0,3,0,0,0,0,0,9,0,0,2,0,0,0,4,2,2,1,0,3,9,4,9,37,56.8,9,44.4,1.33
"07010100010520002800","070101000105200028 , Callao,Callao,Callao,Centro Poblado: Callao,Mza: 028","028",87,102,38,1,0,0,3,0,0,0,39,0,0,0,0,0,0,9,4,17,9,0,3,39,3,42,189,46,39,23.1,1
"07010100010520002900","070101000105200029 , Callao,Callao,Callao,Centro Poblado: Callao,Mza: 029","029",30,36,17,2,0,0,0,0,0,0,19,0,0,0,0,0,0,4,3,11,1,0,3,19,3,20,66,45.5,19,21.1,1
"07010100010520003000","070101000105200030 , Callao,Callao,Callao,Centro Poblado: Callao,Mza: 030","030",32,34,15,3,0,0,0,0,0,0,17,0,0,1,0,0,0,6,0,8,3,0,3,17,4,17,66,48.5,17,35.3,1.33
"07010100010520003100","070101000105200031 , Callao,Callao,Callao,Centro Poblado: Callao,Mza: 031","031",88,107,27,18,0,0,0,0,0,0,39,2,0,1,3,0,0,11,8,18,2,0,4,39,3,63,195,45.1,39,28.2,0.75
"07010100010520003200","070101000105200032 , Callao,Callao,Callao,Centro Poblado: Callao,Mza: 032","032",102,110,35,26,0,0,0,0,0,0,59,1,0,0,1,0,0,24,2,26,7,0,4,59,3,63,212,48.1,59,40.7,0.75
"07010100010520003300","070101000105200033 , Callao,Callao,Callao,Centro Poblado: Callao,Mza: 033","033",103,115,51,21,0,0,0,0,0,0,66,5,0,0,0,0,1,24,8,27,7,0,3,66,3,67,218,47.2,66,36.4,1
"07010100010520003400","070101000105200034 , Callao,Callao,Callao,Centro Poblado: Callao,Mza: 034","034",150,160,54,32,0,0,1,8,0,0,88,5,0,0,1,0,0,36,7,35,10,0,3,88,3,91,310,48.4,88,40.9,1
"07010100010520003500","070101000105200035 , Callao,Callao,Callao,Centro Poblado: Callao,Mza: 035","035",60,72,34,8,0,0,0,0,0,0,39,3,0,0,0,0,0,15,6,18,0,0,3,39,3,40,132,45.5,39,38.5,1
"07010100010520003600","070101000105200036 , Callao,Callao,Callao,Centro Poblado: Callao,Mza: 036","036",35,44,18,2,0,0,0,0,1,0,17,1,1,0,0,1,1,4,0,11,2,0,5,17,4,22,79,44.3,17,23.5,0.8
"07010100010520003800","070101000105200038 , Callao,Callao,Callao,Centro Poblado: Callao,Mza: 038","038",66,71,32,11,0,0,0,0,0,0,38,2,2,0,1,0,0,7,4,24,3,0,4,38,4,38,137,48.2,38,18.4,1
"07010100010520003900","070101000105200039 , Callao,Callao,Callao,Centro Poblado: Callao,Mza: 039","039",85,85,38,0,0,0,0,0,1,0,39,0,0,0,0,0,0,7,3,28,1,0,3,39,4,44,170,50,39,17.9,1.33
"07010100010520004000","070101000105200040 , Callao,Callao,Callao,Centro Poblado: Callao,Mza: 040","040",78,88,34,11,0,0,0,0,0,0,44,1,0,0,0,0,0,7,3,30,3,1,4,44,4,47,166,47,44,15.9,1
"07010100010520004100","070101000105200041 , Callao,Callao,Callao,Centro Poblado: Callao,Mza: 041","041",64,63,39,11,0,0,0,0,0,0,41,1,0,4,2,1,1,15,4,21,1,0,3,41,3,45,127,50.4,41,36.6,1
"07010100010520004200","070101000105200042 , Callao,Callao,Callao,Centro Poblado: Callao,Mza: 042","042",152,180,78,46,0,0,0,4,0,0,107,10,1,3,5,0,2,35,9,54,9,0,3,107,3,108,332,45.8,107,32.7,1
"07010100010520004302","070101000105200043B, Callao,Callao,Callao,Centro Poblado: Callao,Mza: 043B","043B",2476,2857,124,1658,0,0,0,0,0,0,1550,79,110,7,24,0,12,280,630,619,21,0,4,1550,3,1575,5333,46.4,1550,18.1,0.75
"07010100010520004303","070101000105200043C, Callao,Callao,Callao,Centro Poblado: Callao,Mza: 043C","043C",775,952,93,483,10,0,0,11,0,0,510,25,35,17,4,0,6,128,149,222,11,0,3,510,3,514,1727,44.9,510,25.1,1
"07010100010520004304","070101000105200043D, Callao,Callao,Callao,Centro Poblado: Callao,Mza: 043D","043D",604,698,12,427,0,0,0,0,0,0,378,19,32,2,5,0,3,96,88,193,1,0,3,378,3,379,1302,46.4,378,25.4,1
"07010100010520005500","070101000105200055 , Callao,Callao,Callao,Centro Poblado: Callao,Mza: 055","055",1779,2057,209,1286,25,0,1,32,0,0,1164,92,205,16,31,2,42,284,330,513,36,1,4,1164,3,1185,3836,46.4,1164,24.4,0.75
"07010100010520005600","070101000105200056 , Callao,Callao,Callao,Centro Poblado: Callao,Mza: 056","056",88,105,33,27,0,0,0,0,0,0,49,5,4,0,2,0,0,9,13,27,0,0,3,49,4,52,193,45.6,49,18.4,1.33
"07010100010520005700","070101000105200057 , Callao,Callao,Callao,Centro Poblado: Callao,Mza: 057","057",90,95,47,7,0,0,0,0,0,0,50,0,0,2,1,0,1,25,5,17,3,0,3,50,4,50,185,48.6,50,50,1.33
"07010100010520088888","0701010001052008888, Callao,Callao,Callao,Centro Poblado: Callao,Mza: 8888","8888",27,19,2,9,0,0,1,0,0,0,9,2,0,0,0,0,0,0,4,4,1,0,4,9,3,10,46,58.7,9,0,0.75
